ISO-10303-21;
HEADER;
/* Generated by software containing ST-Developer
 * from STEP Tools, Inc. (www.steptools.com) 
 */

FILE_DESCRIPTION(
/* description */ (''),
/* implementation_level */ '2;1');

FILE_NAME(
/* name */ 'buttons.step',
/* time_stamp */ '2026-07-17T15:32:17+02:00',
/* author */ (''),
/* organization */ (''),
/* preprocessor_version */ 'ST-DEVELOPER v20.1',
/* originating_system */ 'Autodesk Translation Framework v15.8.0.0',
/* authorisation */ '');

FILE_SCHEMA (('AUTOMOTIVE_DESIGN { 1 0 10303 214 3 1 1 }'));
ENDSEC;

DATA;
#10=MECHANICAL_DESIGN_GEOMETRIC_PRESENTATION_REPRESENTATION('',(#17,#18,
#19),#2466);
#11=SHAPE_REPRESENTATION_RELATIONSHIP('SRR','None',#2473,#12);
#12=ADVANCED_BREP_SHAPE_REPRESENTATION('',(#20,#21,#22),#2465);
#13=SPHERICAL_SURFACE('',#1401,2.);
#14=SPHERICAL_SURFACE('',#1406,2.);
#15=SPHERICAL_SURFACE('',#1411,2.);
#16=SPHERICAL_SURFACE('',#1413,2.);
#17=STYLED_ITEM('',(#2482),#20);
#18=STYLED_ITEM('',(#2482),#21);
#19=STYLED_ITEM('',(#2482),#22);
#20=MANIFOLD_SOLID_BREP('Body1',#1285);
#21=MANIFOLD_SOLID_BREP('Body2',#1286);
#22=MANIFOLD_SOLID_BREP('Body3',#1287);
#23=FACE_BOUND('',#406,.T.);
#24=FACE_BOUND('',#434,.T.);
#25=FACE_BOUND('',#462,.T.);
#26=PLANE('',#1317);
#27=PLANE('',#1320);
#28=PLANE('',#1323);
#29=PLANE('',#1324);
#30=PLANE('',#1331);
#31=PLANE('',#1334);
#32=PLANE('',#1337);
#33=PLANE('',#1340);
#34=PLANE('',#1343);
#35=PLANE('',#1345);
#36=PLANE('',#1347);
#37=PLANE('',#1364);
#38=PLANE('',#1367);
#39=PLANE('',#1370);
#40=PLANE('',#1371);
#41=PLANE('',#1378);
#42=PLANE('',#1381);
#43=PLANE('',#1384);
#44=PLANE('',#1387);
#45=PLANE('',#1390);
#46=PLANE('',#1392);
#47=PLANE('',#1394);
#48=PLANE('',#1417);
#49=PLANE('',#1420);
#50=PLANE('',#1421);
#51=PLANE('',#1422);
#52=PLANE('',#1429);
#53=PLANE('',#1432);
#54=PLANE('',#1435);
#55=PLANE('',#1438);
#56=PLANE('',#1441);
#57=PLANE('',#1442);
#58=PLANE('',#1444);
#59=LINE('',#1992,#167);
#60=LINE('',#1993,#168);
#61=LINE('',#1995,#169);
#62=LINE('',#1996,#170);
#63=LINE('',#1998,#171);
#64=LINE('',#1999,#172);
#65=LINE('',#2001,#173);
#66=LINE('',#2002,#174);
#67=LINE('',#2005,#175);
#68=LINE('',#2007,#176);
#69=LINE('',#2008,#177);
#70=LINE('',#2011,#178);
#71=LINE('',#2015,#179);
#72=LINE('',#2016,#180);
#73=LINE('',#2019,#181);
#74=LINE('',#2027,#182);
#75=LINE('',#2031,#183);
#76=LINE('',#2035,#184);
#77=LINE('',#2038,#185);
#78=LINE('',#2040,#186);
#79=LINE('',#2044,#187);
#80=LINE('',#2048,#188);
#81=LINE('',#2050,#189);
#82=LINE('',#2051,#190);
#83=LINE('',#2055,#191);
#84=LINE('',#2058,#192);
#85=LINE('',#2059,#193);
#86=LINE('',#2063,#194);
#87=LINE('',#2066,#195);
#88=LINE('',#2067,#196);
#89=LINE('',#2071,#197);
#90=LINE('',#2074,#198);
#91=LINE('',#2075,#199);
#92=LINE('',#2080,#200);
#93=LINE('',#2082,#201);
#94=LINE('',#2084,#202);
#95=LINE('',#2246,#203);
#96=LINE('',#2247,#204);
#97=LINE('',#2249,#205);
#98=LINE('',#2250,#206);
#99=LINE('',#2252,#207);
#100=LINE('',#2253,#208);
#101=LINE('',#2255,#209);
#102=LINE('',#2256,#210);
#103=LINE('',#2259,#211);
#104=LINE('',#2261,#212);
#105=LINE('',#2262,#213);
#106=LINE('',#2265,#214);
#107=LINE('',#2269,#215);
#108=LINE('',#2270,#216);
#109=LINE('',#2273,#217);
#110=LINE('',#2281,#218);
#111=LINE('',#2285,#219);
#112=LINE('',#2289,#220);
#113=LINE('',#2292,#221);
#114=LINE('',#2294,#222);
#115=LINE('',#2298,#223);
#116=LINE('',#2302,#224);
#117=LINE('',#2304,#225);
#118=LINE('',#2305,#226);
#119=LINE('',#2309,#227);
#120=LINE('',#2312,#228);
#121=LINE('',#2313,#229);
#122=LINE('',#2317,#230);
#123=LINE('',#2320,#231);
#124=LINE('',#2321,#232);
#125=LINE('',#2325,#233);
#126=LINE('',#2328,#234);
#127=LINE('',#2329,#235);
#128=LINE('',#2334,#236);
#129=LINE('',#2336,#237);
#130=LINE('',#2338,#238);
#131=LINE('',#2345,#239);
#132=LINE('',#2348,#240);
#133=LINE('',#2353,#241);
#134=LINE('',#2356,#242);
#135=LINE('',#2363,#243);
#136=LINE('',#2366,#244);
#137=LINE('',#2373,#245);
#138=LINE('',#2375,#246);
#139=LINE('',#2382,#247);
#140=LINE('',#2385,#248);
#141=LINE('',#2388,#249);
#142=LINE('',#2389,#250);
#143=LINE('',#2392,#251);
#144=LINE('',#2396,#252);
#145=LINE('',#2397,#253);
#146=LINE('',#2404,#254);
#147=LINE('',#2408,#255);
#148=LINE('',#2412,#256);
#149=LINE('',#2415,#257);
#150=LINE('',#2417,#258);
#151=LINE('',#2421,#259);
#152=LINE('',#2425,#260);
#153=LINE('',#2427,#261);
#154=LINE('',#2428,#262);
#155=LINE('',#2432,#263);
#156=LINE('',#2435,#264);
#157=LINE('',#2436,#265);
#158=LINE('',#2440,#266);
#159=LINE('',#2443,#267);
#160=LINE('',#2444,#268);
#161=LINE('',#2448,#269);
#162=LINE('',#2451,#270);
#163=LINE('',#2452,#271);
#164=LINE('',#2457,#272);
#165=LINE('',#2459,#273);
#166=LINE('',#2461,#274);
#167=VECTOR('',#1474,10.);
#168=VECTOR('',#1475,10.);
#169=VECTOR('',#1478,10.);
#170=VECTOR('',#1479,10.);
#171=VECTOR('',#1482,10.);
#172=VECTOR('',#1483,10.);
#173=VECTOR('',#1486,10.);
#174=VECTOR('',#1487,10.);
#175=VECTOR('',#1490,10.);
#176=VECTOR('',#1491,10.);
#177=VECTOR('',#1492,10.);
#178=VECTOR('',#1495,10.);
#179=VECTOR('',#1500,10.);
#180=VECTOR('',#1501,10.);
#181=VECTOR('',#1504,10.);
#182=VECTOR('',#1513,10.);
#183=VECTOR('',#1516,10.);
#184=VECTOR('',#1519,10.);
#185=VECTOR('',#1522,10.);
#186=VECTOR('',#1523,10.);
#187=VECTOR('',#1526,10.);
#188=VECTOR('',#1531,10.);
#189=VECTOR('',#1532,10.);
#190=VECTOR('',#1533,10.);
#191=VECTOR('',#1538,10.);
#192=VECTOR('',#1541,10.);
#193=VECTOR('',#1542,10.);
#194=VECTOR('',#1547,10.);
#195=VECTOR('',#1550,10.);
#196=VECTOR('',#1551,10.);
#197=VECTOR('',#1556,10.);
#198=VECTOR('',#1559,10.);
#199=VECTOR('',#1560,10.);
#200=VECTOR('',#1569,10.);
#201=VECTOR('',#1572,10.);
#202=VECTOR('',#1575,10.);
#203=VECTOR('',#1604,10.);
#204=VECTOR('',#1605,10.);
#205=VECTOR('',#1608,10.);
#206=VECTOR('',#1609,10.);
#207=VECTOR('',#1612,10.);
#208=VECTOR('',#1613,10.);
#209=VECTOR('',#1616,10.);
#210=VECTOR('',#1617,10.);
#211=VECTOR('',#1620,10.);
#212=VECTOR('',#1621,10.);
#213=VECTOR('',#1622,10.);
#214=VECTOR('',#1625,10.);
#215=VECTOR('',#1630,10.);
#216=VECTOR('',#1631,10.);
#217=VECTOR('',#1634,10.);
#218=VECTOR('',#1643,10.);
#219=VECTOR('',#1646,10.);
#220=VECTOR('',#1649,10.);
#221=VECTOR('',#1652,10.);
#222=VECTOR('',#1653,10.);
#223=VECTOR('',#1656,10.);
#224=VECTOR('',#1661,10.);
#225=VECTOR('',#1662,10.);
#226=VECTOR('',#1663,10.);
#227=VECTOR('',#1668,10.);
#228=VECTOR('',#1671,10.);
#229=VECTOR('',#1672,10.);
#230=VECTOR('',#1677,10.);
#231=VECTOR('',#1680,10.);
#232=VECTOR('',#1681,10.);
#233=VECTOR('',#1686,10.);
#234=VECTOR('',#1689,10.);
#235=VECTOR('',#1690,10.);
#236=VECTOR('',#1699,10.);
#237=VECTOR('',#1702,10.);
#238=VECTOR('',#1705,10.);
#239=VECTOR('',#1712,10.);
#240=VECTOR('',#1715,10.);
#241=VECTOR('',#1720,10.);
#242=VECTOR('',#1723,10.);
#243=VECTOR('',#1732,10.);
#244=VECTOR('',#1735,10.);
#245=VECTOR('',#1744,10.);
#246=VECTOR('',#1747,10.);
#247=VECTOR('',#1758,10.);
#248=VECTOR('',#1761,10.);
#249=VECTOR('',#1764,10.);
#250=VECTOR('',#1765,10.);
#251=VECTOR('',#1768,10.);
#252=VECTOR('',#1773,10.);
#253=VECTOR('',#1774,10.);
#254=VECTOR('',#1781,10.);
#255=VECTOR('',#1784,10.);
#256=VECTOR('',#1787,10.);
#257=VECTOR('',#1790,10.);
#258=VECTOR('',#1791,10.);
#259=VECTOR('',#1794,10.);
#260=VECTOR('',#1799,10.);
#261=VECTOR('',#1800,10.);
#262=VECTOR('',#1801,10.);
#263=VECTOR('',#1806,10.);
#264=VECTOR('',#1809,10.);
#265=VECTOR('',#1810,10.);
#266=VECTOR('',#1815,10.);
#267=VECTOR('',#1818,10.);
#268=VECTOR('',#1819,10.);
#269=VECTOR('',#1824,10.);
#270=VECTOR('',#1827,10.);
#271=VECTOR('',#1828,10.);
#272=VECTOR('',#1837,10.);
#273=VECTOR('',#1840,10.);
#274=VECTOR('',#1843,10.);
#275=CYLINDRICAL_SURFACE('',#1313,2.);
#276=CYLINDRICAL_SURFACE('',#1314,2.);
#277=CYLINDRICAL_SURFACE('',#1315,2.);
#278=CYLINDRICAL_SURFACE('',#1316,2.);
#279=CYLINDRICAL_SURFACE('',#1318,1.8);
#280=CYLINDRICAL_SURFACE('',#1321,1.8);
#281=CYLINDRICAL_SURFACE('',#1332,2.20000000000001);
#282=CYLINDRICAL_SURFACE('',#1335,2.2);
#283=CYLINDRICAL_SURFACE('',#1338,2.2);
#284=CYLINDRICAL_SURFACE('',#1341,2.2);
#285=CYLINDRICAL_SURFACE('',#1344,1.8);
#286=CYLINDRICAL_SURFACE('',#1346,1.80000000000001);
#287=CYLINDRICAL_SURFACE('',#1360,2.);
#288=CYLINDRICAL_SURFACE('',#1361,2.);
#289=CYLINDRICAL_SURFACE('',#1362,2.);
#290=CYLINDRICAL_SURFACE('',#1363,2.);
#291=CYLINDRICAL_SURFACE('',#1365,1.85);
#292=CYLINDRICAL_SURFACE('',#1368,1.85);
#293=CYLINDRICAL_SURFACE('',#1379,2.25);
#294=CYLINDRICAL_SURFACE('',#1382,2.24999999999999);
#295=CYLINDRICAL_SURFACE('',#1385,2.25);
#296=CYLINDRICAL_SURFACE('',#1388,2.25);
#297=CYLINDRICAL_SURFACE('',#1391,1.85);
#298=CYLINDRICAL_SURFACE('',#1393,1.85);
#299=CYLINDRICAL_SURFACE('',#1395,2.);
#300=CYLINDRICAL_SURFACE('',#1398,2.);
#301=CYLINDRICAL_SURFACE('',#1403,2.);
#302=CYLINDRICAL_SURFACE('',#1408,2.);
#303=CYLINDRICAL_SURFACE('',#1415,1.99999999999999);
#304=CYLINDRICAL_SURFACE('',#1418,2.);
#305=CYLINDRICAL_SURFACE('',#1430,2.4);
#306=CYLINDRICAL_SURFACE('',#1433,2.4);
#307=CYLINDRICAL_SURFACE('',#1436,2.39999999999999);
#308=CYLINDRICAL_SURFACE('',#1439,2.40000000000001);
#309=CYLINDRICAL_SURFACE('',#1443,2.00000000000001);
#310=CYLINDRICAL_SURFACE('',#1445,2.);
#311=FACE_OUTER_BOUND('',#392,.T.);
#312=FACE_OUTER_BOUND('',#393,.T.);
#313=FACE_OUTER_BOUND('',#394,.T.);
#314=FACE_OUTER_BOUND('',#395,.T.);
#315=FACE_OUTER_BOUND('',#396,.T.);
#316=FACE_OUTER_BOUND('',#397,.T.);
#317=FACE_OUTER_BOUND('',#398,.T.);
#318=FACE_OUTER_BOUND('',#399,.T.);
#319=FACE_OUTER_BOUND('',#400,.T.);
#320=FACE_OUTER_BOUND('',#401,.T.);
#321=FACE_OUTER_BOUND('',#402,.T.);
#322=FACE_OUTER_BOUND('',#403,.T.);
#323=FACE_OUTER_BOUND('',#404,.T.);
#324=FACE_OUTER_BOUND('',#405,.T.);
#325=FACE_OUTER_BOUND('',#407,.T.);
#326=FACE_OUTER_BOUND('',#408,.T.);
#327=FACE_OUTER_BOUND('',#409,.T.);
#328=FACE_OUTER_BOUND('',#410,.T.);
#329=FACE_OUTER_BOUND('',#411,.T.);
#330=FACE_OUTER_BOUND('',#412,.T.);
#331=FACE_OUTER_BOUND('',#413,.T.);
#332=FACE_OUTER_BOUND('',#414,.T.);
#333=FACE_OUTER_BOUND('',#415,.T.);
#334=FACE_OUTER_BOUND('',#416,.T.);
#335=FACE_OUTER_BOUND('',#417,.T.);
#336=FACE_OUTER_BOUND('',#418,.T.);
#337=FACE_OUTER_BOUND('',#419,.T.);
#338=FACE_OUTER_BOUND('',#420,.T.);
#339=FACE_OUTER_BOUND('',#421,.T.);
#340=FACE_OUTER_BOUND('',#422,.T.);
#341=FACE_OUTER_BOUND('',#423,.T.);
#342=FACE_OUTER_BOUND('',#424,.T.);
#343=FACE_OUTER_BOUND('',#425,.T.);
#344=FACE_OUTER_BOUND('',#426,.T.);
#345=FACE_OUTER_BOUND('',#427,.T.);
#346=FACE_OUTER_BOUND('',#428,.T.);
#347=FACE_OUTER_BOUND('',#429,.T.);
#348=FACE_OUTER_BOUND('',#430,.T.);
#349=FACE_OUTER_BOUND('',#431,.T.);
#350=FACE_OUTER_BOUND('',#432,.T.);
#351=FACE_OUTER_BOUND('',#433,.T.);
#352=FACE_OUTER_BOUND('',#435,.T.);
#353=FACE_OUTER_BOUND('',#436,.T.);
#354=FACE_OUTER_BOUND('',#437,.T.);
#355=FACE_OUTER_BOUND('',#438,.T.);
#356=FACE_OUTER_BOUND('',#439,.T.);
#357=FACE_OUTER_BOUND('',#440,.T.);
#358=FACE_OUTER_BOUND('',#441,.T.);
#359=FACE_OUTER_BOUND('',#442,.T.);
#360=FACE_OUTER_BOUND('',#443,.T.);
#361=FACE_OUTER_BOUND('',#444,.T.);
#362=FACE_OUTER_BOUND('',#445,.T.);
#363=FACE_OUTER_BOUND('',#446,.T.);
#364=FACE_OUTER_BOUND('',#447,.T.);
#365=FACE_OUTER_BOUND('',#448,.T.);
#366=FACE_OUTER_BOUND('',#449,.T.);
#367=FACE_OUTER_BOUND('',#450,.T.);
#368=FACE_OUTER_BOUND('',#451,.T.);
#369=FACE_OUTER_BOUND('',#452,.T.);
#370=FACE_OUTER_BOUND('',#453,.T.);
#371=FACE_OUTER_BOUND('',#454,.T.);
#372=FACE_OUTER_BOUND('',#455,.T.);
#373=FACE_OUTER_BOUND('',#456,.T.);
#374=FACE_OUTER_BOUND('',#457,.T.);
#375=FACE_OUTER_BOUND('',#458,.T.);
#376=FACE_OUTER_BOUND('',#459,.T.);
#377=FACE_OUTER_BOUND('',#460,.T.);
#378=FACE_OUTER_BOUND('',#461,.T.);
#379=FACE_OUTER_BOUND('',#463,.T.);
#380=FACE_OUTER_BOUND('',#464,.T.);
#381=FACE_OUTER_BOUND('',#465,.T.);
#382=FACE_OUTER_BOUND('',#466,.T.);
#383=FACE_OUTER_BOUND('',#467,.T.);
#384=FACE_OUTER_BOUND('',#468,.T.);
#385=FACE_OUTER_BOUND('',#469,.T.);
#386=FACE_OUTER_BOUND('',#470,.T.);
#387=FACE_OUTER_BOUND('',#471,.T.);
#388=FACE_OUTER_BOUND('',#472,.T.);
#389=FACE_OUTER_BOUND('',#473,.T.);
#390=FACE_OUTER_BOUND('',#474,.T.);
#391=FACE_OUTER_BOUND('',#475,.T.);
#392=EDGE_LOOP('',(#836,#837,#838));
#393=EDGE_LOOP('',(#839,#840,#841));
#394=EDGE_LOOP('',(#842,#843,#844));
#395=EDGE_LOOP('',(#845,#846,#847));
#396=EDGE_LOOP('',(#848,#849,#850,#851));
#397=EDGE_LOOP('',(#852,#853,#854,#855));
#398=EDGE_LOOP('',(#856,#857,#858,#859));
#399=EDGE_LOOP('',(#860,#861,#862,#863));
#400=EDGE_LOOP('',(#864,#865,#866,#867));
#401=EDGE_LOOP('',(#868,#869,#870,#871));
#402=EDGE_LOOP('',(#872,#873,#874,#875));
#403=EDGE_LOOP('',(#876,#877,#878,#879));
#404=EDGE_LOOP('',(#880,#881,#882,#883));
#405=EDGE_LOOP('',(#884,#885,#886,#887,#888,#889,#890,#891));
#406=EDGE_LOOP('',(#892,#893,#894,#895,#896,#897,#898,#899));
#407=EDGE_LOOP('',(#900,#901,#902,#903));
#408=EDGE_LOOP('',(#904,#905,#906,#907));
#409=EDGE_LOOP('',(#908,#909,#910,#911));
#410=EDGE_LOOP('',(#912,#913,#914,#915));
#411=EDGE_LOOP('',(#916,#917,#918,#919));
#412=EDGE_LOOP('',(#920,#921,#922,#923));
#413=EDGE_LOOP('',(#924,#925,#926,#927));
#414=EDGE_LOOP('',(#928,#929,#930,#931));
#415=EDGE_LOOP('',(#932,#933,#934,#935,#936,#937,#938,#939));
#416=EDGE_LOOP('',(#940,#941,#942,#943));
#417=EDGE_LOOP('',(#944,#945,#946,#947));
#418=EDGE_LOOP('',(#948,#949,#950,#951));
#419=EDGE_LOOP('',(#952,#953,#954,#955));
#420=EDGE_LOOP('',(#956,#957,#958));
#421=EDGE_LOOP('',(#959,#960,#961));
#422=EDGE_LOOP('',(#962,#963,#964));
#423=EDGE_LOOP('',(#965,#966,#967));
#424=EDGE_LOOP('',(#968,#969,#970,#971));
#425=EDGE_LOOP('',(#972,#973,#974,#975));
#426=EDGE_LOOP('',(#976,#977,#978,#979));
#427=EDGE_LOOP('',(#980,#981,#982,#983));
#428=EDGE_LOOP('',(#984,#985,#986,#987));
#429=EDGE_LOOP('',(#988,#989,#990,#991));
#430=EDGE_LOOP('',(#992,#993,#994,#995));
#431=EDGE_LOOP('',(#996,#997,#998,#999));
#432=EDGE_LOOP('',(#1000,#1001,#1002,#1003));
#433=EDGE_LOOP('',(#1004,#1005,#1006,#1007,#1008,#1009,#1010,#1011));
#434=EDGE_LOOP('',(#1012,#1013,#1014,#1015,#1016,#1017,#1018,#1019));
#435=EDGE_LOOP('',(#1020,#1021,#1022,#1023));
#436=EDGE_LOOP('',(#1024,#1025,#1026,#1027));
#437=EDGE_LOOP('',(#1028,#1029,#1030,#1031));
#438=EDGE_LOOP('',(#1032,#1033,#1034,#1035));
#439=EDGE_LOOP('',(#1036,#1037,#1038,#1039));
#440=EDGE_LOOP('',(#1040,#1041,#1042,#1043));
#441=EDGE_LOOP('',(#1044,#1045,#1046,#1047));
#442=EDGE_LOOP('',(#1048,#1049,#1050,#1051));
#443=EDGE_LOOP('',(#1052,#1053,#1054,#1055,#1056,#1057,#1058,#1059));
#444=EDGE_LOOP('',(#1060,#1061,#1062,#1063));
#445=EDGE_LOOP('',(#1064,#1065,#1066,#1067));
#446=EDGE_LOOP('',(#1068,#1069,#1070,#1071));
#447=EDGE_LOOP('',(#1072,#1073,#1074,#1075));
#448=EDGE_LOOP('',(#1076,#1077,#1078,#1079));
#449=EDGE_LOOP('',(#1080,#1081,#1082,#1083));
#450=EDGE_LOOP('',(#1084,#1085,#1086));
#451=EDGE_LOOP('',(#1087,#1088,#1089,#1090));
#452=EDGE_LOOP('',(#1091,#1092,#1093));
#453=EDGE_LOOP('',(#1094,#1095,#1096,#1097));
#454=EDGE_LOOP('',(#1098,#1099,#1100));
#455=EDGE_LOOP('',(#1101,#1102,#1103));
#456=EDGE_LOOP('',(#1104,#1105,#1106,#1107));
#457=EDGE_LOOP('',(#1108,#1109,#1110,#1111));
#458=EDGE_LOOP('',(#1112,#1113,#1114,#1115));
#459=EDGE_LOOP('',(#1116,#1117,#1118,#1119));
#460=EDGE_LOOP('',(#1120,#1121,#1122,#1123));
#461=EDGE_LOOP('',(#1124,#1125,#1126,#1127,#1128,#1129,#1130,#1131));
#462=EDGE_LOOP('',(#1132,#1133,#1134,#1135,#1136,#1137,#1138,#1139));
#463=EDGE_LOOP('',(#1140,#1141,#1142,#1143));
#464=EDGE_LOOP('',(#1144,#1145,#1146,#1147));
#465=EDGE_LOOP('',(#1148,#1149,#1150,#1151));
#466=EDGE_LOOP('',(#1152,#1153,#1154,#1155));
#467=EDGE_LOOP('',(#1156,#1157,#1158,#1159));
#468=EDGE_LOOP('',(#1160,#1161,#1162,#1163));
#469=EDGE_LOOP('',(#1164,#1165,#1166,#1167));
#470=EDGE_LOOP('',(#1168,#1169,#1170,#1171));
#471=EDGE_LOOP('',(#1172,#1173,#1174,#1175,#1176,#1177,#1178,#1179));
#472=EDGE_LOOP('',(#1180,#1181,#1182,#1183));
#473=EDGE_LOOP('',(#1184,#1185,#1186,#1187));
#474=EDGE_LOOP('',(#1188,#1189,#1190,#1191));
#475=EDGE_LOOP('',(#1192,#1193,#1194,#1195));
#476=CIRCLE('',#1303,1.80000000000001);
#477=CIRCLE('',#1306,1.8);
#478=CIRCLE('',#1309,1.8);
#479=CIRCLE('',#1312,1.8);
#480=CIRCLE('',#1319,1.8);
#481=CIRCLE('',#1322,1.8);
#482=CIRCLE('',#1325,2.2);
#483=CIRCLE('',#1326,2.20000000000001);
#484=CIRCLE('',#1327,2.2);
#485=CIRCLE('',#1328,2.2);
#486=CIRCLE('',#1329,1.80000000000001);
#487=CIRCLE('',#1330,1.8);
#488=CIRCLE('',#1333,2.20000000000001);
#489=CIRCLE('',#1336,2.2);
#490=CIRCLE('',#1339,2.2);
#491=CIRCLE('',#1342,2.2);
#492=CIRCLE('',#1350,1.85);
#493=CIRCLE('',#1353,1.85);
#494=CIRCLE('',#1356,1.85);
#495=CIRCLE('',#1359,1.85);
#496=CIRCLE('',#1366,1.85);
#497=CIRCLE('',#1369,1.85);
#498=CIRCLE('',#1372,2.25);
#499=CIRCLE('',#1373,2.25);
#500=CIRCLE('',#1374,2.24999999999999);
#501=CIRCLE('',#1375,2.25);
#502=CIRCLE('',#1376,1.85);
#503=CIRCLE('',#1377,1.85);
#504=CIRCLE('',#1380,2.25);
#505=CIRCLE('',#1383,2.24999999999999);
#506=CIRCLE('',#1386,2.25);
#507=CIRCLE('',#1389,2.25);
#508=CIRCLE('',#1396,2.00000000000001);
#509=CIRCLE('',#1397,2.);
#510=CIRCLE('',#1399,2.00000000000001);
#511=CIRCLE('',#1400,2.);
#512=CIRCLE('',#1402,1.99999999999999);
#513=CIRCLE('',#1404,2.00000000000001);
#514=CIRCLE('',#1405,2.);
#515=CIRCLE('',#1407,2.00000000000001);
#516=CIRCLE('',#1409,2.00000000000001);
#517=CIRCLE('',#1410,2.);
#518=CIRCLE('',#1412,2.);
#519=CIRCLE('',#1414,2.);
#520=CIRCLE('',#1416,1.99999999999999);
#521=CIRCLE('',#1419,2.);
#522=CIRCLE('',#1423,2.40000000000001);
#523=CIRCLE('',#1424,2.4);
#524=CIRCLE('',#1425,2.4);
#525=CIRCLE('',#1426,2.39999999999999);
#526=CIRCLE('',#1427,2.);
#527=CIRCLE('',#1428,2.00000000000001);
#528=CIRCLE('',#1431,2.4);
#529=CIRCLE('',#1434,2.4);
#530=CIRCLE('',#1437,2.39999999999999);
#531=CIRCLE('',#1440,2.40000000000001);
#532=ELLIPSE('',#1301,2.00997512422418,2.);
#533=ELLIPSE('',#1302,2.00997512422418,2.);
#534=ELLIPSE('',#1304,2.00997512422418,2.);
#535=ELLIPSE('',#1305,2.00997512422418,2.);
#536=ELLIPSE('',#1307,2.00997512422418,2.);
#537=ELLIPSE('',#1308,2.00997512422418,2.);
#538=ELLIPSE('',#1310,2.00997512422418,2.);
#539=ELLIPSE('',#1311,2.00997512422418,2.);
#540=ELLIPSE('',#1348,2.00561711201316,2.);
#541=ELLIPSE('',#1349,2.00561711201316,2.);
#542=ELLIPSE('',#1351,2.00561711201316,2.);
#543=ELLIPSE('',#1352,2.00561711201316,2.);
#544=ELLIPSE('',#1354,2.00561711201316,2.);
#545=ELLIPSE('',#1355,2.00561711201316,2.);
#546=ELLIPSE('',#1357,2.00561711201316,2.);
#547=ELLIPSE('',#1358,2.00561711201316,2.);
#548=VERTEX_POINT('',#1877);
#549=VERTEX_POINT('',#1878);
#550=VERTEX_POINT('',#1880);
#551=VERTEX_POINT('',#1913);
#552=VERTEX_POINT('',#1914);
#553=VERTEX_POINT('',#1916);
#554=VERTEX_POINT('',#1949);
#555=VERTEX_POINT('',#1950);
#556=VERTEX_POINT('',#1952);
#557=VERTEX_POINT('',#1985);
#558=VERTEX_POINT('',#1986);
#559=VERTEX_POINT('',#1988);
#560=VERTEX_POINT('',#2004);
#561=VERTEX_POINT('',#2006);
#562=VERTEX_POINT('',#2010);
#563=VERTEX_POINT('',#2014);
#564=VERTEX_POINT('',#2018);
#565=VERTEX_POINT('',#2023);
#566=VERTEX_POINT('',#2024);
#567=VERTEX_POINT('',#2026);
#568=VERTEX_POINT('',#2028);
#569=VERTEX_POINT('',#2030);
#570=VERTEX_POINT('',#2032);
#571=VERTEX_POINT('',#2034);
#572=VERTEX_POINT('',#2036);
#573=VERTEX_POINT('',#2039);
#574=VERTEX_POINT('',#2041);
#575=VERTEX_POINT('',#2043);
#576=VERTEX_POINT('',#2047);
#577=VERTEX_POINT('',#2049);
#578=VERTEX_POINT('',#2053);
#579=VERTEX_POINT('',#2057);
#580=VERTEX_POINT('',#2061);
#581=VERTEX_POINT('',#2065);
#582=VERTEX_POINT('',#2069);
#583=VERTEX_POINT('',#2073);
#584=VERTEX_POINT('',#2116);
#585=VERTEX_POINT('',#2117);
#586=VERTEX_POINT('',#2119);
#587=VERTEX_POINT('',#2157);
#588=VERTEX_POINT('',#2158);
#589=VERTEX_POINT('',#2160);
#590=VERTEX_POINT('',#2198);
#591=VERTEX_POINT('',#2199);
#592=VERTEX_POINT('',#2201);
#593=VERTEX_POINT('',#2239);
#594=VERTEX_POINT('',#2240);
#595=VERTEX_POINT('',#2242);
#596=VERTEX_POINT('',#2258);
#597=VERTEX_POINT('',#2260);
#598=VERTEX_POINT('',#2264);
#599=VERTEX_POINT('',#2268);
#600=VERTEX_POINT('',#2272);
#601=VERTEX_POINT('',#2277);
#602=VERTEX_POINT('',#2278);
#603=VERTEX_POINT('',#2280);
#604=VERTEX_POINT('',#2282);
#605=VERTEX_POINT('',#2284);
#606=VERTEX_POINT('',#2286);
#607=VERTEX_POINT('',#2288);
#608=VERTEX_POINT('',#2290);
#609=VERTEX_POINT('',#2293);
#610=VERTEX_POINT('',#2295);
#611=VERTEX_POINT('',#2297);
#612=VERTEX_POINT('',#2301);
#613=VERTEX_POINT('',#2303);
#614=VERTEX_POINT('',#2307);
#615=VERTEX_POINT('',#2311);
#616=VERTEX_POINT('',#2315);
#617=VERTEX_POINT('',#2319);
#618=VERTEX_POINT('',#2323);
#619=VERTEX_POINT('',#2327);
#620=VERTEX_POINT('',#2341);
#621=VERTEX_POINT('',#2342);
#622=VERTEX_POINT('',#2344);
#623=VERTEX_POINT('',#2346);
#624=VERTEX_POINT('',#2350);
#625=VERTEX_POINT('',#2352);
#626=VERTEX_POINT('',#2354);
#627=VERTEX_POINT('',#2360);
#628=VERTEX_POINT('',#2362);
#629=VERTEX_POINT('',#2364);
#630=VERTEX_POINT('',#2370);
#631=VERTEX_POINT('',#2372);
#632=VERTEX_POINT('',#2381);
#633=VERTEX_POINT('',#2383);
#634=VERTEX_POINT('',#2387);
#635=VERTEX_POINT('',#2391);
#636=VERTEX_POINT('',#2395);
#637=VERTEX_POINT('',#2400);
#638=VERTEX_POINT('',#2401);
#639=VERTEX_POINT('',#2403);
#640=VERTEX_POINT('',#2405);
#641=VERTEX_POINT('',#2407);
#642=VERTEX_POINT('',#2409);
#643=VERTEX_POINT('',#2411);
#644=VERTEX_POINT('',#2413);
#645=VERTEX_POINT('',#2416);
#646=VERTEX_POINT('',#2418);
#647=VERTEX_POINT('',#2420);
#648=VERTEX_POINT('',#2424);
#649=VERTEX_POINT('',#2426);
#650=VERTEX_POINT('',#2430);
#651=VERTEX_POINT('',#2434);
#652=VERTEX_POINT('',#2438);
#653=VERTEX_POINT('',#2442);
#654=VERTEX_POINT('',#2446);
#655=VERTEX_POINT('',#2450);
#656=EDGE_CURVE('',#548,#549,#532,.T.);
#657=EDGE_CURVE('',#549,#550,#533,.T.);
#658=EDGE_CURVE('',#550,#548,#476,.T.);
#659=EDGE_CURVE('',#551,#552,#534,.T.);
#660=EDGE_CURVE('',#552,#553,#535,.T.);
#661=EDGE_CURVE('',#553,#551,#477,.T.);
#662=EDGE_CURVE('',#554,#555,#536,.T.);
#663=EDGE_CURVE('',#555,#556,#537,.T.);
#664=EDGE_CURVE('',#556,#554,#478,.T.);
#665=EDGE_CURVE('',#557,#558,#538,.T.);
#666=EDGE_CURVE('',#558,#559,#539,.T.);
#667=EDGE_CURVE('',#559,#557,#479,.T.);
#668=EDGE_CURVE('',#548,#559,#59,.T.);
#669=EDGE_CURVE('',#558,#549,#60,.T.);
#670=EDGE_CURVE('',#555,#558,#61,.T.);
#671=EDGE_CURVE('',#557,#556,#62,.T.);
#672=EDGE_CURVE('',#552,#555,#63,.T.);
#673=EDGE_CURVE('',#554,#553,#64,.T.);
#674=EDGE_CURVE('',#549,#552,#65,.T.);
#675=EDGE_CURVE('',#551,#550,#66,.T.);
#676=EDGE_CURVE('',#560,#554,#67,.T.);
#677=EDGE_CURVE('',#561,#560,#68,.T.);
#678=EDGE_CURVE('',#561,#553,#69,.T.);
#679=EDGE_CURVE('',#562,#556,#70,.T.);
#680=EDGE_CURVE('',#560,#562,#480,.T.);
#681=EDGE_CURVE('',#563,#557,#71,.T.);
#682=EDGE_CURVE('',#562,#563,#72,.T.);
#683=EDGE_CURVE('',#559,#564,#73,.T.);
#684=EDGE_CURVE('',#563,#564,#481,.T.);
#685=EDGE_CURVE('',#565,#566,#482,.T.);
#686=EDGE_CURVE('',#567,#565,#74,.T.);
#687=EDGE_CURVE('',#568,#567,#483,.T.);
#688=EDGE_CURVE('',#569,#568,#75,.T.);
#689=EDGE_CURVE('',#570,#569,#484,.T.);
#690=EDGE_CURVE('',#571,#570,#76,.T.);
#691=EDGE_CURVE('',#572,#571,#485,.T.);
#692=EDGE_CURVE('',#566,#572,#77,.T.);
#693=EDGE_CURVE('',#564,#573,#78,.T.);
#694=EDGE_CURVE('',#573,#574,#486,.T.);
#695=EDGE_CURVE('',#574,#575,#79,.T.);
#696=EDGE_CURVE('',#575,#561,#487,.T.);
#697=EDGE_CURVE('',#565,#576,#80,.T.);
#698=EDGE_CURVE('',#577,#576,#81,.T.);
#699=EDGE_CURVE('',#567,#577,#82,.T.);
#700=EDGE_CURVE('',#578,#577,#488,.T.);
#701=EDGE_CURVE('',#568,#578,#83,.T.);
#702=EDGE_CURVE('',#579,#578,#84,.T.);
#703=EDGE_CURVE('',#569,#579,#85,.T.);
#704=EDGE_CURVE('',#580,#579,#489,.T.);
#705=EDGE_CURVE('',#570,#580,#86,.T.);
#706=EDGE_CURVE('',#581,#580,#87,.T.);
#707=EDGE_CURVE('',#571,#581,#88,.T.);
#708=EDGE_CURVE('',#582,#581,#490,.T.);
#709=EDGE_CURVE('',#572,#582,#89,.T.);
#710=EDGE_CURVE('',#583,#582,#90,.T.);
#711=EDGE_CURVE('',#566,#583,#91,.T.);
#712=EDGE_CURVE('',#576,#583,#491,.T.);
#713=EDGE_CURVE('',#575,#551,#92,.T.);
#714=EDGE_CURVE('',#574,#550,#93,.T.);
#715=EDGE_CURVE('',#573,#548,#94,.T.);
#716=EDGE_CURVE('',#584,#585,#540,.T.);
#717=EDGE_CURVE('',#585,#586,#541,.T.);
#718=EDGE_CURVE('',#586,#584,#492,.T.);
#719=EDGE_CURVE('',#587,#588,#542,.T.);
#720=EDGE_CURVE('',#588,#589,#543,.T.);
#721=EDGE_CURVE('',#589,#587,#493,.T.);
#722=EDGE_CURVE('',#590,#591,#544,.T.);
#723=EDGE_CURVE('',#591,#592,#545,.T.);
#724=EDGE_CURVE('',#592,#590,#494,.T.);
#725=EDGE_CURVE('',#593,#594,#546,.T.);
#726=EDGE_CURVE('',#594,#595,#547,.T.);
#727=EDGE_CURVE('',#595,#593,#495,.T.);
#728=EDGE_CURVE('',#584,#595,#95,.T.);
#729=EDGE_CURVE('',#594,#585,#96,.T.);
#730=EDGE_CURVE('',#591,#594,#97,.T.);
#731=EDGE_CURVE('',#593,#592,#98,.T.);
#732=EDGE_CURVE('',#588,#591,#99,.T.);
#733=EDGE_CURVE('',#590,#589,#100,.T.);
#734=EDGE_CURVE('',#585,#588,#101,.T.);
#735=EDGE_CURVE('',#587,#586,#102,.T.);
#736=EDGE_CURVE('',#596,#590,#103,.T.);
#737=EDGE_CURVE('',#597,#596,#104,.T.);
#738=EDGE_CURVE('',#597,#589,#105,.T.);
#739=EDGE_CURVE('',#598,#592,#106,.T.);
#740=EDGE_CURVE('',#596,#598,#496,.T.);
#741=EDGE_CURVE('',#599,#593,#107,.T.);
#742=EDGE_CURVE('',#598,#599,#108,.T.);
#743=EDGE_CURVE('',#595,#600,#109,.T.);
#744=EDGE_CURVE('',#599,#600,#497,.T.);
#745=EDGE_CURVE('',#601,#602,#498,.T.);
#746=EDGE_CURVE('',#603,#601,#110,.T.);
#747=EDGE_CURVE('',#604,#603,#499,.T.);
#748=EDGE_CURVE('',#605,#604,#111,.T.);
#749=EDGE_CURVE('',#606,#605,#500,.T.);
#750=EDGE_CURVE('',#607,#606,#112,.T.);
#751=EDGE_CURVE('',#608,#607,#501,.T.);
#752=EDGE_CURVE('',#602,#608,#113,.T.);
#753=EDGE_CURVE('',#600,#609,#114,.T.);
#754=EDGE_CURVE('',#609,#610,#502,.T.);
#755=EDGE_CURVE('',#610,#611,#115,.T.);
#756=EDGE_CURVE('',#611,#597,#503,.T.);
#757=EDGE_CURVE('',#601,#612,#116,.T.);
#758=EDGE_CURVE('',#613,#612,#117,.T.);
#759=EDGE_CURVE('',#603,#613,#118,.T.);
#760=EDGE_CURVE('',#614,#613,#504,.T.);
#761=EDGE_CURVE('',#604,#614,#119,.T.);
#762=EDGE_CURVE('',#615,#614,#120,.T.);
#763=EDGE_CURVE('',#605,#615,#121,.T.);
#764=EDGE_CURVE('',#616,#615,#505,.T.);
#765=EDGE_CURVE('',#606,#616,#122,.T.);
#766=EDGE_CURVE('',#617,#616,#123,.T.);
#767=EDGE_CURVE('',#607,#617,#124,.T.);
#768=EDGE_CURVE('',#618,#617,#506,.T.);
#769=EDGE_CURVE('',#608,#618,#125,.T.);
#770=EDGE_CURVE('',#619,#618,#126,.T.);
#771=EDGE_CURVE('',#602,#619,#127,.T.);
#772=EDGE_CURVE('',#612,#619,#507,.T.);
#773=EDGE_CURVE('',#611,#587,#128,.T.);
#774=EDGE_CURVE('',#610,#586,#129,.T.);
#775=EDGE_CURVE('',#609,#584,#130,.T.);
#776=EDGE_CURVE('',#620,#621,#508,.T.);
#777=EDGE_CURVE('',#621,#622,#131,.T.);
#778=EDGE_CURVE('',#622,#623,#509,.T.);
#779=EDGE_CURVE('',#623,#620,#132,.T.);
#780=EDGE_CURVE('',#623,#624,#510,.T.);
#781=EDGE_CURVE('',#624,#625,#133,.T.);
#782=EDGE_CURVE('',#625,#626,#511,.T.);
#783=EDGE_CURVE('',#626,#623,#134,.T.);
#784=EDGE_CURVE('',#622,#624,#512,.T.);
#785=EDGE_CURVE('',#626,#627,#513,.T.);
#786=EDGE_CURVE('',#627,#628,#135,.T.);
#787=EDGE_CURVE('',#628,#629,#514,.T.);
#788=EDGE_CURVE('',#629,#626,#136,.T.);
#789=EDGE_CURVE('',#625,#627,#515,.T.);
#790=EDGE_CURVE('',#629,#630,#516,.T.);
#791=EDGE_CURVE('',#630,#631,#137,.T.);
#792=EDGE_CURVE('',#631,#620,#517,.T.);
#793=EDGE_CURVE('',#620,#629,#138,.T.);
#794=EDGE_CURVE('',#628,#630,#518,.T.);
#795=EDGE_CURVE('',#631,#621,#519,.T.);
#796=EDGE_CURVE('',#622,#632,#139,.T.);
#797=EDGE_CURVE('',#633,#632,#520,.T.);
#798=EDGE_CURVE('',#633,#624,#140,.T.);
#799=EDGE_CURVE('',#634,#621,#141,.T.);
#800=EDGE_CURVE('',#632,#634,#142,.T.);
#801=EDGE_CURVE('',#635,#631,#143,.T.);
#802=EDGE_CURVE('',#634,#635,#521,.T.);
#803=EDGE_CURVE('',#636,#630,#144,.T.);
#804=EDGE_CURVE('',#635,#636,#145,.T.);
#805=EDGE_CURVE('',#637,#638,#522,.T.);
#806=EDGE_CURVE('',#639,#637,#146,.T.);
#807=EDGE_CURVE('',#640,#639,#523,.T.);
#808=EDGE_CURVE('',#641,#640,#147,.T.);
#809=EDGE_CURVE('',#642,#641,#524,.T.);
#810=EDGE_CURVE('',#643,#642,#148,.T.);
#811=EDGE_CURVE('',#644,#643,#525,.T.);
#812=EDGE_CURVE('',#638,#644,#149,.T.);
#813=EDGE_CURVE('',#645,#633,#150,.T.);
#814=EDGE_CURVE('',#636,#646,#526,.T.);
#815=EDGE_CURVE('',#646,#647,#151,.T.);
#816=EDGE_CURVE('',#647,#645,#527,.T.);
#817=EDGE_CURVE('',#637,#648,#152,.T.);
#818=EDGE_CURVE('',#649,#648,#153,.T.);
#819=EDGE_CURVE('',#639,#649,#154,.T.);
#820=EDGE_CURVE('',#650,#649,#528,.T.);
#821=EDGE_CURVE('',#640,#650,#155,.T.);
#822=EDGE_CURVE('',#651,#650,#156,.T.);
#823=EDGE_CURVE('',#641,#651,#157,.T.);
#824=EDGE_CURVE('',#652,#651,#529,.T.);
#825=EDGE_CURVE('',#642,#652,#158,.T.);
#826=EDGE_CURVE('',#653,#652,#159,.T.);
#827=EDGE_CURVE('',#643,#653,#160,.T.);
#828=EDGE_CURVE('',#654,#653,#530,.T.);
#829=EDGE_CURVE('',#644,#654,#161,.T.);
#830=EDGE_CURVE('',#655,#654,#162,.T.);
#831=EDGE_CURVE('',#638,#655,#163,.T.);
#832=EDGE_CURVE('',#648,#655,#531,.T.);
#833=EDGE_CURVE('',#645,#625,#164,.T.);
#834=EDGE_CURVE('',#647,#627,#165,.T.);
#835=EDGE_CURVE('',#646,#628,#166,.T.);
#836=ORIENTED_EDGE('',*,*,#656,.T.);
#837=ORIENTED_EDGE('',*,*,#657,.T.);
#838=ORIENTED_EDGE('',*,*,#658,.T.);
#839=ORIENTED_EDGE('',*,*,#659,.T.);
#840=ORIENTED_EDGE('',*,*,#660,.T.);
#841=ORIENTED_EDGE('',*,*,#661,.T.);
#842=ORIENTED_EDGE('',*,*,#662,.T.);
#843=ORIENTED_EDGE('',*,*,#663,.T.);
#844=ORIENTED_EDGE('',*,*,#664,.T.);
#845=ORIENTED_EDGE('',*,*,#665,.T.);
#846=ORIENTED_EDGE('',*,*,#666,.T.);
#847=ORIENTED_EDGE('',*,*,#667,.T.);
#848=ORIENTED_EDGE('',*,*,#656,.F.);
#849=ORIENTED_EDGE('',*,*,#668,.T.);
#850=ORIENTED_EDGE('',*,*,#666,.F.);
#851=ORIENTED_EDGE('',*,*,#669,.T.);
#852=ORIENTED_EDGE('',*,*,#663,.F.);
#853=ORIENTED_EDGE('',*,*,#670,.T.);
#854=ORIENTED_EDGE('',*,*,#665,.F.);
#855=ORIENTED_EDGE('',*,*,#671,.T.);
#856=ORIENTED_EDGE('',*,*,#660,.F.);
#857=ORIENTED_EDGE('',*,*,#672,.T.);
#858=ORIENTED_EDGE('',*,*,#662,.F.);
#859=ORIENTED_EDGE('',*,*,#673,.T.);
#860=ORIENTED_EDGE('',*,*,#657,.F.);
#861=ORIENTED_EDGE('',*,*,#674,.T.);
#862=ORIENTED_EDGE('',*,*,#659,.F.);
#863=ORIENTED_EDGE('',*,*,#675,.T.);
#864=ORIENTED_EDGE('',*,*,#673,.F.);
#865=ORIENTED_EDGE('',*,*,#676,.F.);
#866=ORIENTED_EDGE('',*,*,#677,.F.);
#867=ORIENTED_EDGE('',*,*,#678,.T.);
#868=ORIENTED_EDGE('',*,*,#664,.F.);
#869=ORIENTED_EDGE('',*,*,#679,.F.);
#870=ORIENTED_EDGE('',*,*,#680,.F.);
#871=ORIENTED_EDGE('',*,*,#676,.T.);
#872=ORIENTED_EDGE('',*,*,#671,.F.);
#873=ORIENTED_EDGE('',*,*,#681,.F.);
#874=ORIENTED_EDGE('',*,*,#682,.F.);
#875=ORIENTED_EDGE('',*,*,#679,.T.);
#876=ORIENTED_EDGE('',*,*,#667,.F.);
#877=ORIENTED_EDGE('',*,*,#683,.T.);
#878=ORIENTED_EDGE('',*,*,#684,.F.);
#879=ORIENTED_EDGE('',*,*,#681,.T.);
#880=ORIENTED_EDGE('',*,*,#669,.F.);
#881=ORIENTED_EDGE('',*,*,#670,.F.);
#882=ORIENTED_EDGE('',*,*,#672,.F.);
#883=ORIENTED_EDGE('',*,*,#674,.F.);
#884=ORIENTED_EDGE('',*,*,#685,.F.);
#885=ORIENTED_EDGE('',*,*,#686,.F.);
#886=ORIENTED_EDGE('',*,*,#687,.F.);
#887=ORIENTED_EDGE('',*,*,#688,.F.);
#888=ORIENTED_EDGE('',*,*,#689,.F.);
#889=ORIENTED_EDGE('',*,*,#690,.F.);
#890=ORIENTED_EDGE('',*,*,#691,.F.);
#891=ORIENTED_EDGE('',*,*,#692,.F.);
#892=ORIENTED_EDGE('',*,*,#682,.T.);
#893=ORIENTED_EDGE('',*,*,#684,.T.);
#894=ORIENTED_EDGE('',*,*,#693,.T.);
#895=ORIENTED_EDGE('',*,*,#694,.T.);
#896=ORIENTED_EDGE('',*,*,#695,.T.);
#897=ORIENTED_EDGE('',*,*,#696,.T.);
#898=ORIENTED_EDGE('',*,*,#677,.T.);
#899=ORIENTED_EDGE('',*,*,#680,.T.);
#900=ORIENTED_EDGE('',*,*,#686,.T.);
#901=ORIENTED_EDGE('',*,*,#697,.T.);
#902=ORIENTED_EDGE('',*,*,#698,.F.);
#903=ORIENTED_EDGE('',*,*,#699,.F.);
#904=ORIENTED_EDGE('',*,*,#687,.T.);
#905=ORIENTED_EDGE('',*,*,#699,.T.);
#906=ORIENTED_EDGE('',*,*,#700,.F.);
#907=ORIENTED_EDGE('',*,*,#701,.F.);
#908=ORIENTED_EDGE('',*,*,#688,.T.);
#909=ORIENTED_EDGE('',*,*,#701,.T.);
#910=ORIENTED_EDGE('',*,*,#702,.F.);
#911=ORIENTED_EDGE('',*,*,#703,.F.);
#912=ORIENTED_EDGE('',*,*,#689,.T.);
#913=ORIENTED_EDGE('',*,*,#703,.T.);
#914=ORIENTED_EDGE('',*,*,#704,.F.);
#915=ORIENTED_EDGE('',*,*,#705,.F.);
#916=ORIENTED_EDGE('',*,*,#690,.T.);
#917=ORIENTED_EDGE('',*,*,#705,.T.);
#918=ORIENTED_EDGE('',*,*,#706,.F.);
#919=ORIENTED_EDGE('',*,*,#707,.F.);
#920=ORIENTED_EDGE('',*,*,#691,.T.);
#921=ORIENTED_EDGE('',*,*,#707,.T.);
#922=ORIENTED_EDGE('',*,*,#708,.F.);
#923=ORIENTED_EDGE('',*,*,#709,.F.);
#924=ORIENTED_EDGE('',*,*,#692,.T.);
#925=ORIENTED_EDGE('',*,*,#709,.T.);
#926=ORIENTED_EDGE('',*,*,#710,.F.);
#927=ORIENTED_EDGE('',*,*,#711,.F.);
#928=ORIENTED_EDGE('',*,*,#685,.T.);
#929=ORIENTED_EDGE('',*,*,#711,.T.);
#930=ORIENTED_EDGE('',*,*,#712,.F.);
#931=ORIENTED_EDGE('',*,*,#697,.F.);
#932=ORIENTED_EDGE('',*,*,#712,.T.);
#933=ORIENTED_EDGE('',*,*,#710,.T.);
#934=ORIENTED_EDGE('',*,*,#708,.T.);
#935=ORIENTED_EDGE('',*,*,#706,.T.);
#936=ORIENTED_EDGE('',*,*,#704,.T.);
#937=ORIENTED_EDGE('',*,*,#702,.T.);
#938=ORIENTED_EDGE('',*,*,#700,.T.);
#939=ORIENTED_EDGE('',*,*,#698,.T.);
#940=ORIENTED_EDGE('',*,*,#661,.F.);
#941=ORIENTED_EDGE('',*,*,#678,.F.);
#942=ORIENTED_EDGE('',*,*,#696,.F.);
#943=ORIENTED_EDGE('',*,*,#713,.T.);
#944=ORIENTED_EDGE('',*,*,#675,.F.);
#945=ORIENTED_EDGE('',*,*,#713,.F.);
#946=ORIENTED_EDGE('',*,*,#695,.F.);
#947=ORIENTED_EDGE('',*,*,#714,.T.);
#948=ORIENTED_EDGE('',*,*,#658,.F.);
#949=ORIENTED_EDGE('',*,*,#714,.F.);
#950=ORIENTED_EDGE('',*,*,#694,.F.);
#951=ORIENTED_EDGE('',*,*,#715,.T.);
#952=ORIENTED_EDGE('',*,*,#668,.F.);
#953=ORIENTED_EDGE('',*,*,#715,.F.);
#954=ORIENTED_EDGE('',*,*,#693,.F.);
#955=ORIENTED_EDGE('',*,*,#683,.F.);
#956=ORIENTED_EDGE('',*,*,#716,.T.);
#957=ORIENTED_EDGE('',*,*,#717,.T.);
#958=ORIENTED_EDGE('',*,*,#718,.T.);
#959=ORIENTED_EDGE('',*,*,#719,.T.);
#960=ORIENTED_EDGE('',*,*,#720,.T.);
#961=ORIENTED_EDGE('',*,*,#721,.T.);
#962=ORIENTED_EDGE('',*,*,#722,.T.);
#963=ORIENTED_EDGE('',*,*,#723,.T.);
#964=ORIENTED_EDGE('',*,*,#724,.T.);
#965=ORIENTED_EDGE('',*,*,#725,.T.);
#966=ORIENTED_EDGE('',*,*,#726,.T.);
#967=ORIENTED_EDGE('',*,*,#727,.T.);
#968=ORIENTED_EDGE('',*,*,#716,.F.);
#969=ORIENTED_EDGE('',*,*,#728,.T.);
#970=ORIENTED_EDGE('',*,*,#726,.F.);
#971=ORIENTED_EDGE('',*,*,#729,.T.);
#972=ORIENTED_EDGE('',*,*,#723,.F.);
#973=ORIENTED_EDGE('',*,*,#730,.T.);
#974=ORIENTED_EDGE('',*,*,#725,.F.);
#975=ORIENTED_EDGE('',*,*,#731,.T.);
#976=ORIENTED_EDGE('',*,*,#720,.F.);
#977=ORIENTED_EDGE('',*,*,#732,.T.);
#978=ORIENTED_EDGE('',*,*,#722,.F.);
#979=ORIENTED_EDGE('',*,*,#733,.T.);
#980=ORIENTED_EDGE('',*,*,#717,.F.);
#981=ORIENTED_EDGE('',*,*,#734,.T.);
#982=ORIENTED_EDGE('',*,*,#719,.F.);
#983=ORIENTED_EDGE('',*,*,#735,.T.);
#984=ORIENTED_EDGE('',*,*,#733,.F.);
#985=ORIENTED_EDGE('',*,*,#736,.F.);
#986=ORIENTED_EDGE('',*,*,#737,.F.);
#987=ORIENTED_EDGE('',*,*,#738,.T.);
#988=ORIENTED_EDGE('',*,*,#724,.F.);
#989=ORIENTED_EDGE('',*,*,#739,.F.);
#990=ORIENTED_EDGE('',*,*,#740,.F.);
#991=ORIENTED_EDGE('',*,*,#736,.T.);
#992=ORIENTED_EDGE('',*,*,#731,.F.);
#993=ORIENTED_EDGE('',*,*,#741,.F.);
#994=ORIENTED_EDGE('',*,*,#742,.F.);
#995=ORIENTED_EDGE('',*,*,#739,.T.);
#996=ORIENTED_EDGE('',*,*,#727,.F.);
#997=ORIENTED_EDGE('',*,*,#743,.T.);
#998=ORIENTED_EDGE('',*,*,#744,.F.);
#999=ORIENTED_EDGE('',*,*,#741,.T.);
#1000=ORIENTED_EDGE('',*,*,#729,.F.);
#1001=ORIENTED_EDGE('',*,*,#730,.F.);
#1002=ORIENTED_EDGE('',*,*,#732,.F.);
#1003=ORIENTED_EDGE('',*,*,#734,.F.);
#1004=ORIENTED_EDGE('',*,*,#745,.F.);
#1005=ORIENTED_EDGE('',*,*,#746,.F.);
#1006=ORIENTED_EDGE('',*,*,#747,.F.);
#1007=ORIENTED_EDGE('',*,*,#748,.F.);
#1008=ORIENTED_EDGE('',*,*,#749,.F.);
#1009=ORIENTED_EDGE('',*,*,#750,.F.);
#1010=ORIENTED_EDGE('',*,*,#751,.F.);
#1011=ORIENTED_EDGE('',*,*,#752,.F.);
#1012=ORIENTED_EDGE('',*,*,#742,.T.);
#1013=ORIENTED_EDGE('',*,*,#744,.T.);
#1014=ORIENTED_EDGE('',*,*,#753,.T.);
#1015=ORIENTED_EDGE('',*,*,#754,.T.);
#1016=ORIENTED_EDGE('',*,*,#755,.T.);
#1017=ORIENTED_EDGE('',*,*,#756,.T.);
#1018=ORIENTED_EDGE('',*,*,#737,.T.);
#1019=ORIENTED_EDGE('',*,*,#740,.T.);
#1020=ORIENTED_EDGE('',*,*,#746,.T.);
#1021=ORIENTED_EDGE('',*,*,#757,.T.);
#1022=ORIENTED_EDGE('',*,*,#758,.F.);
#1023=ORIENTED_EDGE('',*,*,#759,.F.);
#1024=ORIENTED_EDGE('',*,*,#747,.T.);
#1025=ORIENTED_EDGE('',*,*,#759,.T.);
#1026=ORIENTED_EDGE('',*,*,#760,.F.);
#1027=ORIENTED_EDGE('',*,*,#761,.F.);
#1028=ORIENTED_EDGE('',*,*,#748,.T.);
#1029=ORIENTED_EDGE('',*,*,#761,.T.);
#1030=ORIENTED_EDGE('',*,*,#762,.F.);
#1031=ORIENTED_EDGE('',*,*,#763,.F.);
#1032=ORIENTED_EDGE('',*,*,#749,.T.);
#1033=ORIENTED_EDGE('',*,*,#763,.T.);
#1034=ORIENTED_EDGE('',*,*,#764,.F.);
#1035=ORIENTED_EDGE('',*,*,#765,.F.);
#1036=ORIENTED_EDGE('',*,*,#750,.T.);
#1037=ORIENTED_EDGE('',*,*,#765,.T.);
#1038=ORIENTED_EDGE('',*,*,#766,.F.);
#1039=ORIENTED_EDGE('',*,*,#767,.F.);
#1040=ORIENTED_EDGE('',*,*,#751,.T.);
#1041=ORIENTED_EDGE('',*,*,#767,.T.);
#1042=ORIENTED_EDGE('',*,*,#768,.F.);
#1043=ORIENTED_EDGE('',*,*,#769,.F.);
#1044=ORIENTED_EDGE('',*,*,#752,.T.);
#1045=ORIENTED_EDGE('',*,*,#769,.T.);
#1046=ORIENTED_EDGE('',*,*,#770,.F.);
#1047=ORIENTED_EDGE('',*,*,#771,.F.);
#1048=ORIENTED_EDGE('',*,*,#745,.T.);
#1049=ORIENTED_EDGE('',*,*,#771,.T.);
#1050=ORIENTED_EDGE('',*,*,#772,.F.);
#1051=ORIENTED_EDGE('',*,*,#757,.F.);
#1052=ORIENTED_EDGE('',*,*,#772,.T.);
#1053=ORIENTED_EDGE('',*,*,#770,.T.);
#1054=ORIENTED_EDGE('',*,*,#768,.T.);
#1055=ORIENTED_EDGE('',*,*,#766,.T.);
#1056=ORIENTED_EDGE('',*,*,#764,.T.);
#1057=ORIENTED_EDGE('',*,*,#762,.T.);
#1058=ORIENTED_EDGE('',*,*,#760,.T.);
#1059=ORIENTED_EDGE('',*,*,#758,.T.);
#1060=ORIENTED_EDGE('',*,*,#721,.F.);
#1061=ORIENTED_EDGE('',*,*,#738,.F.);
#1062=ORIENTED_EDGE('',*,*,#756,.F.);
#1063=ORIENTED_EDGE('',*,*,#773,.T.);
#1064=ORIENTED_EDGE('',*,*,#735,.F.);
#1065=ORIENTED_EDGE('',*,*,#773,.F.);
#1066=ORIENTED_EDGE('',*,*,#755,.F.);
#1067=ORIENTED_EDGE('',*,*,#774,.T.);
#1068=ORIENTED_EDGE('',*,*,#718,.F.);
#1069=ORIENTED_EDGE('',*,*,#774,.F.);
#1070=ORIENTED_EDGE('',*,*,#754,.F.);
#1071=ORIENTED_EDGE('',*,*,#775,.T.);
#1072=ORIENTED_EDGE('',*,*,#728,.F.);
#1073=ORIENTED_EDGE('',*,*,#775,.F.);
#1074=ORIENTED_EDGE('',*,*,#753,.F.);
#1075=ORIENTED_EDGE('',*,*,#743,.F.);
#1076=ORIENTED_EDGE('',*,*,#776,.T.);
#1077=ORIENTED_EDGE('',*,*,#777,.T.);
#1078=ORIENTED_EDGE('',*,*,#778,.T.);
#1079=ORIENTED_EDGE('',*,*,#779,.T.);
#1080=ORIENTED_EDGE('',*,*,#780,.T.);
#1081=ORIENTED_EDGE('',*,*,#781,.T.);
#1082=ORIENTED_EDGE('',*,*,#782,.T.);
#1083=ORIENTED_EDGE('',*,*,#783,.T.);
#1084=ORIENTED_EDGE('',*,*,#780,.F.);
#1085=ORIENTED_EDGE('',*,*,#778,.F.);
#1086=ORIENTED_EDGE('',*,*,#784,.T.);
#1087=ORIENTED_EDGE('',*,*,#785,.T.);
#1088=ORIENTED_EDGE('',*,*,#786,.T.);
#1089=ORIENTED_EDGE('',*,*,#787,.T.);
#1090=ORIENTED_EDGE('',*,*,#788,.T.);
#1091=ORIENTED_EDGE('',*,*,#785,.F.);
#1092=ORIENTED_EDGE('',*,*,#782,.F.);
#1093=ORIENTED_EDGE('',*,*,#789,.T.);
#1094=ORIENTED_EDGE('',*,*,#790,.T.);
#1095=ORIENTED_EDGE('',*,*,#791,.T.);
#1096=ORIENTED_EDGE('',*,*,#792,.T.);
#1097=ORIENTED_EDGE('',*,*,#793,.T.);
#1098=ORIENTED_EDGE('',*,*,#790,.F.);
#1099=ORIENTED_EDGE('',*,*,#787,.F.);
#1100=ORIENTED_EDGE('',*,*,#794,.T.);
#1101=ORIENTED_EDGE('',*,*,#776,.F.);
#1102=ORIENTED_EDGE('',*,*,#792,.F.);
#1103=ORIENTED_EDGE('',*,*,#795,.T.);
#1104=ORIENTED_EDGE('',*,*,#784,.F.);
#1105=ORIENTED_EDGE('',*,*,#796,.T.);
#1106=ORIENTED_EDGE('',*,*,#797,.F.);
#1107=ORIENTED_EDGE('',*,*,#798,.T.);
#1108=ORIENTED_EDGE('',*,*,#777,.F.);
#1109=ORIENTED_EDGE('',*,*,#799,.F.);
#1110=ORIENTED_EDGE('',*,*,#800,.F.);
#1111=ORIENTED_EDGE('',*,*,#796,.F.);
#1112=ORIENTED_EDGE('',*,*,#795,.F.);
#1113=ORIENTED_EDGE('',*,*,#801,.F.);
#1114=ORIENTED_EDGE('',*,*,#802,.F.);
#1115=ORIENTED_EDGE('',*,*,#799,.T.);
#1116=ORIENTED_EDGE('',*,*,#791,.F.);
#1117=ORIENTED_EDGE('',*,*,#803,.F.);
#1118=ORIENTED_EDGE('',*,*,#804,.F.);
#1119=ORIENTED_EDGE('',*,*,#801,.T.);
#1120=ORIENTED_EDGE('',*,*,#779,.F.);
#1121=ORIENTED_EDGE('',*,*,#783,.F.);
#1122=ORIENTED_EDGE('',*,*,#788,.F.);
#1123=ORIENTED_EDGE('',*,*,#793,.F.);
#1124=ORIENTED_EDGE('',*,*,#805,.F.);
#1125=ORIENTED_EDGE('',*,*,#806,.F.);
#1126=ORIENTED_EDGE('',*,*,#807,.F.);
#1127=ORIENTED_EDGE('',*,*,#808,.F.);
#1128=ORIENTED_EDGE('',*,*,#809,.F.);
#1129=ORIENTED_EDGE('',*,*,#810,.F.);
#1130=ORIENTED_EDGE('',*,*,#811,.F.);
#1131=ORIENTED_EDGE('',*,*,#812,.F.);
#1132=ORIENTED_EDGE('',*,*,#813,.T.);
#1133=ORIENTED_EDGE('',*,*,#797,.T.);
#1134=ORIENTED_EDGE('',*,*,#800,.T.);
#1135=ORIENTED_EDGE('',*,*,#802,.T.);
#1136=ORIENTED_EDGE('',*,*,#804,.T.);
#1137=ORIENTED_EDGE('',*,*,#814,.T.);
#1138=ORIENTED_EDGE('',*,*,#815,.T.);
#1139=ORIENTED_EDGE('',*,*,#816,.T.);
#1140=ORIENTED_EDGE('',*,*,#806,.T.);
#1141=ORIENTED_EDGE('',*,*,#817,.T.);
#1142=ORIENTED_EDGE('',*,*,#818,.F.);
#1143=ORIENTED_EDGE('',*,*,#819,.F.);
#1144=ORIENTED_EDGE('',*,*,#807,.T.);
#1145=ORIENTED_EDGE('',*,*,#819,.T.);
#1146=ORIENTED_EDGE('',*,*,#820,.F.);
#1147=ORIENTED_EDGE('',*,*,#821,.F.);
#1148=ORIENTED_EDGE('',*,*,#808,.T.);
#1149=ORIENTED_EDGE('',*,*,#821,.T.);
#1150=ORIENTED_EDGE('',*,*,#822,.F.);
#1151=ORIENTED_EDGE('',*,*,#823,.F.);
#1152=ORIENTED_EDGE('',*,*,#809,.T.);
#1153=ORIENTED_EDGE('',*,*,#823,.T.);
#1154=ORIENTED_EDGE('',*,*,#824,.F.);
#1155=ORIENTED_EDGE('',*,*,#825,.F.);
#1156=ORIENTED_EDGE('',*,*,#810,.T.);
#1157=ORIENTED_EDGE('',*,*,#825,.T.);
#1158=ORIENTED_EDGE('',*,*,#826,.F.);
#1159=ORIENTED_EDGE('',*,*,#827,.F.);
#1160=ORIENTED_EDGE('',*,*,#811,.T.);
#1161=ORIENTED_EDGE('',*,*,#827,.T.);
#1162=ORIENTED_EDGE('',*,*,#828,.F.);
#1163=ORIENTED_EDGE('',*,*,#829,.F.);
#1164=ORIENTED_EDGE('',*,*,#812,.T.);
#1165=ORIENTED_EDGE('',*,*,#829,.T.);
#1166=ORIENTED_EDGE('',*,*,#830,.F.);
#1167=ORIENTED_EDGE('',*,*,#831,.F.);
#1168=ORIENTED_EDGE('',*,*,#805,.T.);
#1169=ORIENTED_EDGE('',*,*,#831,.T.);
#1170=ORIENTED_EDGE('',*,*,#832,.F.);
#1171=ORIENTED_EDGE('',*,*,#817,.F.);
#1172=ORIENTED_EDGE('',*,*,#832,.T.);
#1173=ORIENTED_EDGE('',*,*,#830,.T.);
#1174=ORIENTED_EDGE('',*,*,#828,.T.);
#1175=ORIENTED_EDGE('',*,*,#826,.T.);
#1176=ORIENTED_EDGE('',*,*,#824,.T.);
#1177=ORIENTED_EDGE('',*,*,#822,.T.);
#1178=ORIENTED_EDGE('',*,*,#820,.T.);
#1179=ORIENTED_EDGE('',*,*,#818,.T.);
#1180=ORIENTED_EDGE('',*,*,#781,.F.);
#1181=ORIENTED_EDGE('',*,*,#798,.F.);
#1182=ORIENTED_EDGE('',*,*,#813,.F.);
#1183=ORIENTED_EDGE('',*,*,#833,.T.);
#1184=ORIENTED_EDGE('',*,*,#789,.F.);
#1185=ORIENTED_EDGE('',*,*,#833,.F.);
#1186=ORIENTED_EDGE('',*,*,#816,.F.);
#1187=ORIENTED_EDGE('',*,*,#834,.T.);
#1188=ORIENTED_EDGE('',*,*,#786,.F.);
#1189=ORIENTED_EDGE('',*,*,#834,.F.);
#1190=ORIENTED_EDGE('',*,*,#815,.F.);
#1191=ORIENTED_EDGE('',*,*,#835,.T.);
#1192=ORIENTED_EDGE('',*,*,#794,.F.);
#1193=ORIENTED_EDGE('',*,*,#835,.F.);
#1194=ORIENTED_EDGE('',*,*,#814,.F.);
#1195=ORIENTED_EDGE('',*,*,#803,.T.);
#1196=B_SPLINE_SURFACE_WITH_KNOTS('',3,3,((#1847,#1848,#1849,#1850,#1851,
#1852),(#1853,#1854,#1855,#1856,#1857,#1858),(#1859,#1860,#1861,#1862,#1863,
#1864),(#1865,#1866,#1867,#1868,#1869,#1870),(#1871,#1872,#1873,#1874,#1875,
#1876)),.UNSPECIFIED.,.F.,.F.,.F.,(4,1,4),(4,1,1,4),(0.,0.571428571428571,
1.),(-4.57533316788899E-17,0.448798950512828,0.673198425769241,1.5707963267949),
 .UNSPECIFIED.);
#1197=B_SPLINE_SURFACE_WITH_KNOTS('',3,3,((#1883,#1884,#1885,#1886,#1887,
#1888),(#1889,#1890,#1891,#1892,#1893,#1894),(#1895,#1896,#1897,#1898,#1899,
#1900),(#1901,#1902,#1903,#1904,#1905,#1906),(#1907,#1908,#1909,#1910,#1911,
#1912)),.UNSPECIFIED.,.F.,.F.,.F.,(4,1,4),(4,1,1,4),(0.,0.571428571428571,
1.),(-4.57533316788872E-17,0.448798950512828,0.673198425769241,1.5707963267949),
 .UNSPECIFIED.);
#1198=B_SPLINE_SURFACE_WITH_KNOTS('',3,3,((#1919,#1920,#1921,#1922,#1923,
#1924),(#1925,#1926,#1927,#1928,#1929,#1930),(#1931,#1932,#1933,#1934,#1935,
#1936),(#1937,#1938,#1939,#1940,#1941,#1942),(#1943,#1944,#1945,#1946,#1947,
#1948)),.UNSPECIFIED.,.F.,.F.,.F.,(4,1,4),(4,1,1,4),(0.,0.571428571428571,
1.),(1.73472347597682E-16,0.448798950512828,0.673198425769242,1.5707963267949),
 .UNSPECIFIED.);
#1199=B_SPLINE_SURFACE_WITH_KNOTS('',3,3,((#1955,#1956,#1957,#1958,#1959,
#1960),(#1961,#1962,#1963,#1964,#1965,#1966),(#1967,#1968,#1969,#1970,#1971,
#1972),(#1973,#1974,#1975,#1976,#1977,#1978),(#1979,#1980,#1981,#1982,#1983,
#1984)),.UNSPECIFIED.,.F.,.F.,.F.,(4,1,4),(4,1,1,4),(0.,0.571428571428571,
1.),(8.673617379884E-17,0.448798950512828,0.673198425769241,1.5707963267949),
 .UNSPECIFIED.);
#1200=B_SPLINE_SURFACE_WITH_KNOTS('',3,3,((#2086,#2087,#2088,#2089,#2090,
#2091),(#2092,#2093,#2094,#2095,#2096,#2097),(#2098,#2099,#2100,#2101,#2102,
#2103),(#2104,#2105,#2106,#2107,#2108,#2109),(#2110,#2111,#2112,#2113,#2114,
#2115)),.UNSPECIFIED.,.F.,.F.,.F.,(4,1,4),(4,1,1,4),(0.,0.571428571428571,
1.),(1.15648231731784E-16,0.448798950512828,0.897597901025655,1.5707963267949),
 .UNSPECIFIED.);
#1201=B_SPLINE_SURFACE_WITH_KNOTS('',3,3,((#2122,#2123,#2124,#2125,#2126,
#2127,#2128),(#2129,#2130,#2131,#2132,#2133,#2134,#2135),(#2136,#2137,#2138,
#2139,#2140,#2141,#2142),(#2143,#2144,#2145,#2146,#2147,#2148,#2149),(#2150,
#2151,#2152,#2153,#2154,#2155,#2156)),.UNSPECIFIED.,.F.,.F.,.F.,(4,1,4),
(4,1,1,1,4),(0.,0.571428571428571,1.),(0.,0.224399475256414,0.673198425769241,
1.12199737628207,1.5707963267949),.UNSPECIFIED.);
#1202=B_SPLINE_SURFACE_WITH_KNOTS('',3,3,((#2163,#2164,#2165,#2166,#2167,
#2168,#2169),(#2170,#2171,#2172,#2173,#2174,#2175,#2176),(#2177,#2178,#2179,
#2180,#2181,#2182,#2183),(#2184,#2185,#2186,#2187,#2188,#2189,#2190),(#2191,
#2192,#2193,#2194,#2195,#2196,#2197)),.UNSPECIFIED.,.F.,.F.,.F.,(4,1,4),
(4,1,1,1,4),(0.,0.571428571428571,1.),(0.,0.224399475256414,0.673198425769241,
1.12199737628207,1.5707963267949),.UNSPECIFIED.);
#1203=B_SPLINE_SURFACE_WITH_KNOTS('',3,3,((#2204,#2205,#2206,#2207,#2208,
#2209,#2210),(#2211,#2212,#2213,#2214,#2215,#2216,#2217),(#2218,#2219,#2220,
#2221,#2222,#2223,#2224),(#2225,#2226,#2227,#2228,#2229,#2230,#2231),(#2232,
#2233,#2234,#2235,#2236,#2237,#2238)),.UNSPECIFIED.,.F.,.F.,.F.,(4,1,4),
(4,1,1,1,4),(0.,0.571428571428571,1.),(0.,0.224399475256414,0.673198425769241,
1.12199737628207,1.5707963267949),.UNSPECIFIED.);
#1204=ADVANCED_FACE('',(#311),#1196,.F.);
#1205=ADVANCED_FACE('',(#312),#1197,.F.);
#1206=ADVANCED_FACE('',(#313),#1198,.F.);
#1207=ADVANCED_FACE('',(#314),#1199,.F.);
#1208=ADVANCED_FACE('',(#315),#275,.T.);
#1209=ADVANCED_FACE('',(#316),#276,.T.);
#1210=ADVANCED_FACE('',(#317),#277,.T.);
#1211=ADVANCED_FACE('',(#318),#278,.T.);
#1212=ADVANCED_FACE('',(#319),#26,.T.);
#1213=ADVANCED_FACE('',(#320),#279,.T.);
#1214=ADVANCED_FACE('',(#321),#27,.T.);
#1215=ADVANCED_FACE('',(#322),#280,.T.);
#1216=ADVANCED_FACE('',(#323),#28,.T.);
#1217=ADVANCED_FACE('',(#324,#23),#29,.F.);
#1218=ADVANCED_FACE('',(#325),#30,.T.);
#1219=ADVANCED_FACE('',(#326),#281,.T.);
#1220=ADVANCED_FACE('',(#327),#31,.T.);
#1221=ADVANCED_FACE('',(#328),#282,.T.);
#1222=ADVANCED_FACE('',(#329),#32,.T.);
#1223=ADVANCED_FACE('',(#330),#283,.T.);
#1224=ADVANCED_FACE('',(#331),#33,.T.);
#1225=ADVANCED_FACE('',(#332),#284,.T.);
#1226=ADVANCED_FACE('',(#333),#34,.T.);
#1227=ADVANCED_FACE('',(#334),#285,.T.);
#1228=ADVANCED_FACE('',(#335),#35,.T.);
#1229=ADVANCED_FACE('',(#336),#286,.T.);
#1230=ADVANCED_FACE('',(#337),#36,.T.);
#1231=ADVANCED_FACE('',(#338),#1200,.F.);
#1232=ADVANCED_FACE('',(#339),#1201,.F.);
#1233=ADVANCED_FACE('',(#340),#1202,.F.);
#1234=ADVANCED_FACE('',(#341),#1203,.F.);
#1235=ADVANCED_FACE('',(#342),#287,.T.);
#1236=ADVANCED_FACE('',(#343),#288,.T.);
#1237=ADVANCED_FACE('',(#344),#289,.T.);
#1238=ADVANCED_FACE('',(#345),#290,.T.);
#1239=ADVANCED_FACE('',(#346),#37,.T.);
#1240=ADVANCED_FACE('',(#347),#291,.T.);
#1241=ADVANCED_FACE('',(#348),#38,.T.);
#1242=ADVANCED_FACE('',(#349),#292,.T.);
#1243=ADVANCED_FACE('',(#350),#39,.T.);
#1244=ADVANCED_FACE('',(#351,#24),#40,.F.);
#1245=ADVANCED_FACE('',(#352),#41,.T.);
#1246=ADVANCED_FACE('',(#353),#293,.T.);
#1247=ADVANCED_FACE('',(#354),#42,.T.);
#1248=ADVANCED_FACE('',(#355),#294,.T.);
#1249=ADVANCED_FACE('',(#356),#43,.T.);
#1250=ADVANCED_FACE('',(#357),#295,.T.);
#1251=ADVANCED_FACE('',(#358),#44,.T.);
#1252=ADVANCED_FACE('',(#359),#296,.T.);
#1253=ADVANCED_FACE('',(#360),#45,.T.);
#1254=ADVANCED_FACE('',(#361),#297,.T.);
#1255=ADVANCED_FACE('',(#362),#46,.T.);
#1256=ADVANCED_FACE('',(#363),#298,.T.);
#1257=ADVANCED_FACE('',(#364),#47,.T.);
#1258=ADVANCED_FACE('',(#365),#299,.T.);
#1259=ADVANCED_FACE('',(#366),#300,.T.);
#1260=ADVANCED_FACE('',(#367),#13,.T.);
#1261=ADVANCED_FACE('',(#368),#301,.T.);
#1262=ADVANCED_FACE('',(#369),#14,.T.);
#1263=ADVANCED_FACE('',(#370),#302,.T.);
#1264=ADVANCED_FACE('',(#371),#15,.T.);
#1265=ADVANCED_FACE('',(#372),#16,.T.);
#1266=ADVANCED_FACE('',(#373),#303,.T.);
#1267=ADVANCED_FACE('',(#374),#48,.T.);
#1268=ADVANCED_FACE('',(#375),#304,.T.);
#1269=ADVANCED_FACE('',(#376),#49,.T.);
#1270=ADVANCED_FACE('',(#377),#50,.T.);
#1271=ADVANCED_FACE('',(#378,#25),#51,.F.);
#1272=ADVANCED_FACE('',(#379),#52,.T.);
#1273=ADVANCED_FACE('',(#380),#305,.T.);
#1274=ADVANCED_FACE('',(#381),#53,.T.);
#1275=ADVANCED_FACE('',(#382),#306,.T.);
#1276=ADVANCED_FACE('',(#383),#54,.T.);
#1277=ADVANCED_FACE('',(#384),#307,.T.);
#1278=ADVANCED_FACE('',(#385),#55,.T.);
#1279=ADVANCED_FACE('',(#386),#308,.T.);
#1280=ADVANCED_FACE('',(#387),#56,.T.);
#1281=ADVANCED_FACE('',(#388),#57,.T.);
#1282=ADVANCED_FACE('',(#389),#309,.T.);
#1283=ADVANCED_FACE('',(#390),#58,.T.);
#1284=ADVANCED_FACE('',(#391),#310,.T.);
#1285=CLOSED_SHELL('',(#1204,#1205,#1206,#1207,#1208,#1209,#1210,#1211,
#1212,#1213,#1214,#1215,#1216,#1217,#1218,#1219,#1220,#1221,#1222,#1223,
#1224,#1225,#1226,#1227,#1228,#1229,#1230));
#1286=CLOSED_SHELL('',(#1231,#1232,#1233,#1234,#1235,#1236,#1237,#1238,
#1239,#1240,#1241,#1242,#1243,#1244,#1245,#1246,#1247,#1248,#1249,#1250,
#1251,#1252,#1253,#1254,#1255,#1256,#1257));
#1287=CLOSED_SHELL('',(#1258,#1259,#1260,#1261,#1262,#1263,#1264,#1265,
#1266,#1267,#1268,#1269,#1270,#1271,#1272,#1273,#1274,#1275,#1276,#1277,
#1278,#1279,#1280,#1281,#1282,#1283,#1284));
#1288=DERIVED_UNIT_ELEMENT(#1290,1.);
#1289=DERIVED_UNIT_ELEMENT(#2468,-3.);
#1290=(
MASS_UNIT()
NAMED_UNIT(*)
SI_UNIT(.KILO.,.GRAM.)
);
#1291=DERIVED_UNIT((#1288,#1289));
#1292=MEASURE_REPRESENTATION_ITEM('density measure',
POSITIVE_RATIO_MEASURE(7850.),#1291);
#1293=PROPERTY_DEFINITION_REPRESENTATION(#1298,#1295);
#1294=PROPERTY_DEFINITION_REPRESENTATION(#1299,#1296);
#1295=REPRESENTATION('material name',(#1297),#2465);
#1296=REPRESENTATION('density',(#1292),#2465);
#1297=DESCRIPTIVE_REPRESENTATION_ITEM('Steel','Steel');
#1298=PROPERTY_DEFINITION('material property','material name',#2475);
#1299=PROPERTY_DEFINITION('material property','density of part',#2475);
#1300=AXIS2_PLACEMENT_3D('',#1846,#1446,#1447);
#1301=AXIS2_PLACEMENT_3D('',#1879,#1448,#1449);
#1302=AXIS2_PLACEMENT_3D('',#1881,#1450,#1451);
#1303=AXIS2_PLACEMENT_3D('',#1882,#1452,#1453);
#1304=AXIS2_PLACEMENT_3D('',#1915,#1454,#1455);
#1305=AXIS2_PLACEMENT_3D('',#1917,#1456,#1457);
#1306=AXIS2_PLACEMENT_3D('',#1918,#1458,#1459);
#1307=AXIS2_PLACEMENT_3D('',#1951,#1460,#1461);
#1308=AXIS2_PLACEMENT_3D('',#1953,#1462,#1463);
#1309=AXIS2_PLACEMENT_3D('',#1954,#1464,#1465);
#1310=AXIS2_PLACEMENT_3D('',#1987,#1466,#1467);
#1311=AXIS2_PLACEMENT_3D('',#1989,#1468,#1469);
#1312=AXIS2_PLACEMENT_3D('',#1990,#1470,#1471);
#1313=AXIS2_PLACEMENT_3D('',#1991,#1472,#1473);
#1314=AXIS2_PLACEMENT_3D('',#1994,#1476,#1477);
#1315=AXIS2_PLACEMENT_3D('',#1997,#1480,#1481);
#1316=AXIS2_PLACEMENT_3D('',#2000,#1484,#1485);
#1317=AXIS2_PLACEMENT_3D('',#2003,#1488,#1489);
#1318=AXIS2_PLACEMENT_3D('',#2009,#1493,#1494);
#1319=AXIS2_PLACEMENT_3D('',#2012,#1496,#1497);
#1320=AXIS2_PLACEMENT_3D('',#2013,#1498,#1499);
#1321=AXIS2_PLACEMENT_3D('',#2017,#1502,#1503);
#1322=AXIS2_PLACEMENT_3D('',#2020,#1505,#1506);
#1323=AXIS2_PLACEMENT_3D('',#2021,#1507,#1508);
#1324=AXIS2_PLACEMENT_3D('',#2022,#1509,#1510);
#1325=AXIS2_PLACEMENT_3D('',#2025,#1511,#1512);
#1326=AXIS2_PLACEMENT_3D('',#2029,#1514,#1515);
#1327=AXIS2_PLACEMENT_3D('',#2033,#1517,#1518);
#1328=AXIS2_PLACEMENT_3D('',#2037,#1520,#1521);
#1329=AXIS2_PLACEMENT_3D('',#2042,#1524,#1525);
#1330=AXIS2_PLACEMENT_3D('',#2045,#1527,#1528);
#1331=AXIS2_PLACEMENT_3D('',#2046,#1529,#1530);
#1332=AXIS2_PLACEMENT_3D('',#2052,#1534,#1535);
#1333=AXIS2_PLACEMENT_3D('',#2054,#1536,#1537);
#1334=AXIS2_PLACEMENT_3D('',#2056,#1539,#1540);
#1335=AXIS2_PLACEMENT_3D('',#2060,#1543,#1544);
#1336=AXIS2_PLACEMENT_3D('',#2062,#1545,#1546);
#1337=AXIS2_PLACEMENT_3D('',#2064,#1548,#1549);
#1338=AXIS2_PLACEMENT_3D('',#2068,#1552,#1553);
#1339=AXIS2_PLACEMENT_3D('',#2070,#1554,#1555);
#1340=AXIS2_PLACEMENT_3D('',#2072,#1557,#1558);
#1341=AXIS2_PLACEMENT_3D('',#2076,#1561,#1562);
#1342=AXIS2_PLACEMENT_3D('',#2077,#1563,#1564);
#1343=AXIS2_PLACEMENT_3D('',#2078,#1565,#1566);
#1344=AXIS2_PLACEMENT_3D('',#2079,#1567,#1568);
#1345=AXIS2_PLACEMENT_3D('',#2081,#1570,#1571);
#1346=AXIS2_PLACEMENT_3D('',#2083,#1573,#1574);
#1347=AXIS2_PLACEMENT_3D('',#2085,#1576,#1577);
#1348=AXIS2_PLACEMENT_3D('',#2118,#1578,#1579);
#1349=AXIS2_PLACEMENT_3D('',#2120,#1580,#1581);
#1350=AXIS2_PLACEMENT_3D('',#2121,#1582,#1583);
#1351=AXIS2_PLACEMENT_3D('',#2159,#1584,#1585);
#1352=AXIS2_PLACEMENT_3D('',#2161,#1586,#1587);
#1353=AXIS2_PLACEMENT_3D('',#2162,#1588,#1589);
#1354=AXIS2_PLACEMENT_3D('',#2200,#1590,#1591);
#1355=AXIS2_PLACEMENT_3D('',#2202,#1592,#1593);
#1356=AXIS2_PLACEMENT_3D('',#2203,#1594,#1595);
#1357=AXIS2_PLACEMENT_3D('',#2241,#1596,#1597);
#1358=AXIS2_PLACEMENT_3D('',#2243,#1598,#1599);
#1359=AXIS2_PLACEMENT_3D('',#2244,#1600,#1601);
#1360=AXIS2_PLACEMENT_3D('',#2245,#1602,#1603);
#1361=AXIS2_PLACEMENT_3D('',#2248,#1606,#1607);
#1362=AXIS2_PLACEMENT_3D('',#2251,#1610,#1611);
#1363=AXIS2_PLACEMENT_3D('',#2254,#1614,#1615);
#1364=AXIS2_PLACEMENT_3D('',#2257,#1618,#1619);
#1365=AXIS2_PLACEMENT_3D('',#2263,#1623,#1624);
#1366=AXIS2_PLACEMENT_3D('',#2266,#1626,#1627);
#1367=AXIS2_PLACEMENT_3D('',#2267,#1628,#1629);
#1368=AXIS2_PLACEMENT_3D('',#2271,#1632,#1633);
#1369=AXIS2_PLACEMENT_3D('',#2274,#1635,#1636);
#1370=AXIS2_PLACEMENT_3D('',#2275,#1637,#1638);
#1371=AXIS2_PLACEMENT_3D('',#2276,#1639,#1640);
#1372=AXIS2_PLACEMENT_3D('',#2279,#1641,#1642);
#1373=AXIS2_PLACEMENT_3D('',#2283,#1644,#1645);
#1374=AXIS2_PLACEMENT_3D('',#2287,#1647,#1648);
#1375=AXIS2_PLACEMENT_3D('',#2291,#1650,#1651);
#1376=AXIS2_PLACEMENT_3D('',#2296,#1654,#1655);
#1377=AXIS2_PLACEMENT_3D('',#2299,#1657,#1658);
#1378=AXIS2_PLACEMENT_3D('',#2300,#1659,#1660);
#1379=AXIS2_PLACEMENT_3D('',#2306,#1664,#1665);
#1380=AXIS2_PLACEMENT_3D('',#2308,#1666,#1667);
#1381=AXIS2_PLACEMENT_3D('',#2310,#1669,#1670);
#1382=AXIS2_PLACEMENT_3D('',#2314,#1673,#1674);
#1383=AXIS2_PLACEMENT_3D('',#2316,#1675,#1676);
#1384=AXIS2_PLACEMENT_3D('',#2318,#1678,#1679);
#1385=AXIS2_PLACEMENT_3D('',#2322,#1682,#1683);
#1386=AXIS2_PLACEMENT_3D('',#2324,#1684,#1685);
#1387=AXIS2_PLACEMENT_3D('',#2326,#1687,#1688);
#1388=AXIS2_PLACEMENT_3D('',#2330,#1691,#1692);
#1389=AXIS2_PLACEMENT_3D('',#2331,#1693,#1694);
#1390=AXIS2_PLACEMENT_3D('',#2332,#1695,#1696);
#1391=AXIS2_PLACEMENT_3D('',#2333,#1697,#1698);
#1392=AXIS2_PLACEMENT_3D('',#2335,#1700,#1701);
#1393=AXIS2_PLACEMENT_3D('',#2337,#1703,#1704);
#1394=AXIS2_PLACEMENT_3D('',#2339,#1706,#1707);
#1395=AXIS2_PLACEMENT_3D('',#2340,#1708,#1709);
#1396=AXIS2_PLACEMENT_3D('',#2343,#1710,#1711);
#1397=AXIS2_PLACEMENT_3D('',#2347,#1713,#1714);
#1398=AXIS2_PLACEMENT_3D('',#2349,#1716,#1717);
#1399=AXIS2_PLACEMENT_3D('',#2351,#1718,#1719);
#1400=AXIS2_PLACEMENT_3D('',#2355,#1721,#1722);
#1401=AXIS2_PLACEMENT_3D('',#2357,#1724,#1725);
#1402=AXIS2_PLACEMENT_3D('',#2358,#1726,#1727);
#1403=AXIS2_PLACEMENT_3D('',#2359,#1728,#1729);
#1404=AXIS2_PLACEMENT_3D('',#2361,#1730,#1731);
#1405=AXIS2_PLACEMENT_3D('',#2365,#1733,#1734);
#1406=AXIS2_PLACEMENT_3D('',#2367,#1736,#1737);
#1407=AXIS2_PLACEMENT_3D('',#2368,#1738,#1739);
#1408=AXIS2_PLACEMENT_3D('',#2369,#1740,#1741);
#1409=AXIS2_PLACEMENT_3D('',#2371,#1742,#1743);
#1410=AXIS2_PLACEMENT_3D('',#2374,#1745,#1746);
#1411=AXIS2_PLACEMENT_3D('',#2376,#1748,#1749);
#1412=AXIS2_PLACEMENT_3D('',#2377,#1750,#1751);
#1413=AXIS2_PLACEMENT_3D('',#2378,#1752,#1753);
#1414=AXIS2_PLACEMENT_3D('',#2379,#1754,#1755);
#1415=AXIS2_PLACEMENT_3D('',#2380,#1756,#1757);
#1416=AXIS2_PLACEMENT_3D('',#2384,#1759,#1760);
#1417=AXIS2_PLACEMENT_3D('',#2386,#1762,#1763);
#1418=AXIS2_PLACEMENT_3D('',#2390,#1766,#1767);
#1419=AXIS2_PLACEMENT_3D('',#2393,#1769,#1770);
#1420=AXIS2_PLACEMENT_3D('',#2394,#1771,#1772);
#1421=AXIS2_PLACEMENT_3D('',#2398,#1775,#1776);
#1422=AXIS2_PLACEMENT_3D('',#2399,#1777,#1778);
#1423=AXIS2_PLACEMENT_3D('',#2402,#1779,#1780);
#1424=AXIS2_PLACEMENT_3D('',#2406,#1782,#1783);
#1425=AXIS2_PLACEMENT_3D('',#2410,#1785,#1786);
#1426=AXIS2_PLACEMENT_3D('',#2414,#1788,#1789);
#1427=AXIS2_PLACEMENT_3D('',#2419,#1792,#1793);
#1428=AXIS2_PLACEMENT_3D('',#2422,#1795,#1796);
#1429=AXIS2_PLACEMENT_3D('',#2423,#1797,#1798);
#1430=AXIS2_PLACEMENT_3D('',#2429,#1802,#1803);
#1431=AXIS2_PLACEMENT_3D('',#2431,#1804,#1805);
#1432=AXIS2_PLACEMENT_3D('',#2433,#1807,#1808);
#1433=AXIS2_PLACEMENT_3D('',#2437,#1811,#1812);
#1434=AXIS2_PLACEMENT_3D('',#2439,#1813,#1814);
#1435=AXIS2_PLACEMENT_3D('',#2441,#1816,#1817);
#1436=AXIS2_PLACEMENT_3D('',#2445,#1820,#1821);
#1437=AXIS2_PLACEMENT_3D('',#2447,#1822,#1823);
#1438=AXIS2_PLACEMENT_3D('',#2449,#1825,#1826);
#1439=AXIS2_PLACEMENT_3D('',#2453,#1829,#1830);
#1440=AXIS2_PLACEMENT_3D('',#2454,#1831,#1832);
#1441=AXIS2_PLACEMENT_3D('',#2455,#1833,#1834);
#1442=AXIS2_PLACEMENT_3D('',#2456,#1835,#1836);
#1443=AXIS2_PLACEMENT_3D('',#2458,#1838,#1839);
#1444=AXIS2_PLACEMENT_3D('',#2460,#1841,#1842);
#1445=AXIS2_PLACEMENT_3D('',#2462,#1844,#1845);
#1446=DIRECTION('axis',(0.,0.,1.));
#1447=DIRECTION('refdir',(1.,0.,0.));
#1448=DIRECTION('center_axis',(0.995037190209989,-0.0995037190209968,0.));
#1449=DIRECTION('ref_axis',(0.0995037190209968,0.995037190209989,0.));
#1450=DIRECTION('center_axis',(-0.0995037190209935,0.99503719020999,0.));
#1451=DIRECTION('ref_axis',(0.99503719020999,0.0995037190209934,0.));
#1452=DIRECTION('center_axis',(0.,0.,1.));
#1453=DIRECTION('ref_axis',(1.,-1.23358113847239E-15,0.));
#1454=DIRECTION('center_axis',(-0.0995037190210011,-0.995037190209989,0.));
#1455=DIRECTION('ref_axis',(0.995037190209989,-0.0995037190210011,0.));
#1456=DIRECTION('center_axis',(0.995037190209989,0.0995037190210012,0.));
#1457=DIRECTION('ref_axis',(0.0995037190210012,-0.995037190209989,0.));
#1458=DIRECTION('center_axis',(0.,0.,1.));
#1459=DIRECTION('ref_axis',(0.,-1.,0.));
#1460=DIRECTION('center_axis',(-0.995037190209989,0.099503719020999,0.));
#1461=DIRECTION('ref_axis',(-0.099503719020999,-0.995037190209989,0.));
#1462=DIRECTION('center_axis',(0.0995037190209978,-0.995037190209989,0.));
#1463=DIRECTION('ref_axis',(-0.995037190209989,-0.0995037190209978,0.));
#1464=DIRECTION('center_axis',(0.,0.,1.));
#1465=DIRECTION('ref_axis',(-1.,1.2335811384724E-15,0.));
#1466=DIRECTION('center_axis',(0.099503719021,0.995037190209989,0.));
#1467=DIRECTION('ref_axis',(-0.995037190209989,0.099503719021,0.));
#1468=DIRECTION('center_axis',(-0.995037190209989,-0.099503719020999,0.));
#1469=DIRECTION('ref_axis',(-0.099503719020999,0.995037190209989,0.));
#1470=DIRECTION('center_axis',(0.,0.,1.));
#1471=DIRECTION('ref_axis',(0.,1.,0.));
#1472=DIRECTION('center_axis',(-1.,0.,0.));
#1473=DIRECTION('ref_axis',(0.,0.707106781186545,0.70710678118655));
#1474=DIRECTION('',(-1.,0.,0.));
#1475=DIRECTION('',(1.,0.,0.));
#1476=DIRECTION('center_axis',(-1.48029736616687E-15,-1.,0.));
#1477=DIRECTION('ref_axis',(-0.707106781186546,0.,0.707106781186549));
#1478=DIRECTION('',(1.48029736616687E-15,1.,0.));
#1479=DIRECTION('',(-1.48029736616687E-15,-1.,0.));
#1480=DIRECTION('center_axis',(1.,0.,0.));
#1481=DIRECTION('ref_axis',(0.,-0.707106781186545,0.70710678118655));
#1482=DIRECTION('',(-1.,0.,0.));
#1483=DIRECTION('',(1.,0.,0.));
#1484=DIRECTION('center_axis',(1.48029736616687E-15,1.,0.));
#1485=DIRECTION('ref_axis',(0.707106781186546,-1.57009245868377E-15,0.707106781186549));
#1486=DIRECTION('',(-1.48029736616687E-15,-1.,0.));
#1487=DIRECTION('',(1.48029736616687E-15,1.,0.));
#1488=DIRECTION('center_axis',(0.,-1.,0.));
#1489=DIRECTION('ref_axis',(-1.,0.,0.));
#1490=DIRECTION('',(0.,0.,1.));
#1491=DIRECTION('',(-1.,0.,0.));
#1492=DIRECTION('',(0.,0.,1.));
#1493=DIRECTION('center_axis',(0.,0.,-1.));
#1494=DIRECTION('ref_axis',(-1.,-1.2335811384724E-15,0.));
#1495=DIRECTION('',(0.,0.,1.));
#1496=DIRECTION('center_axis',(0.,0.,-1.));
#1497=DIRECTION('ref_axis',(-1.,-1.2335811384724E-15,0.));
#1498=DIRECTION('center_axis',(-1.,1.48029736616687E-15,0.));
#1499=DIRECTION('ref_axis',(1.48029736616687E-15,1.,0.));
#1500=DIRECTION('',(0.,0.,1.));
#1501=DIRECTION('',(1.48029736616687E-15,1.,0.));
#1502=DIRECTION('center_axis',(0.,0.,-1.));
#1503=DIRECTION('ref_axis',(0.,1.,0.));
#1504=DIRECTION('',(0.,0.,-1.));
#1505=DIRECTION('center_axis',(0.,0.,-1.));
#1506=DIRECTION('ref_axis',(0.,1.,0.));
#1507=DIRECTION('center_axis',(0.,0.,1.));
#1508=DIRECTION('ref_axis',(-1.,0.,0.));
#1509=DIRECTION('center_axis',(0.,0.,-1.));
#1510=DIRECTION('ref_axis',(1.,0.,0.));
#1511=DIRECTION('center_axis',(0.,0.,-1.));
#1512=DIRECTION('ref_axis',(0.,1.,0.));
#1513=DIRECTION('',(1.,0.,0.));
#1514=DIRECTION('center_axis',(0.,0.,-1.));
#1515=DIRECTION('ref_axis',(-1.,0.,0.));
#1516=DIRECTION('',(0.,1.,0.));
#1517=DIRECTION('center_axis',(0.,0.,-1.));
#1518=DIRECTION('ref_axis',(0.,-1.,0.));
#1519=DIRECTION('',(-1.,0.,0.));
#1520=DIRECTION('center_axis',(0.,0.,-1.));
#1521=DIRECTION('ref_axis',(1.,0.,0.));
#1522=DIRECTION('',(-1.48029736616687E-15,-1.,0.));
#1523=DIRECTION('',(1.,0.,0.));
#1524=DIRECTION('center_axis',(0.,0.,-1.));
#1525=DIRECTION('ref_axis',(1.,1.23358113847239E-15,0.));
#1526=DIRECTION('',(-1.48029736616687E-15,-1.,0.));
#1527=DIRECTION('center_axis',(0.,0.,-1.));
#1528=DIRECTION('ref_axis',(0.,-1.,0.));
#1529=DIRECTION('center_axis',(0.,1.,0.));
#1530=DIRECTION('ref_axis',(1.,0.,0.));
#1531=DIRECTION('',(0.,0.,-1.));
#1532=DIRECTION('',(1.,0.,0.));
#1533=DIRECTION('',(0.,0.,-1.));
#1534=DIRECTION('center_axis',(0.,0.,-1.));
#1535=DIRECTION('ref_axis',(-1.,0.,0.));
#1536=DIRECTION('center_axis',(0.,0.,-1.));
#1537=DIRECTION('ref_axis',(-1.,0.,0.));
#1538=DIRECTION('',(0.,0.,-1.));
#1539=DIRECTION('center_axis',(-1.,0.,0.));
#1540=DIRECTION('ref_axis',(0.,1.,0.));
#1541=DIRECTION('',(0.,1.,0.));
#1542=DIRECTION('',(0.,0.,-1.));
#1543=DIRECTION('center_axis',(0.,0.,-1.));
#1544=DIRECTION('ref_axis',(0.,-1.,0.));
#1545=DIRECTION('center_axis',(0.,0.,-1.));
#1546=DIRECTION('ref_axis',(0.,-1.,0.));
#1547=DIRECTION('',(0.,0.,-1.));
#1548=DIRECTION('center_axis',(0.,-1.,0.));
#1549=DIRECTION('ref_axis',(-1.,0.,0.));
#1550=DIRECTION('',(-1.,0.,0.));
#1551=DIRECTION('',(0.,0.,-1.));
#1552=DIRECTION('center_axis',(0.,0.,-1.));
#1553=DIRECTION('ref_axis',(1.,0.,0.));
#1554=DIRECTION('center_axis',(0.,0.,-1.));
#1555=DIRECTION('ref_axis',(1.,0.,0.));
#1556=DIRECTION('',(0.,0.,-1.));
#1557=DIRECTION('center_axis',(1.,-1.48029736616687E-15,0.));
#1558=DIRECTION('ref_axis',(-1.48029736616687E-15,-1.,0.));
#1559=DIRECTION('',(-1.48029736616687E-15,-1.,0.));
#1560=DIRECTION('',(0.,0.,-1.));
#1561=DIRECTION('center_axis',(0.,0.,-1.));
#1562=DIRECTION('ref_axis',(0.,1.,0.));
#1563=DIRECTION('center_axis',(0.,0.,-1.));
#1564=DIRECTION('ref_axis',(0.,1.,0.));
#1565=DIRECTION('center_axis',(0.,0.,-1.));
#1566=DIRECTION('ref_axis',(1.,0.,0.));
#1567=DIRECTION('center_axis',(0.,0.,-1.));
#1568=DIRECTION('ref_axis',(0.,-1.,0.));
#1569=DIRECTION('',(0.,0.,1.));
#1570=DIRECTION('center_axis',(1.,-1.48029736616687E-15,0.));
#1571=DIRECTION('ref_axis',(-1.48029736616687E-15,-1.,0.));
#1572=DIRECTION('',(0.,0.,1.));
#1573=DIRECTION('center_axis',(0.,0.,-1.));
#1574=DIRECTION('ref_axis',(1.,1.23358113847239E-15,0.));
#1575=DIRECTION('',(0.,0.,1.));
#1576=DIRECTION('center_axis',(0.,1.,0.));
#1577=DIRECTION('ref_axis',(1.,0.,0.));
#1578=DIRECTION('center_axis',(0.997199309888456,-0.0747899482416393,0.));
#1579=DIRECTION('ref_axis',(0.0747899482416393,0.997199309888456,0.));
#1580=DIRECTION('center_axis',(-0.0747899482416353,0.997199309888456,0.));
#1581=DIRECTION('ref_axis',(0.997199309888456,0.0747899482416353,0.));
#1582=DIRECTION('center_axis',(0.,0.,1.));
#1583=DIRECTION('ref_axis',(1.,0.,0.));
#1584=DIRECTION('center_axis',(-0.0747899482416337,-0.997199309888457,0.));
#1585=DIRECTION('ref_axis',(0.997199309888456,-0.0747899482416337,0.));
#1586=DIRECTION('center_axis',(0.997199309888456,0.0747899482416348,0.));
#1587=DIRECTION('ref_axis',(0.0747899482416348,-0.997199309888456,0.));
#1588=DIRECTION('center_axis',(0.,0.,1.));
#1589=DIRECTION('ref_axis',(0.,-1.,0.));
#1590=DIRECTION('center_axis',(-0.997199309888456,0.0747899482416371,-5.39717896564529E-16));
#1591=DIRECTION('ref_axis',(-0.0747899482416371,-0.997199309888456,0.));
#1592=DIRECTION('center_axis',(0.0747899482416364,-0.997199309888456,0.));
#1593=DIRECTION('ref_axis',(-0.997199309888456,-0.0747899482416364,0.));
#1594=DIRECTION('center_axis',(0.,0.,1.));
#1595=DIRECTION('ref_axis',(-1.,-1.80036166155431E-15,0.));
#1596=DIRECTION('center_axis',(0.074789948241632,0.997199309888457,0.));
#1597=DIRECTION('ref_axis',(-0.997199309888456,0.074789948241632,0.));
#1598=DIRECTION('center_axis',(-0.997199309888457,-0.0747899482416327,0.));
#1599=DIRECTION('ref_axis',(-0.0747899482416327,0.997199309888456,0.));
#1600=DIRECTION('center_axis',(0.,0.,1.));
#1601=DIRECTION('ref_axis',(2.40048221540574E-15,1.,0.));
#1602=DIRECTION('center_axis',(-1.,1.11022302462516E-15,0.));
#1603=DIRECTION('ref_axis',(0.,0.707106781186546,0.707106781186549));
#1604=DIRECTION('',(-1.,1.11022302462516E-15,0.));
#1605=DIRECTION('',(1.,-1.11022302462516E-15,0.));
#1606=DIRECTION('center_axis',(1.48029736616688E-15,-1.,0.));
#1607=DIRECTION('ref_axis',(-0.707106781186546,-7.85046229341885E-16,0.707106781186549));
#1608=DIRECTION('',(-1.48029736616688E-15,1.,0.));
#1609=DIRECTION('',(1.48029736616688E-15,-1.,0.));
#1610=DIRECTION('center_axis',(1.,-7.40148683083438E-16,0.));
#1611=DIRECTION('ref_axis',(0.,-0.707106781186546,0.707106781186549));
#1612=DIRECTION('',(-1.,7.40148683083438E-16,0.));
#1613=DIRECTION('',(1.,-7.40148683083438E-16,0.));
#1614=DIRECTION('center_axis',(0.,1.,0.));
#1615=DIRECTION('ref_axis',(0.707106781186546,0.,0.707106781186549));
#1616=DIRECTION('',(0.,-1.,0.));
#1617=DIRECTION('',(0.,1.,0.));
#1618=DIRECTION('center_axis',(-7.40148683083438E-16,-1.,0.));
#1619=DIRECTION('ref_axis',(-1.,7.40148683083438E-16,0.));
#1620=DIRECTION('',(0.,0.,1.));
#1621=DIRECTION('',(-1.,7.40148683083438E-16,0.));
#1622=DIRECTION('',(0.,0.,1.));
#1623=DIRECTION('center_axis',(0.,0.,-1.));
#1624=DIRECTION('ref_axis',(-1.,-6.00120553851437E-16,0.));
#1625=DIRECTION('',(0.,0.,1.));
#1626=DIRECTION('center_axis',(0.,0.,-1.));
#1627=DIRECTION('ref_axis',(-1.,-6.00120553851437E-16,0.));
#1628=DIRECTION('center_axis',(-1.,-1.48029736616688E-15,0.));
#1629=DIRECTION('ref_axis',(-1.48029736616688E-15,1.,0.));
#1630=DIRECTION('',(0.,0.,1.));
#1631=DIRECTION('',(-1.48029736616688E-15,1.,0.));
#1632=DIRECTION('center_axis',(0.,0.,-1.));
#1633=DIRECTION('ref_axis',(0.,1.,0.));
#1634=DIRECTION('',(0.,0.,-1.));
#1635=DIRECTION('center_axis',(0.,0.,-1.));
#1636=DIRECTION('ref_axis',(0.,1.,0.));
#1637=DIRECTION('center_axis',(0.,0.,1.));
#1638=DIRECTION('ref_axis',(-1.,0.,0.));
#1639=DIRECTION('center_axis',(0.,0.,-1.));
#1640=DIRECTION('ref_axis',(1.,0.,0.));
#1641=DIRECTION('center_axis',(0.,0.,-1.));
#1642=DIRECTION('ref_axis',(1.97372982155584E-15,1.,0.));
#1643=DIRECTION('',(1.,-3.70074341541719E-16,0.));
#1644=DIRECTION('center_axis',(0.,0.,-1.));
#1645=DIRECTION('ref_axis',(-1.,-1.48029736616687E-15,0.));
#1646=DIRECTION('',(0.,1.,0.));
#1647=DIRECTION('center_axis',(0.,0.,-1.));
#1648=DIRECTION('ref_axis',(0.,-1.,0.));
#1649=DIRECTION('',(-1.,7.40148683083438E-16,0.));
#1650=DIRECTION('center_axis',(0.,0.,-1.));
#1651=DIRECTION('ref_axis',(1.,0.,0.));
#1652=DIRECTION('',(0.,-1.,0.));
#1653=DIRECTION('',(1.,-1.11022302462516E-15,0.));
#1654=DIRECTION('center_axis',(0.,0.,-1.));
#1655=DIRECTION('ref_axis',(1.,6.00120553851437E-16,0.));
#1656=DIRECTION('',(0.,-1.,0.));
#1657=DIRECTION('center_axis',(0.,0.,-1.));
#1658=DIRECTION('ref_axis',(0.,-1.,0.));
#1659=DIRECTION('center_axis',(3.70074341541719E-16,1.,0.));
#1660=DIRECTION('ref_axis',(1.,-3.70074341541719E-16,0.));
#1661=DIRECTION('',(0.,0.,-1.));
#1662=DIRECTION('',(1.,-3.70074341541719E-16,0.));
#1663=DIRECTION('',(0.,0.,-1.));
#1664=DIRECTION('center_axis',(0.,0.,-1.));
#1665=DIRECTION('ref_axis',(-1.,-1.48029736616687E-15,0.));
#1666=DIRECTION('center_axis',(0.,0.,-1.));
#1667=DIRECTION('ref_axis',(-1.,-1.48029736616687E-15,0.));
#1668=DIRECTION('',(0.,0.,-1.));
#1669=DIRECTION('center_axis',(-1.,0.,0.));
#1670=DIRECTION('ref_axis',(0.,1.,0.));
#1671=DIRECTION('',(0.,1.,0.));
#1672=DIRECTION('',(0.,0.,-1.));
#1673=DIRECTION('center_axis',(0.,0.,-1.));
#1674=DIRECTION('ref_axis',(0.,-1.,0.));
#1675=DIRECTION('center_axis',(0.,0.,-1.));
#1676=DIRECTION('ref_axis',(0.,-1.,0.));
#1677=DIRECTION('',(0.,0.,-1.));
#1678=DIRECTION('center_axis',(-7.40148683083438E-16,-1.,0.));
#1679=DIRECTION('ref_axis',(-1.,7.40148683083438E-16,0.));
#1680=DIRECTION('',(-1.,7.40148683083438E-16,0.));
#1681=DIRECTION('',(0.,0.,-1.));
#1682=DIRECTION('center_axis',(0.,0.,-1.));
#1683=DIRECTION('ref_axis',(1.,0.,0.));
#1684=DIRECTION('center_axis',(0.,0.,-1.));
#1685=DIRECTION('ref_axis',(1.,0.,0.));
#1686=DIRECTION('',(0.,0.,-1.));
#1687=DIRECTION('center_axis',(1.,0.,0.));
#1688=DIRECTION('ref_axis',(0.,-1.,0.));
#1689=DIRECTION('',(0.,-1.,0.));
#1690=DIRECTION('',(0.,0.,-1.));
#1691=DIRECTION('center_axis',(0.,0.,-1.));
#1692=DIRECTION('ref_axis',(1.97372982155584E-15,1.,0.));
#1693=DIRECTION('center_axis',(0.,0.,-1.));
#1694=DIRECTION('ref_axis',(1.97372982155584E-15,1.,0.));
#1695=DIRECTION('center_axis',(0.,0.,-1.));
#1696=DIRECTION('ref_axis',(1.,0.,0.));
#1697=DIRECTION('center_axis',(0.,0.,-1.));
#1698=DIRECTION('ref_axis',(0.,-1.,0.));
#1699=DIRECTION('',(0.,0.,1.));
#1700=DIRECTION('center_axis',(1.,0.,0.));
#1701=DIRECTION('ref_axis',(0.,-1.,0.));
#1702=DIRECTION('',(0.,0.,1.));
#1703=DIRECTION('center_axis',(0.,0.,-1.));
#1704=DIRECTION('ref_axis',(1.,6.00120553851437E-16,0.));
#1705=DIRECTION('',(0.,0.,1.));
#1706=DIRECTION('center_axis',(1.11022302462516E-15,1.,0.));
#1707=DIRECTION('ref_axis',(1.,-1.11022302462516E-15,0.));
#1708=DIRECTION('center_axis',(0.,-1.,0.));
#1709=DIRECTION('ref_axis',(-0.707106781186546,0.,0.707106781186549));
#1710=DIRECTION('center_axis',(0.,-1.,0.));
#1711=DIRECTION('ref_axis',(0.,0.,1.));
#1712=DIRECTION('',(0.,-1.,0.));
#1713=DIRECTION('center_axis',(-2.60208521396521E-17,1.,0.));
#1714=DIRECTION('ref_axis',(-1.,-2.60208521396521E-17,0.));
#1715=DIRECTION('',(0.,1.,0.));
#1716=DIRECTION('center_axis',(1.,-1.06752213906265E-16,0.));
#1717=DIRECTION('ref_axis',(0.,-0.707106781186546,0.707106781186549));
#1718=DIRECTION('center_axis',(1.,0.,0.));
#1719=DIRECTION('ref_axis',(0.,0.,1.));
#1720=DIRECTION('',(1.,-1.06752213906265E-16,0.));
#1721=DIRECTION('center_axis',(-1.,0.,0.));
#1722=DIRECTION('ref_axis',(0.,-1.,0.));
#1723=DIRECTION('',(-1.,1.06752213906265E-16,0.));
#1724=DIRECTION('center_axis',(0.408248290463863,-0.816496580927725,-0.408248290463865));
#1725=DIRECTION('ref_axis',(-0.577350269189623,-0.577350269189627,0.577350269189627));
#1726=DIRECTION('center_axis',(0.,0.,1.));
#1727=DIRECTION('ref_axis',(-1.,-6.07153216591885E-17,0.));
#1728=DIRECTION('center_axis',(0.,1.,0.));
#1729=DIRECTION('ref_axis',(0.707106781186546,0.,0.707106781186549));
#1730=DIRECTION('center_axis',(6.07153216591882E-17,1.,0.));
#1731=DIRECTION('ref_axis',(0.,0.,1.));
#1732=DIRECTION('',(0.,1.,0.));
#1733=DIRECTION('center_axis',(0.,-1.,0.));
#1734=DIRECTION('ref_axis',(1.,0.,0.));
#1735=DIRECTION('',(0.,-1.,0.));
#1736=DIRECTION('center_axis',(-0.816496580927727,-0.408248290463864,0.408248290463862));
#1737=DIRECTION('ref_axis',(0.577350269189626,-0.577350269189627,0.577350269189624));
#1738=DIRECTION('center_axis',(0.,0.,1.));
#1739=DIRECTION('ref_axis',(0.,-1.,0.));
#1740=DIRECTION('center_axis',(-1.,2.1350442781253E-16,0.));
#1741=DIRECTION('ref_axis',(0.,0.707106781186546,0.707106781186549));
#1742=DIRECTION('center_axis',(-1.,0.,0.));
#1743=DIRECTION('ref_axis',(0.,0.,1.));
#1744=DIRECTION('',(-1.,2.1350442781253E-16,0.));
#1745=DIRECTION('center_axis',(1.,0.,0.));
#1746=DIRECTION('ref_axis',(0.,1.,0.));
#1747=DIRECTION('',(1.,-2.1350442781253E-16,0.));
#1748=DIRECTION('center_axis',(0.408248290463863,-0.816496580927725,0.408248290463864));
#1749=DIRECTION('ref_axis',(0.577350269189623,0.577350269189626,0.577350269189628));
#1750=DIRECTION('center_axis',(0.,0.,1.));
#1751=DIRECTION('ref_axis',(1.,0.,0.));
#1752=DIRECTION('center_axis',(-0.40824829046386,-0.816496580927728,0.408248290463863));
#1753=DIRECTION('ref_axis',(-0.577350269189626,0.577350269189624,0.577350269189628));
#1754=DIRECTION('center_axis',(0.,0.,1.));
#1755=DIRECTION('ref_axis',(0.,1.,0.));
#1756=DIRECTION('center_axis',(0.,0.,-1.));
#1757=DIRECTION('ref_axis',(-1.,-6.07153216591885E-17,0.));
#1758=DIRECTION('',(0.,0.,-1.));
#1759=DIRECTION('center_axis',(0.,0.,-1.));
#1760=DIRECTION('ref_axis',(-1.,-6.07153216591885E-17,0.));
#1761=DIRECTION('',(0.,0.,1.));
#1762=DIRECTION('center_axis',(-1.,0.,0.));
#1763=DIRECTION('ref_axis',(0.,1.,0.));
#1764=DIRECTION('',(0.,0.,1.));
#1765=DIRECTION('',(0.,1.,0.));
#1766=DIRECTION('center_axis',(0.,0.,-1.));
#1767=DIRECTION('ref_axis',(0.,1.,0.));
#1768=DIRECTION('',(0.,0.,1.));
#1769=DIRECTION('center_axis',(0.,0.,-1.));
#1770=DIRECTION('ref_axis',(0.,1.,0.));
#1771=DIRECTION('center_axis',(2.1350442781253E-16,1.,0.));
#1772=DIRECTION('ref_axis',(1.,-2.1350442781253E-16,0.));
#1773=DIRECTION('',(0.,0.,1.));
#1774=DIRECTION('',(1.,-2.1350442781253E-16,0.));
#1775=DIRECTION('center_axis',(0.,0.,1.));
#1776=DIRECTION('ref_axis',(-1.,0.,0.));
#1777=DIRECTION('center_axis',(0.,0.,-1.));
#1778=DIRECTION('ref_axis',(1.,0.,0.));
#1779=DIRECTION('center_axis',(0.,0.,-1.));
#1780=DIRECTION('ref_axis',(1.,0.,0.));
#1781=DIRECTION('',(0.,-1.,0.));
#1782=DIRECTION('center_axis',(0.,0.,-1.));
#1783=DIRECTION('ref_axis',(1.8503717077086E-15,1.,0.));
#1784=DIRECTION('',(1.,-1.70803542250024E-15,0.));
#1785=DIRECTION('center_axis',(0.,0.,-1.));
#1786=DIRECTION('ref_axis',(-1.,0.,0.));
#1787=DIRECTION('',(0.,1.,0.));
#1788=DIRECTION('center_axis',(0.,0.,-1.));
#1789=DIRECTION('ref_axis',(0.,-1.,0.));
#1790=DIRECTION('',(-1.,9.60769925156385E-16,0.));
#1791=DIRECTION('',(-1.,1.06752213906265E-16,0.));
#1792=DIRECTION('center_axis',(0.,0.,-1.));
#1793=DIRECTION('ref_axis',(1.,0.,0.));
#1794=DIRECTION('',(0.,-1.,0.));
#1795=DIRECTION('center_axis',(0.,0.,-1.));
#1796=DIRECTION('ref_axis',(0.,-1.,0.));
#1797=DIRECTION('center_axis',(1.,0.,0.));
#1798=DIRECTION('ref_axis',(0.,-1.,0.));
#1799=DIRECTION('',(0.,0.,-1.));
#1800=DIRECTION('',(0.,-1.,0.));
#1801=DIRECTION('',(0.,0.,-1.));
#1802=DIRECTION('center_axis',(0.,0.,-1.));
#1803=DIRECTION('ref_axis',(1.8503717077086E-15,1.,0.));
#1804=DIRECTION('center_axis',(0.,0.,-1.));
#1805=DIRECTION('ref_axis',(1.8503717077086E-15,1.,0.));
#1806=DIRECTION('',(0.,0.,-1.));
#1807=DIRECTION('center_axis',(1.70803542250024E-15,1.,0.));
#1808=DIRECTION('ref_axis',(1.,-1.70803542250024E-15,0.));
#1809=DIRECTION('',(1.,-1.70803542250024E-15,0.));
#1810=DIRECTION('',(0.,0.,-1.));
#1811=DIRECTION('center_axis',(0.,0.,-1.));
#1812=DIRECTION('ref_axis',(-1.,0.,0.));
#1813=DIRECTION('center_axis',(0.,0.,-1.));
#1814=DIRECTION('ref_axis',(-1.,0.,0.));
#1815=DIRECTION('',(0.,0.,-1.));
#1816=DIRECTION('center_axis',(-1.,0.,0.));
#1817=DIRECTION('ref_axis',(0.,1.,0.));
#1818=DIRECTION('',(0.,1.,0.));
#1819=DIRECTION('',(0.,0.,-1.));
#1820=DIRECTION('center_axis',(0.,0.,-1.));
#1821=DIRECTION('ref_axis',(0.,-1.,0.));
#1822=DIRECTION('center_axis',(0.,0.,-1.));
#1823=DIRECTION('ref_axis',(0.,-1.,0.));
#1824=DIRECTION('',(0.,0.,-1.));
#1825=DIRECTION('center_axis',(-9.60769925156385E-16,-1.,0.));
#1826=DIRECTION('ref_axis',(-1.,9.60769925156385E-16,0.));
#1827=DIRECTION('',(-1.,9.60769925156385E-16,0.));
#1828=DIRECTION('',(0.,0.,-1.));
#1829=DIRECTION('center_axis',(0.,0.,-1.));
#1830=DIRECTION('ref_axis',(1.,0.,0.));
#1831=DIRECTION('center_axis',(0.,0.,-1.));
#1832=DIRECTION('ref_axis',(1.,0.,0.));
#1833=DIRECTION('center_axis',(0.,0.,-1.));
#1834=DIRECTION('ref_axis',(1.,0.,0.));
#1835=DIRECTION('center_axis',(-1.06752213906265E-16,-1.,0.));
#1836=DIRECTION('ref_axis',(-1.,1.06752213906265E-16,0.));
#1837=DIRECTION('',(0.,0.,1.));
#1838=DIRECTION('center_axis',(0.,0.,-1.));
#1839=DIRECTION('ref_axis',(0.,-1.,0.));
#1840=DIRECTION('',(0.,0.,1.));
#1841=DIRECTION('center_axis',(1.,0.,0.));
#1842=DIRECTION('ref_axis',(0.,-1.,0.));
#1843=DIRECTION('',(0.,0.,1.));
#1844=DIRECTION('center_axis',(0.,0.,-1.));
#1845=DIRECTION('ref_axis',(1.,0.,0.));
#1846=CARTESIAN_POINT('',(0.,0.,0.));
#1847=CARTESIAN_POINT('Ctrl Pts',(37.2099999999999,-11.2910000000001,23.5));
#1848=CARTESIAN_POINT('Ctrl Pts',(37.2099999999999,-11.2910000000001,23.7991993003419));
#1849=CARTESIAN_POINT('Ctrl Pts',(37.1996234463944,-11.3947655360549,24.2457787122999));
#1850=CARTESIAN_POINT('Ctrl Pts',(37.1437768030066,-11.9532319699331,25.1425054069265));
#1851=CARTESIAN_POINT('Ctrl Pts',(37.0698398600683,-12.6926013993163,25.5));
#1852=CARTESIAN_POINT('Ctrl Pts',(37.0099999999999,-13.2910000000001,25.5));
#1853=CARTESIAN_POINT('Ctrl Pts',(37.7485587406153,-11.2910000000001,23.5));
#1854=CARTESIAN_POINT('Ctrl Pts',(37.7485587406153,-11.2910000000001,23.8810028081807));
#1855=CARTESIAN_POINT('Ctrl Pts',(37.6705601020913,-11.4557930843041,24.4356507784752));
#1856=CARTESIAN_POINT('Ctrl Pts',(37.3825717339705,-12.1585681941379,25.299583551865));
#1857=CARTESIAN_POINT('Ctrl Pts',(37.1724224773283,-12.7951840165764,25.5));
#1858=CARTESIAN_POINT('Ctrl Pts',(37.0099999999999,-13.2910000000001,25.5));
#1859=CARTESIAN_POINT('Ctrl Pts',(38.6810817904747,-11.7427598753226,23.5));
#1860=CARTESIAN_POINT('Ctrl Pts',(38.6810817904747,-11.7427598753226,23.9512903792862));
#1861=CARTESIAN_POINT('Ctrl Pts',(38.4895469976129,-11.9224734261605,24.5976201713183));
#1862=CARTESIAN_POINT('Ctrl Pts',(37.8070204838894,-12.5550240180557,25.4204329868963));
#1863=CARTESIAN_POINT('Ctrl Pts',(37.3519420575335,-12.9747035967815,25.5));
#1864=CARTESIAN_POINT('Ctrl Pts',(37.0099999999999,-13.2910000000001,25.5));
#1865=CARTESIAN_POINT('Ctrl Pts',(39.0099999999999,-12.6870809445385,23.5));
#1866=CARTESIAN_POINT('Ctrl Pts',(39.0099999999999,-12.6870809445385,23.8596819394713));
#1867=CARTESIAN_POINT('Ctrl Pts',(38.8605636090067,-12.7480739523574,24.3867702162098));
#1868=CARTESIAN_POINT('Ctrl Pts',(38.1958730945487,-12.976159104845,25.2604002691424));
#1869=CARTESIAN_POINT('Ctrl Pts',(37.5314616377386,-13.1542231769866,25.5));
#1870=CARTESIAN_POINT('Ctrl Pts',(37.0099999999999,-13.2910000000001,25.5));
#1871=CARTESIAN_POINT('Ctrl Pts',(39.0099999999999,-13.0910000000001,23.5));
#1872=CARTESIAN_POINT('Ctrl Pts',(39.0099999999999,-13.0910000000001,23.7991993003419));
#1873=CARTESIAN_POINT('Ctrl Pts',(38.9062344639451,-13.1013765536055,24.2457787122999));
#1874=CARTESIAN_POINT('Ctrl Pts',(38.3477680300669,-13.1572231969934,25.1425054069265));
#1875=CARTESIAN_POINT('Ctrl Pts',(37.6083986006837,-13.2311601399317,25.5));
#1876=CARTESIAN_POINT('Ctrl Pts',(37.0099999999999,-13.2910000000001,25.5));
#1877=CARTESIAN_POINT('',(37.2099999999999,-11.2910000000001,23.5));
#1878=CARTESIAN_POINT('',(37.0099999999999,-13.2910000000001,25.5));
#1879=CARTESIAN_POINT('Origin',(37.0099999999999,-13.2910000000001,23.5));
#1880=CARTESIAN_POINT('',(39.0099999999999,-13.0910000000001,23.5));
#1881=CARTESIAN_POINT('Origin',(37.0099999999999,-13.2910000000001,23.5));
#1882=CARTESIAN_POINT('Origin',(37.2099999999999,-13.0910000000001,23.5));
#1883=CARTESIAN_POINT('Ctrl Pts',(39.0099999999999,-16.0910000000001,23.5));
#1884=CARTESIAN_POINT('Ctrl Pts',(39.0099999999999,-16.0910000000001,23.7991993003419));
#1885=CARTESIAN_POINT('Ctrl Pts',(38.9062269123824,-16.0806226912383,24.245768521469));
#1886=CARTESIAN_POINT('Ctrl Pts',(38.3477554466641,-16.0247755446665,25.1424850156768));
#1887=CARTESIAN_POINT('Ctrl Pts',(37.6083986006837,-15.9508398600684,25.5));
#1888=CARTESIAN_POINT('Ctrl Pts',(37.0099999999999,-15.8910000000001,25.5));
#1889=CARTESIAN_POINT('Ctrl Pts',(39.0099999999999,-16.6295587406155,23.5));
#1890=CARTESIAN_POINT('Ctrl Pts',(39.0099999999999,-16.6295587406155,23.8810028081807));
#1891=CARTESIAN_POINT('Ctrl Pts',(38.8451903043437,-16.5515514842885,24.4356539307644));
#1892=CARTESIAN_POINT('Ctrl Pts',(38.1424179003389,-16.2635652189872,25.299592387953));
#1893=CARTESIAN_POINT('Ctrl Pts',(37.5058159834236,-16.0534224773285,25.5));
#1894=CARTESIAN_POINT('Ctrl Pts',(37.0099999999999,-15.8910000000001,25.5));
#1895=CARTESIAN_POINT('Ctrl Pts',(38.5582279945465,-17.5620716860841,23.5));
#1896=CARTESIAN_POINT('Ctrl Pts',(38.5582279945465,-17.5620716860841,23.9512903792862));
#1897=CARTESIAN_POINT('Ctrl Pts',(38.3785234927077,-17.3705443472777,24.5975919076506));
#1898=CARTESIAN_POINT('Ctrl Pts',(37.7459950654127,-16.6880409187998,25.4204381117764));
#1899=CARTESIAN_POINT('Ctrl Pts',(37.3262964032184,-16.2329420575336,25.5));
#1900=CARTESIAN_POINT('Ctrl Pts',(37.0099999999999,-15.8910000000001,25.5));
#1901=CARTESIAN_POINT('Ctrl Pts',(37.6139190554614,-17.8910000000001,23.5));
#1902=CARTESIAN_POINT('Ctrl Pts',(37.6139190554614,-17.8910000000001,23.8596819394713));
#1903=CARTESIAN_POINT('Ctrl Pts',(37.5529282857146,-17.7415587240617,24.3867577102417));
#1904=CARTESIAN_POINT('Ctrl Pts',(37.3248504088275,-17.0768752292285,25.2603931266356));
#1905=CARTESIAN_POINT('Ctrl Pts',(37.1467768230133,-16.4124616377388,25.5));
#1906=CARTESIAN_POINT('Ctrl Pts',(37.0099999999999,-15.8910000000001,25.5));
#1907=CARTESIAN_POINT('Ctrl Pts',(37.2099999999999,-17.8910000000001,23.5));
#1908=CARTESIAN_POINT('Ctrl Pts',(37.2099999999999,-17.8910000000001,23.7991993003419));
#1909=CARTESIAN_POINT('Ctrl Pts',(37.1996226912381,-17.7872269123826,24.245768521469));
#1910=CARTESIAN_POINT('Ctrl Pts',(37.1437755446663,-17.2287554466643,25.1424850156768));
#1911=CARTESIAN_POINT('Ctrl Pts',(37.0698398600683,-16.4893986006838,25.5));
#1912=CARTESIAN_POINT('Ctrl Pts',(37.0099999999999,-15.8910000000001,25.5));
#1913=CARTESIAN_POINT('',(39.0099999999999,-16.0910000000001,23.5));
#1914=CARTESIAN_POINT('',(37.0099999999999,-15.8910000000001,25.5));
#1915=CARTESIAN_POINT('Origin',(37.0099999999999,-15.8910000000001,23.5));
#1916=CARTESIAN_POINT('',(37.2099999999999,-17.8910000000001,23.5));
#1917=CARTESIAN_POINT('Origin',(37.0099999999999,-15.8910000000001,23.5));
#1918=CARTESIAN_POINT('Origin',(37.2099999999999,-16.0910000000001,23.5));
#1919=CARTESIAN_POINT('Ctrl Pts',(34.2099999999999,-17.8910000000001,23.5));
#1920=CARTESIAN_POINT('Ctrl Pts',(34.2099999999999,-17.8910000000001,23.7991993003419));
#1921=CARTESIAN_POINT('Ctrl Pts',(34.2203765536054,-17.7872344639452,24.2457787122999));
#1922=CARTESIAN_POINT('Ctrl Pts',(34.2762231969932,-17.2287680300671,25.1425054069265));
#1923=CARTESIAN_POINT('Ctrl Pts',(34.3501601399315,-16.4893986006838,25.5));
#1924=CARTESIAN_POINT('Ctrl Pts',(34.4099999999999,-15.8910000000001,25.5));
#1925=CARTESIAN_POINT('Ctrl Pts',(33.6714412593845,-17.8910000000001,23.5));
#1926=CARTESIAN_POINT('Ctrl Pts',(33.6714412593845,-17.8910000000001,23.8810028081807));
#1927=CARTESIAN_POINT('Ctrl Pts',(33.7494398979085,-17.7262069156961,24.4356507784752));
#1928=CARTESIAN_POINT('Ctrl Pts',(34.0374282660293,-17.0234318058622,25.299583551865));
#1929=CARTESIAN_POINT('Ctrl Pts',(34.2475775226714,-16.3868159834238,25.5));
#1930=CARTESIAN_POINT('Ctrl Pts',(34.4099999999999,-15.8910000000001,25.5));
#1931=CARTESIAN_POINT('Ctrl Pts',(32.7389182095251,-17.4392401246775,23.5));
#1932=CARTESIAN_POINT('Ctrl Pts',(32.7389182095251,-17.4392401246775,23.9512903792862));
#1933=CARTESIAN_POINT('Ctrl Pts',(32.9304530023869,-17.2595265738396,24.5976201713183));
#1934=CARTESIAN_POINT('Ctrl Pts',(33.6129795161104,-16.6269759819444,25.4204329868963));
#1935=CARTESIAN_POINT('Ctrl Pts',(34.0680579424663,-16.2072964032186,25.5));
#1936=CARTESIAN_POINT('Ctrl Pts',(34.4099999999999,-15.8910000000001,25.5));
#1937=CARTESIAN_POINT('Ctrl Pts',(32.4099999999999,-16.4949190554616,23.5));
#1938=CARTESIAN_POINT('Ctrl Pts',(32.4099999999999,-16.4949190554616,23.8596819394713));
#1939=CARTESIAN_POINT('Ctrl Pts',(32.5594363909931,-16.4339260476427,24.3867702162098));
#1940=CARTESIAN_POINT('Ctrl Pts',(33.224126905451,-16.2058408951551,25.2604002691423));
#1941=CARTESIAN_POINT('Ctrl Pts',(33.8885383622612,-16.0277768230135,25.5));
#1942=CARTESIAN_POINT('Ctrl Pts',(34.4099999999999,-15.8910000000001,25.5));
#1943=CARTESIAN_POINT('Ctrl Pts',(32.4099999999999,-16.0910000000001,23.5));
#1944=CARTESIAN_POINT('Ctrl Pts',(32.4099999999999,-16.0910000000001,23.7991993003419));
#1945=CARTESIAN_POINT('Ctrl Pts',(32.5137655360547,-16.0806234463946,24.2457787122999));
#1946=CARTESIAN_POINT('Ctrl Pts',(33.0722319699329,-16.0247768030068,25.1425054069265));
#1947=CARTESIAN_POINT('Ctrl Pts',(33.8116013993161,-15.9508398600684,25.5));
#1948=CARTESIAN_POINT('Ctrl Pts',(34.4099999999999,-15.8910000000001,25.5));
#1949=CARTESIAN_POINT('',(34.2099999999999,-17.8910000000001,23.5));
#1950=CARTESIAN_POINT('',(34.4099999999999,-15.8910000000001,25.5));
#1951=CARTESIAN_POINT('Origin',(34.4099999999999,-15.8910000000001,23.5));
#1952=CARTESIAN_POINT('',(32.4099999999999,-16.0910000000001,23.5));
#1953=CARTESIAN_POINT('Origin',(34.4099999999999,-15.8910000000001,23.5));
#1954=CARTESIAN_POINT('Origin',(34.2099999999999,-16.0910000000001,23.5));
#1955=CARTESIAN_POINT('Ctrl Pts',(32.4099999999999,-13.0910000000001,23.5));
#1956=CARTESIAN_POINT('Ctrl Pts',(32.4099999999999,-13.0910000000001,23.7991993003419));
#1957=CARTESIAN_POINT('Ctrl Pts',(32.5137579658603,-13.1013757965861,24.2457888996869));
#1958=CARTESIAN_POINT('Ctrl Pts',(33.0722192583339,-13.1572219258335,25.1425260322436));
#1959=CARTESIAN_POINT('Ctrl Pts',(33.8116013993161,-13.2311601399317,25.5));
#1960=CARTESIAN_POINT('Ctrl Pts',(34.4099999999999,-13.2910000000001,25.5));
#1961=CARTESIAN_POINT('Ctrl Pts',(32.4099999999999,-12.5524412593847,23.5));
#1962=CARTESIAN_POINT('Ctrl Pts',(32.4099999999999,-12.5524412593847,23.8810028081807));
#1963=CARTESIAN_POINT('Ctrl Pts',(32.5747763164884,-12.6304311930735,24.4356476484493));
#1964=CARTESIAN_POINT('Ctrl Pts',(33.2775542532973,-12.9184217452428,25.2995745980917));
#1965=CARTESIAN_POINT('Ctrl Pts',(33.9141840165762,-13.1285775226716,25.5));
#1966=CARTESIAN_POINT('Ctrl Pts',(34.4099999999999,-13.2910000000001,25.5));
#1967=CARTESIAN_POINT('Ctrl Pts',(32.8617474929629,-11.6199078950282,23.5));
#1968=CARTESIAN_POINT('Ctrl Pts',(32.8617474929629,-11.6199078950282,23.9512903792862));
#1969=CARTESIAN_POINT('Ctrl Pts',(33.0414701153875,-11.8114501222974,24.5976490588751));
#1970=CARTESIAN_POINT('Ctrl Pts',(33.6740434909355,-12.4940003585703,25.4204274974268));
#1971=CARTESIAN_POINT('Ctrl Pts',(34.0937035967813,-12.9490579424665,25.5));
#1972=CARTESIAN_POINT('Ctrl Pts',(34.4099999999999,-13.2910000000001,25.5));
#1973=CARTESIAN_POINT('Ctrl Pts',(33.8060809445383,-11.2910000000001,23.5));
#1974=CARTESIAN_POINT('Ctrl Pts',(33.8060809445383,-11.2910000000001,23.8596819394713));
#1975=CARTESIAN_POINT('Ctrl Pts',(33.8670761474583,-11.4404314078582,24.3867828678589));
#1976=CARTESIAN_POINT('Ctrl Pts',(34.0951687600987,-12.1051291412052,25.2604073786683));
#1977=CARTESIAN_POINT('Ctrl Pts',(34.2732231769865,-12.7695383622613,25.5));
#1978=CARTESIAN_POINT('Ctrl Pts',(34.4099999999999,-13.2910000000001,25.5));
#1979=CARTESIAN_POINT('Ctrl Pts',(34.2099999999999,-11.2910000000001,23.5));
#1980=CARTESIAN_POINT('Ctrl Pts',(34.2099999999999,-11.2910000000001,23.7991993003419));
#1981=CARTESIAN_POINT('Ctrl Pts',(34.2203757965859,-11.3947579658605,24.2457888996869));
#1982=CARTESIAN_POINT('Ctrl Pts',(34.2762219258333,-11.9532192583341,25.1425260322436));
#1983=CARTESIAN_POINT('Ctrl Pts',(34.3501601399315,-12.6926013993163,25.5));
#1984=CARTESIAN_POINT('Ctrl Pts',(34.4099999999999,-13.2910000000001,25.5));
#1985=CARTESIAN_POINT('',(32.4099999999999,-13.0910000000001,23.5));
#1986=CARTESIAN_POINT('',(34.4099999999999,-13.2910000000001,25.5));
#1987=CARTESIAN_POINT('Origin',(34.4099999999999,-13.2910000000001,23.5));
#1988=CARTESIAN_POINT('',(34.2099999999999,-11.2910000000001,23.5));
#1989=CARTESIAN_POINT('Origin',(34.4099999999999,-13.2910000000001,23.5));
#1990=CARTESIAN_POINT('Origin',(34.2099999999999,-13.0910000000001,23.5));
#1991=CARTESIAN_POINT('Origin',(34.9599999999999,-13.2910000000001,23.5));
#1992=CARTESIAN_POINT('',(34.9599999999999,-11.2910000000001,23.5));
#1993=CARTESIAN_POINT('',(34.9599999999999,-13.2910000000001,25.5));
#1994=CARTESIAN_POINT('Origin',(34.4099999999999,-15.3410000000001,23.5));
#1995=CARTESIAN_POINT('',(34.4099999999999,-15.3410000000001,25.5));
#1996=CARTESIAN_POINT('',(32.4099999999999,-15.3410000000001,23.5));
#1997=CARTESIAN_POINT('Origin',(36.4599999999999,-15.8910000000001,23.5));
#1998=CARTESIAN_POINT('',(36.4599999999999,-15.8910000000001,25.5));
#1999=CARTESIAN_POINT('',(36.4599999999999,-17.8910000000001,23.5));
#2000=CARTESIAN_POINT('Origin',(37.0099999999999,-13.8410000000001,23.5));
#2001=CARTESIAN_POINT('',(37.0099999999999,-13.8410000000001,25.5));
#2002=CARTESIAN_POINT('',(39.0099999999999,-13.8410000000001,23.5));
#2003=CARTESIAN_POINT('Origin',(37.2099999999999,-17.8910000000001,24.));
#2004=CARTESIAN_POINT('',(34.2099999999999,-17.8910000000001,22.));
#2005=CARTESIAN_POINT('',(34.2099999999999,-17.8910000000001,24.));
#2006=CARTESIAN_POINT('',(37.2099999999999,-17.8910000000001,22.));
#2007=CARTESIAN_POINT('',(34.2099999999999,-17.8910000000001,22.));
#2008=CARTESIAN_POINT('',(37.2099999999999,-17.8910000000001,24.));
#2009=CARTESIAN_POINT('Origin',(34.2099999999999,-16.0910000000001,24.));
#2010=CARTESIAN_POINT('',(32.4099999999999,-16.0910000000001,22.));
#2011=CARTESIAN_POINT('',(32.4099999999999,-16.0910000000001,24.));
#2012=CARTESIAN_POINT('Origin',(34.2099999999999,-16.0910000000001,22.));
#2013=CARTESIAN_POINT('Origin',(32.4099999999999,-16.0910000000001,24.));
#2014=CARTESIAN_POINT('',(32.4099999999999,-13.0910000000001,22.));
#2015=CARTESIAN_POINT('',(32.4099999999999,-13.0910000000001,24.));
#2016=CARTESIAN_POINT('',(32.4099999999999,-13.0910000000001,22.));
#2017=CARTESIAN_POINT('Origin',(34.2099999999999,-13.0910000000001,24.));
#2018=CARTESIAN_POINT('',(34.2099999999999,-11.2910000000001,22.));
#2019=CARTESIAN_POINT('',(34.2099999999999,-11.2910000000001,24.));
#2020=CARTESIAN_POINT('Origin',(34.2099999999999,-13.0910000000001,22.));
#2021=CARTESIAN_POINT('Origin',(35.7099999999999,-14.5910000000001,25.5));
#2022=CARTESIAN_POINT('Origin',(35.7099999999999,-14.5910000000001,22.));
#2023=CARTESIAN_POINT('',(37.2099999999999,-10.8910000000001,22.));
#2024=CARTESIAN_POINT('',(39.4099999999999,-13.0910000000001,22.));
#2025=CARTESIAN_POINT('Origin',(37.2099999999999,-13.0910000000001,22.));
#2026=CARTESIAN_POINT('',(34.2099999999999,-10.8910000000001,22.));
#2027=CARTESIAN_POINT('',(34.2099999999999,-10.8910000000001,22.));
#2028=CARTESIAN_POINT('',(32.0099999999999,-13.0910000000001,22.));
#2029=CARTESIAN_POINT('Origin',(34.2099999999999,-13.0910000000001,22.));
#2030=CARTESIAN_POINT('',(32.0099999999999,-16.0910000000001,22.));
#2031=CARTESIAN_POINT('',(32.0099999999999,-16.0910000000001,22.));
#2032=CARTESIAN_POINT('',(34.2099999999999,-18.2910000000001,22.));
#2033=CARTESIAN_POINT('Origin',(34.2099999999999,-16.0910000000001,22.));
#2034=CARTESIAN_POINT('',(37.2099999999999,-18.2910000000001,22.));
#2035=CARTESIAN_POINT('',(37.2099999999999,-18.2910000000001,22.));
#2036=CARTESIAN_POINT('',(39.4099999999999,-16.0910000000001,22.));
#2037=CARTESIAN_POINT('Origin',(37.2099999999999,-16.0910000000001,22.));
#2038=CARTESIAN_POINT('',(39.4099999999999,-13.0910000000001,22.));
#2039=CARTESIAN_POINT('',(37.2099999999999,-11.2910000000001,22.));
#2040=CARTESIAN_POINT('',(37.2099999999999,-11.2910000000001,22.));
#2041=CARTESIAN_POINT('',(39.0099999999999,-13.0910000000001,22.));
#2042=CARTESIAN_POINT('Origin',(37.2099999999999,-13.0910000000001,22.));
#2043=CARTESIAN_POINT('',(39.0099999999999,-16.0910000000001,22.));
#2044=CARTESIAN_POINT('',(39.0099999999999,-16.0910000000001,22.));
#2045=CARTESIAN_POINT('Origin',(37.2099999999999,-16.0910000000001,22.));
#2046=CARTESIAN_POINT('Origin',(34.2099999999999,-10.8910000000001,22.));
#2047=CARTESIAN_POINT('',(37.2099999999999,-10.8910000000001,19.4));
#2048=CARTESIAN_POINT('',(37.2099999999999,-10.8910000000001,22.));
#2049=CARTESIAN_POINT('',(34.2099999999999,-10.8910000000001,19.4));
#2050=CARTESIAN_POINT('',(34.2099999999999,-10.8910000000001,19.4));
#2051=CARTESIAN_POINT('',(34.2099999999999,-10.8910000000001,22.));
#2052=CARTESIAN_POINT('Origin',(34.2099999999999,-13.0910000000001,22.));
#2053=CARTESIAN_POINT('',(32.0099999999999,-13.0910000000001,19.4));
#2054=CARTESIAN_POINT('Origin',(34.2099999999999,-13.0910000000001,19.4));
#2055=CARTESIAN_POINT('',(32.0099999999999,-13.0910000000001,22.));
#2056=CARTESIAN_POINT('Origin',(32.0099999999999,-16.0910000000001,22.));
#2057=CARTESIAN_POINT('',(32.0099999999999,-16.0910000000001,19.4));
#2058=CARTESIAN_POINT('',(32.0099999999999,-16.0910000000001,19.4));
#2059=CARTESIAN_POINT('',(32.0099999999999,-16.0910000000001,22.));
#2060=CARTESIAN_POINT('Origin',(34.2099999999999,-16.0910000000001,22.));
#2061=CARTESIAN_POINT('',(34.2099999999999,-18.2910000000001,19.4));
#2062=CARTESIAN_POINT('Origin',(34.2099999999999,-16.0910000000001,19.4));
#2063=CARTESIAN_POINT('',(34.2099999999999,-18.2910000000001,22.));
#2064=CARTESIAN_POINT('Origin',(37.2099999999999,-18.2910000000001,22.));
#2065=CARTESIAN_POINT('',(37.2099999999999,-18.2910000000001,19.4));
#2066=CARTESIAN_POINT('',(37.2099999999999,-18.2910000000001,19.4));
#2067=CARTESIAN_POINT('',(37.2099999999999,-18.2910000000001,22.));
#2068=CARTESIAN_POINT('Origin',(37.2099999999999,-16.0910000000001,22.));
#2069=CARTESIAN_POINT('',(39.4099999999999,-16.0910000000001,19.4));
#2070=CARTESIAN_POINT('Origin',(37.2099999999999,-16.0910000000001,19.4));
#2071=CARTESIAN_POINT('',(39.4099999999999,-16.0910000000001,22.));
#2072=CARTESIAN_POINT('Origin',(39.4099999999999,-13.0910000000001,22.));
#2073=CARTESIAN_POINT('',(39.4099999999999,-13.0910000000001,19.4));
#2074=CARTESIAN_POINT('',(39.4099999999999,-13.0910000000001,19.4));
#2075=CARTESIAN_POINT('',(39.4099999999999,-13.0910000000001,22.));
#2076=CARTESIAN_POINT('Origin',(37.2099999999999,-13.0910000000001,22.));
#2077=CARTESIAN_POINT('Origin',(37.2099999999999,-13.0910000000001,19.4));
#2078=CARTESIAN_POINT('Origin',(35.7099999999999,-14.5910000000001,19.4));
#2079=CARTESIAN_POINT('Origin',(37.2099999999999,-16.0910000000001,24.));
#2080=CARTESIAN_POINT('',(39.0099999999999,-16.0910000000001,24.));
#2081=CARTESIAN_POINT('Origin',(39.0099999999999,-13.0910000000001,24.));
#2082=CARTESIAN_POINT('',(39.0099999999999,-13.0910000000001,24.));
#2083=CARTESIAN_POINT('Origin',(37.2099999999999,-13.0910000000001,24.));
#2084=CARTESIAN_POINT('',(37.2099999999999,-11.2910000000001,24.));
#2085=CARTESIAN_POINT('Origin',(34.2099999999999,-11.2910000000001,24.));
#2086=CARTESIAN_POINT('Ctrl Pts',(37.2099999999999,-3.24100000000007,23.5));
#2087=CARTESIAN_POINT('Ctrl Pts',(37.2099999999999,-3.24100000000007,23.7991993003419));
#2088=CARTESIAN_POINT('Ctrl Pts',(37.1997373725944,-3.37783503207376,24.3965640562199));
#2089=CARTESIAN_POINT('Ctrl Pts',(37.1495571770335,-4.04690430621866,25.2378129641848));
#2090=CARTESIAN_POINT('Ctrl Pts',(37.0936599212883,-4.79220104948725,25.5));
#2091=CARTESIAN_POINT('Ctrl Pts',(37.0599999999999,-5.24100000000007,25.5));
#2092=CARTESIAN_POINT('Ctrl Pts',(37.7635187056324,-3.24100000000007,23.5));
#2093=CARTESIAN_POINT('Ctrl Pts',(37.7635187056324,-3.24100000000007,23.8832751278429));
#2094=CARTESIAN_POINT('Ctrl Pts',(37.6554405471586,-3.47118459945776,24.6255453906416));
#2095=CARTESIAN_POINT('Ctrl Pts',(37.358707957124,-4.25542012199352,25.3483993909372));
#2096=CARTESIAN_POINT('Ctrl Pts',(37.172734022093,-4.87127515029189,25.5));
#2097=CARTESIAN_POINT('Ctrl Pts',(37.0599999999999,-5.24100000000007,25.5));
#2098=CARTESIAN_POINT('Ctrl Pts',(38.7219723630116,-3.70527612030351,23.5));
#2099=CARTESIAN_POINT('Ctrl Pts',(38.7219723630116,-3.70527612030351,23.9555151314791));
#2100=CARTESIAN_POINT('Ctrl Pts',(38.450231838369,-3.95988013249984,24.818246592107));
#2101=CARTESIAN_POINT('Ctrl Pts',(37.7297191142041,-4.62470596113116,25.4298531107783));
#2102=CARTESIAN_POINT('Ctrl Pts',(37.3111136985011,-5.00965482670001,25.5));
#2103=CARTESIAN_POINT('Ctrl Pts',(37.0599999999999,-5.24100000000007,25.5));
#2104=CARTESIAN_POINT('Ctrl Pts',(39.0599999999999,-4.6758609707757,23.5));
#2105=CARTESIAN_POINT('Ctrl Pts',(39.0599999999999,-4.6758609707757,23.8613620127805));
#2106=CARTESIAN_POINT('Ctrl Pts',(38.8535592822222,-4.7590969906881,24.5667672982928));
#2107=CARTESIAN_POINT('Ctrl Pts',(38.0993082906695,-4.99308886124108,25.3211906742422));
#2108=CARTESIAN_POINT('Ctrl Pts',(37.4494933749092,-5.14803450310813,25.5));
#2109=CARTESIAN_POINT('Ctrl Pts',(37.0599999999999,-5.24100000000007,25.5));
#2110=CARTESIAN_POINT('Ctrl Pts',(39.0599999999999,-5.09100000000007,23.5));
#2111=CARTESIAN_POINT('Ctrl Pts',(39.0599999999999,-5.09100000000007,23.7991993003419));
#2112=CARTESIAN_POINT('Ctrl Pts',(38.9231649679262,-5.1012626274056,24.3965640562199));
#2113=CARTESIAN_POINT('Ctrl Pts',(38.2540956937813,-5.15144282296647,25.2378129641847));
#2114=CARTESIAN_POINT('Ctrl Pts',(37.5087989505127,-5.20734007871161,25.5));
#2115=CARTESIAN_POINT('Ctrl Pts',(37.0599999999999,-5.24100000000007,25.5));
#2116=CARTESIAN_POINT('',(37.2099999999999,-3.24100000000007,23.5));
#2117=CARTESIAN_POINT('',(37.0599999999999,-5.24100000000007,25.5));
#2118=CARTESIAN_POINT('Origin',(37.0599999999999,-5.24100000000007,23.5));
#2119=CARTESIAN_POINT('',(39.0599999999999,-5.09100000000007,23.5));
#2120=CARTESIAN_POINT('Origin',(37.0599999999999,-5.24100000000007,23.5));
#2121=CARTESIAN_POINT('Origin',(37.2099999999999,-5.09100000000007,23.5));
#2122=CARTESIAN_POINT('Ctrl Pts',(39.0599999999999,-8.09100000000005,23.5));
#2123=CARTESIAN_POINT('Ctrl Pts',(39.0599999999999,-8.09100000000005,23.6495996501709));
#2124=CARTESIAN_POINT('Ctrl Pts',(39.0098807205261,-8.08724105403952,24.0984937670939));
#2125=CARTESIAN_POINT('Ctrl Pts',(38.6772319986018,-8.0622923998952,24.7895875545937));
#2126=CARTESIAN_POINT('Ctrl Pts',(37.9573683437006,-8.00830262577761,25.3633877673514));
#2127=CARTESIAN_POINT('Ctrl Pts',(37.3591993003418,-7.9634399475257,25.5));
#2128=CARTESIAN_POINT('Ctrl Pts',(37.0599999999999,-7.94100000000006,25.5));
#2129=CARTESIAN_POINT('Ctrl Pts',(39.0599999999999,-8.64451870563254,23.5));
#2130=CARTESIAN_POINT('Ctrl Pts',(39.0599999999999,-8.64451870563254,23.6916375639214));
#2131=CARTESIAN_POINT('Ctrl Pts',(38.9786221150015,-8.60624759155278,24.2708273701329));
#2132=CARTESIAN_POINT('Ctrl Pts',(38.5106504907097,-8.40842672024867,24.9941226809173));
#2133=CARTESIAN_POINT('Ctrl Pts',(37.7978243487562,-8.16571863652393,25.413407698284));
#2134=CARTESIAN_POINT('Ctrl Pts',(37.3064832331387,-8.01615601472879,25.5));
#2135=CARTESIAN_POINT('Ctrl Pts',(37.0599999999999,-7.94100000000006,25.5));
#2136=CARTESIAN_POINT('Ctrl Pts',(38.5957086993891,-9.6029597178261,23.5));
#2137=CARTESIAN_POINT('Ctrl Pts',(38.5957086993891,-9.6029597178261,23.7277575657395));
#2138=CARTESIAN_POINT('Ctrl Pts',(38.5052484964217,-9.50661682806297,24.4200315796394));
#2139=CARTESIAN_POINT('Ctrl Pts',(38.0498914411511,-9.01651385837605,25.1588312195136));
#2140=CARTESIAN_POINT('Ctrl Pts',(37.5225403710969,-8.44291554726244,25.4497843673));
#2141=CARTESIAN_POINT('Ctrl Pts',(37.2142301155333,-8.10840913233421,25.5));
#2142=CARTESIAN_POINT('Ctrl Pts',(37.0599999999999,-7.94100000000006,25.5));
#2143=CARTESIAN_POINT('Ctrl Pts',(37.6251390292243,-9.94100000000006,23.5));
#2144=CARTESIAN_POINT('Ctrl Pts',(37.6251390292243,-9.94100000000006,23.6806810063902));
#2145=CARTESIAN_POINT('Ctrl Pts',(37.5954370310579,-9.86736827577411,24.2261969469204));
#2146=CARTESIAN_POINT('Ctrl Pts',(37.441965996859,-9.43443951046968,24.9422852692077));
#2147=CARTESIAN_POINT('Ctrl Pts',(37.2460089067566,-8.7194032530545,25.4012427434098));
#2148=CARTESIAN_POINT('Ctrl Pts',(37.1219769979279,-8.20066224993962,25.5));
#2149=CARTESIAN_POINT('Ctrl Pts',(37.0599999999999,-7.94100000000006,25.5));
#2150=CARTESIAN_POINT('Ctrl Pts',(37.2099999999999,-9.94100000000006,23.5));
#2151=CARTESIAN_POINT('Ctrl Pts',(37.2099999999999,-9.94100000000006,23.6495996501709));
#2152=CARTESIAN_POINT('Ctrl Pts',(37.2062410540394,-9.8908807205263,24.0984937670939));
#2153=CARTESIAN_POINT('Ctrl Pts',(37.181292399895,-9.55823199860191,24.7895875545937));
#2154=CARTESIAN_POINT('Ctrl Pts',(37.1273026257775,-8.83836834370079,25.3633877673514));
#2155=CARTESIAN_POINT('Ctrl Pts',(37.0824399475255,-8.24019930034194,25.5));
#2156=CARTESIAN_POINT('Ctrl Pts',(37.0599999999999,-7.94100000000006,25.5));
#2157=CARTESIAN_POINT('',(39.0599999999999,-8.09100000000005,23.5));
#2158=CARTESIAN_POINT('',(37.0599999999999,-7.94100000000006,25.5));
#2159=CARTESIAN_POINT('Origin',(37.0599999999999,-7.94100000000006,23.5));
#2160=CARTESIAN_POINT('',(37.2099999999999,-9.94100000000006,23.5));
#2161=CARTESIAN_POINT('Origin',(37.0599999999999,-7.94100000000006,23.5));
#2162=CARTESIAN_POINT('Origin',(37.2099999999999,-8.09100000000005,23.5));
#2163=CARTESIAN_POINT('Ctrl Pts',(34.2099999999999,-9.94100000000005,23.5));
#2164=CARTESIAN_POINT('Ctrl Pts',(34.2099999999999,-9.94100000000005,23.6495996501709));
#2165=CARTESIAN_POINT('Ctrl Pts',(34.2137589588583,-9.89088054855477,24.0984944618225));
#2166=CARTESIAN_POINT('Ctrl Pts',(34.2387076134638,-9.55823182048136,24.7895885961967));
#2167=CARTESIAN_POINT('Ctrl Pts',(34.2926973821281,-8.83836823829036,25.363390125297));
#2168=CARTESIAN_POINT('Ctrl Pts',(34.3375600524743,-8.24019930034192,25.5));
#2169=CARTESIAN_POINT('Ctrl Pts',(34.3599999999999,-7.94100000000004,25.5));
#2170=CARTESIAN_POINT('Ctrl Pts',(33.6564812943674,-9.94100000000005,23.5));
#2171=CARTESIAN_POINT('Ctrl Pts',(33.6564812943674,-9.94100000000005,23.6916375639214));
#2172=CARTESIAN_POINT('Ctrl Pts',(33.6947456660656,-9.85963564158991,24.2708082559701));
#2173=CARTESIAN_POINT('Ctrl Pts',(33.8925613660895,-9.39167601324477,24.994103567513));
#2174=CARTESIAN_POINT('Ctrl Pts',(34.1352687317009,-8.67885263324772,25.4133986896383));
#2175=CARTESIAN_POINT('Ctrl Pts',(34.2848439852712,-8.18748323313882,25.5));
#2176=CARTESIAN_POINT('Ctrl Pts',(34.3599999999999,-7.94100000000004,25.5));
#2177=CARTESIAN_POINT('Ctrl Pts',(32.6980276369882,-9.47672387969661,23.5));
#2178=CARTESIAN_POINT('Ctrl Pts',(32.6980276369882,-9.47672387969661,23.7277575657395));
#2179=CARTESIAN_POINT('Ctrl Pts',(32.7943716721773,-9.38626050134961,24.4200359378643));
#2180=CARTESIAN_POINT('Ctrl Pts',(33.2844804594012,-8.93089546496354,25.1588320665438));
#2181=CARTESIAN_POINT('Ctrl Pts',(33.8580813952288,-8.40354075152039,25.4497842332092));
#2182=CARTESIAN_POINT('Ctrl Pts',(34.1925908676658,-8.09523011553341,25.5));
#2183=CARTESIAN_POINT('Ctrl Pts',(34.3599999999999,-7.94100000000004,25.5));
#2184=CARTESIAN_POINT('Ctrl Pts',(32.3599999999999,-8.50613902922442,23.5));
#2185=CARTESIAN_POINT('Ctrl Pts',(32.3599999999999,-8.50613902922442,23.6806810063902));
#2186=CARTESIAN_POINT('Ctrl Pts',(32.4336277994865,-8.47643627256204,24.2261948494265));
#2187=CARTESIAN_POINT('Ctrl Pts',(32.8665538466391,-8.32296324778063,24.9422821194829));
#2188=CARTESIAN_POINT('Ctrl Pts',(33.5815889532945,-8.12700585667031,25.401241111819));
#2189=CARTESIAN_POINT('Ctrl Pts',(34.1003377500603,-8.002976997928,25.5));
#2190=CARTESIAN_POINT('Ctrl Pts',(34.3599999999999,-7.94100000000004,25.5));
#2191=CARTESIAN_POINT('Ctrl Pts',(32.3599999999999,-8.09100000000006,23.5));
#2192=CARTESIAN_POINT('Ctrl Pts',(32.3599999999999,-8.09100000000006,23.6495996501709));
#2193=CARTESIAN_POINT('Ctrl Pts',(32.4101194514452,-8.08724104114166,24.0984944618225));
#2194=CARTESIAN_POINT('Ctrl Pts',(32.7427681795186,-8.06229238653615,24.7895885961967));
#2195=CARTESIAN_POINT('Ctrl Pts',(33.4626317617096,-8.00830261787182,25.363390125297));
#2196=CARTESIAN_POINT('Ctrl Pts',(34.060800699658,-7.96343994752568,25.5));
#2197=CARTESIAN_POINT('Ctrl Pts',(34.3599999999999,-7.94100000000004,25.5));
#2198=CARTESIAN_POINT('',(34.2099999999999,-9.94100000000005,23.5));
#2199=CARTESIAN_POINT('',(34.3599999999999,-7.94100000000005,25.5));
#2200=CARTESIAN_POINT('Origin',(34.3599999999999,-7.94100000000005,23.5));
#2201=CARTESIAN_POINT('',(32.3599999999999,-8.09100000000006,23.5));
#2202=CARTESIAN_POINT('Origin',(34.3599999999999,-7.94100000000005,23.5));
#2203=CARTESIAN_POINT('Origin',(34.2099999999999,-8.09100000000005,23.5));
#2204=CARTESIAN_POINT('Ctrl Pts',(32.3599999999999,-5.09100000000007,23.5));
#2205=CARTESIAN_POINT('Ctrl Pts',(32.3599999999999,-5.09100000000007,23.6495996501709));
#2206=CARTESIAN_POINT('Ctrl Pts',(32.4101196323042,-5.09475897242289,24.098495180326));
#2207=CARTESIAN_POINT('Ctrl Pts',(32.7427683655033,-5.11970762741283,24.7895896708183));
#2208=CARTESIAN_POINT('Ctrl Pts',(33.4626318699429,-5.17369739024579,25.3633925998156));
#2209=CARTESIAN_POINT('Ctrl Pts',(34.060800699658,-5.21856005247442,25.5));
#2210=CARTESIAN_POINT('Ctrl Pts',(34.3599999999999,-5.24100000000006,25.5));
#2211=CARTESIAN_POINT('Ctrl Pts',(32.3599999999999,-4.53748129436758,23.5));
#2212=CARTESIAN_POINT('Ctrl Pts',(32.3599999999999,-4.53748129436758,23.6916375639214));
#2213=CARTESIAN_POINT('Ctrl Pts',(32.4413503380297,-4.57573866284816,24.2707881347152));
#2214=CARTESIAN_POINT('Ctrl Pts',(32.9092973596619,-4.77354893540332,24.9940835952387));
#2215=CARTESIAN_POINT('Ctrl Pts',(33.6221178847719,-5.01625557509526,25.4133895113854));
#2216=CARTESIAN_POINT('Ctrl Pts',(34.1135167668611,-5.16584398527133,25.5));
#2217=CARTESIAN_POINT('Ctrl Pts',(34.3599999999999,-5.24100000000006,25.5));
#2218=CARTESIAN_POINT('Ctrl Pts',(32.8242600085397,-3.57901421590026,23.5));
#2219=CARTESIAN_POINT('Ctrl Pts',(32.8242600085397,-3.57901421590026,23.7277575657395));
#2220=CARTESIAN_POINT('Ctrl Pts',(32.9147267769594,-3.67535951491759,24.4200407086794));
#2221=CARTESIAN_POINT('Ctrl Pts',(33.3701003610786,-4.16547455621378,25.1588330657896));
#2222=CARTESIAN_POINT('Ctrl Pts',(33.8974589348702,-4.73907827678651,25.4497841413657));
#2223=CARTESIAN_POINT('Ctrl Pts',(34.2057698844665,-5.07359086766591,25.5));
#2224=CARTESIAN_POINT('Ctrl Pts',(34.3599999999999,-5.24100000000006,25.5));
#2225=CARTESIAN_POINT('Ctrl Pts',(33.7948609707755,-3.24100000000006,23.5));
#2226=CARTESIAN_POINT('Ctrl Pts',(33.7948609707755,-3.24100000000006,23.6806810063902));
#2227=CARTESIAN_POINT('Ctrl Pts',(33.8245644939615,-3.31462372211743,24.2261926546713));
#2228=CARTESIAN_POINT('Ctrl Pts',(33.9780396262877,-3.74754692364121,24.9422788204346));
#2229=CARTESIAN_POINT('Ctrl Pts',(34.1739973254425,-4.46258082510996,25.4012394396523));
#2230=CARTESIAN_POINT('Ctrl Pts',(34.2980230020719,-4.9813377500605,25.5));
#2231=CARTESIAN_POINT('Ctrl Pts',(34.3599999999999,-5.24100000000006,25.5));
#2232=CARTESIAN_POINT('Ctrl Pts',(34.2099999999999,-3.24100000000006,23.5));
#2233=CARTESIAN_POINT('Ctrl Pts',(34.2099999999999,-3.24100000000006,23.6495996501709));
#2234=CARTESIAN_POINT('Ctrl Pts',(34.2137589724227,-3.29111963230439,24.098495180326));
#2235=CARTESIAN_POINT('Ctrl Pts',(34.2387076274126,-3.62376836550353,24.7895896708183));
#2236=CARTESIAN_POINT('Ctrl Pts',(34.2926973902456,-4.34363186994309,25.3633925998156));
#2237=CARTESIAN_POINT('Ctrl Pts',(34.3375600524742,-4.94180069965818,25.5));
#2238=CARTESIAN_POINT('Ctrl Pts',(34.3599999999999,-5.24100000000006,25.5));
#2239=CARTESIAN_POINT('',(32.3599999999999,-5.09100000000007,23.5));
#2240=CARTESIAN_POINT('',(34.3599999999999,-5.24100000000006,25.5));
#2241=CARTESIAN_POINT('Origin',(34.3599999999999,-5.24100000000006,23.5));
#2242=CARTESIAN_POINT('',(34.2099999999999,-3.24100000000006,23.5));
#2243=CARTESIAN_POINT('Origin',(34.3599999999999,-5.24100000000006,23.5));
#2244=CARTESIAN_POINT('Origin',(34.2099999999999,-5.09100000000007,23.5));
#2245=CARTESIAN_POINT('Origin',(34.9599999999999,-5.24100000000007,23.5));
#2246=CARTESIAN_POINT('',(34.9599999999999,-3.24100000000007,23.5));
#2247=CARTESIAN_POINT('',(34.9599999999999,-5.24100000000007,25.5));
#2248=CARTESIAN_POINT('Origin',(34.3599999999999,-7.34100000000006,23.5));
#2249=CARTESIAN_POINT('',(34.3599999999999,-7.34100000000006,25.5));
#2250=CARTESIAN_POINT('',(32.3599999999999,-7.34100000000006,23.5));
#2251=CARTESIAN_POINT('Origin',(36.4599999999999,-7.94100000000006,23.5));
#2252=CARTESIAN_POINT('',(36.4599999999999,-7.94100000000006,25.5));
#2253=CARTESIAN_POINT('',(36.4599999999999,-9.94100000000006,23.5));
#2254=CARTESIAN_POINT('Origin',(37.0599999999999,-5.84100000000006,23.5));
#2255=CARTESIAN_POINT('',(37.0599999999999,-5.84100000000006,25.5));
#2256=CARTESIAN_POINT('',(39.0599999999999,-5.84100000000006,23.5));
#2257=CARTESIAN_POINT('Origin',(37.2099999999999,-9.94100000000006,24.));
#2258=CARTESIAN_POINT('',(34.2099999999999,-9.94100000000005,22.));
#2259=CARTESIAN_POINT('',(34.2099999999999,-9.94100000000005,24.));
#2260=CARTESIAN_POINT('',(37.2099999999999,-9.94100000000006,22.));
#2261=CARTESIAN_POINT('',(34.2099999999999,-9.94100000000005,22.));
#2262=CARTESIAN_POINT('',(37.2099999999999,-9.94100000000006,24.));
#2263=CARTESIAN_POINT('Origin',(34.2099999999999,-8.09100000000006,24.));
#2264=CARTESIAN_POINT('',(32.3599999999999,-8.09100000000006,22.));
#2265=CARTESIAN_POINT('',(32.3599999999999,-8.09100000000006,24.));
#2266=CARTESIAN_POINT('Origin',(34.2099999999999,-8.09100000000006,22.));
#2267=CARTESIAN_POINT('Origin',(32.3599999999999,-8.09100000000006,24.));
#2268=CARTESIAN_POINT('',(32.3599999999999,-5.09100000000007,22.));
#2269=CARTESIAN_POINT('',(32.3599999999999,-5.09100000000007,24.));
#2270=CARTESIAN_POINT('',(32.3599999999999,-5.09100000000007,22.));
#2271=CARTESIAN_POINT('Origin',(34.2099999999999,-5.09100000000007,24.));
#2272=CARTESIAN_POINT('',(34.2099999999999,-3.24100000000006,22.));
#2273=CARTESIAN_POINT('',(34.2099999999999,-3.24100000000006,24.));
#2274=CARTESIAN_POINT('Origin',(34.2099999999999,-5.09100000000007,22.));
#2275=CARTESIAN_POINT('Origin',(35.7099999999999,-6.59100000000006,25.5));
#2276=CARTESIAN_POINT('Origin',(35.7099999999999,-6.59100000000006,22.));
#2277=CARTESIAN_POINT('',(37.2099999999999,-2.84100000000007,22.));
#2278=CARTESIAN_POINT('',(39.4599999999999,-5.09100000000006,22.));
#2279=CARTESIAN_POINT('Origin',(37.2099999999999,-5.09100000000006,22.));
#2280=CARTESIAN_POINT('',(34.2099999999999,-2.84100000000007,22.));
#2281=CARTESIAN_POINT('',(34.2099999999999,-2.84100000000007,22.));
#2282=CARTESIAN_POINT('',(31.9599999999999,-5.09100000000007,22.));
#2283=CARTESIAN_POINT('Origin',(34.2099999999999,-5.09100000000007,22.));
#2284=CARTESIAN_POINT('',(31.9599999999999,-8.09100000000006,22.));
#2285=CARTESIAN_POINT('',(31.9599999999999,-8.09100000000006,22.));
#2286=CARTESIAN_POINT('',(34.2099999999999,-10.3410000000001,22.));
#2287=CARTESIAN_POINT('Origin',(34.2099999999999,-8.09100000000006,22.));
#2288=CARTESIAN_POINT('',(37.2099999999999,-10.3410000000001,22.));
#2289=CARTESIAN_POINT('',(37.2099999999999,-10.3410000000001,22.));
#2290=CARTESIAN_POINT('',(39.4599999999999,-8.09100000000005,22.));
#2291=CARTESIAN_POINT('Origin',(37.2099999999999,-8.09100000000005,22.));
#2292=CARTESIAN_POINT('',(39.4599999999999,-5.09100000000006,22.));
#2293=CARTESIAN_POINT('',(37.2099999999999,-3.24100000000007,22.));
#2294=CARTESIAN_POINT('',(37.2099999999999,-3.24100000000007,22.));
#2295=CARTESIAN_POINT('',(39.0599999999999,-5.09100000000006,22.));
#2296=CARTESIAN_POINT('Origin',(37.2099999999999,-5.09100000000006,22.));
#2297=CARTESIAN_POINT('',(39.0599999999999,-8.09100000000006,22.));
#2298=CARTESIAN_POINT('',(39.0599999999999,-8.09100000000006,22.));
#2299=CARTESIAN_POINT('Origin',(37.2099999999999,-8.09100000000005,22.));
#2300=CARTESIAN_POINT('Origin',(34.2099999999999,-2.84100000000007,22.));
#2301=CARTESIAN_POINT('',(37.2099999999999,-2.84100000000007,19.4));
#2302=CARTESIAN_POINT('',(37.2099999999999,-2.84100000000007,22.));
#2303=CARTESIAN_POINT('',(34.2099999999999,-2.84100000000007,19.4));
#2304=CARTESIAN_POINT('',(34.2099999999999,-2.84100000000007,19.4));
#2305=CARTESIAN_POINT('',(34.2099999999999,-2.84100000000007,22.));
#2306=CARTESIAN_POINT('Origin',(34.2099999999999,-5.09100000000007,22.));
#2307=CARTESIAN_POINT('',(31.9599999999999,-5.09100000000007,19.4));
#2308=CARTESIAN_POINT('Origin',(34.2099999999999,-5.09100000000007,19.4));
#2309=CARTESIAN_POINT('',(31.9599999999999,-5.09100000000007,22.));
#2310=CARTESIAN_POINT('Origin',(31.9599999999999,-8.09100000000006,22.));
#2311=CARTESIAN_POINT('',(31.9599999999999,-8.09100000000006,19.4));
#2312=CARTESIAN_POINT('',(31.9599999999999,-8.09100000000006,19.4));
#2313=CARTESIAN_POINT('',(31.9599999999999,-8.09100000000006,22.));
#2314=CARTESIAN_POINT('Origin',(34.2099999999999,-8.09100000000006,22.));
#2315=CARTESIAN_POINT('',(34.2099999999999,-10.3410000000001,19.4));
#2316=CARTESIAN_POINT('Origin',(34.2099999999999,-8.09100000000006,19.4));
#2317=CARTESIAN_POINT('',(34.2099999999999,-10.3410000000001,22.));
#2318=CARTESIAN_POINT('Origin',(37.2099999999999,-10.3410000000001,22.));
#2319=CARTESIAN_POINT('',(37.2099999999999,-10.3410000000001,19.4));
#2320=CARTESIAN_POINT('',(37.2099999999999,-10.3410000000001,19.4));
#2321=CARTESIAN_POINT('',(37.2099999999999,-10.3410000000001,22.));
#2322=CARTESIAN_POINT('Origin',(37.2099999999999,-8.09100000000005,22.));
#2323=CARTESIAN_POINT('',(39.4599999999999,-8.09100000000005,19.4));
#2324=CARTESIAN_POINT('Origin',(37.2099999999999,-8.09100000000005,19.4));
#2325=CARTESIAN_POINT('',(39.4599999999999,-8.09100000000005,22.));
#2326=CARTESIAN_POINT('Origin',(39.4599999999999,-5.09100000000006,22.));
#2327=CARTESIAN_POINT('',(39.4599999999999,-5.09100000000006,19.4));
#2328=CARTESIAN_POINT('',(39.4599999999999,-5.09100000000006,19.4));
#2329=CARTESIAN_POINT('',(39.4599999999999,-5.09100000000006,22.));
#2330=CARTESIAN_POINT('Origin',(37.2099999999999,-5.09100000000006,22.));
#2331=CARTESIAN_POINT('Origin',(37.2099999999999,-5.09100000000006,19.4));
#2332=CARTESIAN_POINT('Origin',(35.7099999999999,-6.59100000000006,19.4));
#2333=CARTESIAN_POINT('Origin',(37.2099999999999,-8.09100000000005,24.));
#2334=CARTESIAN_POINT('',(39.0599999999999,-8.09100000000006,24.));
#2335=CARTESIAN_POINT('Origin',(39.0599999999999,-5.09100000000006,24.));
#2336=CARTESIAN_POINT('',(39.0599999999999,-5.09100000000006,24.));
#2337=CARTESIAN_POINT('Origin',(37.2099999999999,-5.09100000000006,24.));
#2338=CARTESIAN_POINT('',(37.2099999999999,-3.24100000000007,24.));
#2339=CARTESIAN_POINT('Origin',(34.2099999999999,-3.24100000000006,24.));
#2340=CARTESIAN_POINT('Origin',(34.4099999999999,0.597999999999919,23.5));
#2341=CARTESIAN_POINT('',(34.4099999999999,2.54799999999992,25.5));
#2342=CARTESIAN_POINT('',(32.4099999999999,2.54799999999993,23.5));
#2343=CARTESIAN_POINT('Origin',(34.4099999999999,2.54799999999993,23.5));
#2344=CARTESIAN_POINT('',(32.4099999999999,-0.0520000000000843,23.5));
#2345=CARTESIAN_POINT('',(32.4099999999999,0.597999999999919,23.5));
#2346=CARTESIAN_POINT('',(34.4099999999999,-0.0520000000000843,25.5));
#2347=CARTESIAN_POINT('Origin',(34.4099999999999,-0.0520000000000843,23.5));
#2348=CARTESIAN_POINT('',(34.4099999999999,0.597999999999919,25.5));
#2349=CARTESIAN_POINT('Origin',(36.3599999999999,-0.0520000000000773,23.5));
#2350=CARTESIAN_POINT('',(34.4099999999999,-2.05200000000008,23.5));
#2351=CARTESIAN_POINT('Origin',(34.4099999999999,-0.0520000000000771,23.5));
#2352=CARTESIAN_POINT('',(37.0099999999999,-2.05200000000008,23.5));
#2353=CARTESIAN_POINT('',(36.3599999999999,-2.05200000000008,23.5));
#2354=CARTESIAN_POINT('',(37.0099999999999,-0.0520000000000773,25.5));
#2355=CARTESIAN_POINT('Origin',(37.0099999999999,-0.0520000000000773,23.5));
#2356=CARTESIAN_POINT('',(36.3599999999999,-0.0520000000000773,25.5));
#2357=CARTESIAN_POINT('Origin',(34.4099999999999,-0.0520000000000842,23.5));
#2358=CARTESIAN_POINT('Origin',(34.4099999999999,-0.0520000000000842,23.5));
#2359=CARTESIAN_POINT('Origin',(37.0099999999999,1.89799999999992,23.5));
#2360=CARTESIAN_POINT('',(39.0099999999999,-0.0520000000000713,23.5));
#2361=CARTESIAN_POINT('Origin',(37.0099999999999,-0.0520000000000712,23.5));
#2362=CARTESIAN_POINT('',(39.0099999999999,2.54799999999993,23.5));
#2363=CARTESIAN_POINT('',(39.0099999999999,1.89799999999992,23.5));
#2364=CARTESIAN_POINT('',(37.0099999999999,2.54799999999993,25.5));
#2365=CARTESIAN_POINT('Origin',(37.0099999999999,2.54799999999993,23.5));
#2366=CARTESIAN_POINT('',(37.0099999999999,1.89799999999992,25.5));
#2367=CARTESIAN_POINT('Origin',(37.0099999999999,-0.0520000000000712,23.5));
#2368=CARTESIAN_POINT('Origin',(37.0099999999999,-0.0520000000000712,23.5));
#2369=CARTESIAN_POINT('Origin',(35.0599999999999,2.54799999999992,23.5));
#2370=CARTESIAN_POINT('',(37.0099999999999,4.54799999999992,23.5));
#2371=CARTESIAN_POINT('Origin',(37.0099999999999,2.54799999999992,23.5));
#2372=CARTESIAN_POINT('',(34.4099999999999,4.54799999999992,23.5));
#2373=CARTESIAN_POINT('',(35.0599999999999,4.54799999999992,23.5));
#2374=CARTESIAN_POINT('Origin',(34.4099999999999,2.54799999999992,23.5));
#2375=CARTESIAN_POINT('',(35.0599999999999,2.54799999999992,25.5));
#2376=CARTESIAN_POINT('Origin',(37.0099999999999,2.54799999999993,23.5));
#2377=CARTESIAN_POINT('Origin',(37.0099999999999,2.54799999999993,23.5));
#2378=CARTESIAN_POINT('Origin',(34.4099999999999,2.54799999999993,23.5));
#2379=CARTESIAN_POINT('Origin',(34.4099999999999,2.54799999999993,23.5));
#2380=CARTESIAN_POINT('Origin',(34.4099999999999,-0.0520000000000842,24.));
#2381=CARTESIAN_POINT('',(32.4099999999999,-0.0520000000000843,22.));
#2382=CARTESIAN_POINT('',(32.4099999999999,-0.0520000000000843,24.));
#2383=CARTESIAN_POINT('',(34.4099999999999,-2.05200000000008,22.));
#2384=CARTESIAN_POINT('Origin',(34.4099999999999,-0.0520000000000842,22.));
#2385=CARTESIAN_POINT('',(34.4099999999999,-2.05200000000008,24.));
#2386=CARTESIAN_POINT('Origin',(32.4099999999999,-0.0520000000000843,24.));
#2387=CARTESIAN_POINT('',(32.4099999999999,2.54799999999993,22.));
#2388=CARTESIAN_POINT('',(32.4099999999999,2.54799999999993,24.));
#2389=CARTESIAN_POINT('',(32.4099999999999,-0.0520000000000843,22.));
#2390=CARTESIAN_POINT('Origin',(34.4099999999999,2.54799999999993,24.));
#2391=CARTESIAN_POINT('',(34.4099999999999,4.54799999999992,22.));
#2392=CARTESIAN_POINT('',(34.4099999999999,4.54799999999992,24.));
#2393=CARTESIAN_POINT('Origin',(34.4099999999999,2.54799999999993,22.));
#2394=CARTESIAN_POINT('Origin',(34.4099999999999,4.54799999999992,24.));
#2395=CARTESIAN_POINT('',(37.0099999999999,4.54799999999992,22.));
#2396=CARTESIAN_POINT('',(37.0099999999999,4.54799999999992,24.));
#2397=CARTESIAN_POINT('',(34.4099999999999,4.54799999999992,22.));
#2398=CARTESIAN_POINT('Origin',(35.7099999999999,1.24799999999992,25.5));
#2399=CARTESIAN_POINT('Origin',(35.7099999999999,1.24799999999992,22.));
#2400=CARTESIAN_POINT('',(39.4099999999999,-0.0520000000000712,22.));
#2401=CARTESIAN_POINT('',(37.0099999999999,-2.45200000000008,22.));
#2402=CARTESIAN_POINT('Origin',(37.0099999999999,-0.0520000000000712,22.));
#2403=CARTESIAN_POINT('',(39.4099999999999,2.54799999999993,22.));
#2404=CARTESIAN_POINT('',(39.4099999999999,2.54799999999993,22.));
#2405=CARTESIAN_POINT('',(37.0099999999999,4.94799999999992,22.));
#2406=CARTESIAN_POINT('Origin',(37.0099999999999,2.54799999999993,22.));
#2407=CARTESIAN_POINT('',(34.4099999999999,4.94799999999993,22.));
#2408=CARTESIAN_POINT('',(34.4099999999999,4.94799999999993,22.));
#2409=CARTESIAN_POINT('',(32.0099999999999,2.54799999999993,22.));
#2410=CARTESIAN_POINT('Origin',(34.4099999999999,2.54799999999993,22.));
#2411=CARTESIAN_POINT('',(32.0099999999999,-0.0520000000000842,22.));
#2412=CARTESIAN_POINT('',(32.0099999999999,-0.0520000000000842,22.));
#2413=CARTESIAN_POINT('',(34.4099999999999,-2.45200000000008,22.));
#2414=CARTESIAN_POINT('Origin',(34.4099999999999,-0.0520000000000842,22.));
#2415=CARTESIAN_POINT('',(37.0099999999999,-2.45200000000008,22.));
#2416=CARTESIAN_POINT('',(37.0099999999999,-2.05200000000008,22.));
#2417=CARTESIAN_POINT('',(37.0099999999999,-2.05200000000008,22.));
#2418=CARTESIAN_POINT('',(39.0099999999999,2.54799999999993,22.));
#2419=CARTESIAN_POINT('Origin',(37.0099999999999,2.54799999999993,22.));
#2420=CARTESIAN_POINT('',(39.0099999999999,-0.0520000000000713,22.));
#2421=CARTESIAN_POINT('',(39.0099999999999,2.54799999999993,22.));
#2422=CARTESIAN_POINT('Origin',(37.0099999999999,-0.0520000000000712,22.));
#2423=CARTESIAN_POINT('Origin',(39.4099999999999,2.54799999999993,22.));
#2424=CARTESIAN_POINT('',(39.4099999999999,-0.0520000000000712,19.4));
#2425=CARTESIAN_POINT('',(39.4099999999999,-0.0520000000000712,22.));
#2426=CARTESIAN_POINT('',(39.4099999999999,2.54799999999993,19.4));
#2427=CARTESIAN_POINT('',(39.4099999999999,2.54799999999993,19.4));
#2428=CARTESIAN_POINT('',(39.4099999999999,2.54799999999993,22.));
#2429=CARTESIAN_POINT('Origin',(37.0099999999999,2.54799999999993,22.));
#2430=CARTESIAN_POINT('',(37.0099999999999,4.94799999999992,19.4));
#2431=CARTESIAN_POINT('Origin',(37.0099999999999,2.54799999999993,19.4));
#2432=CARTESIAN_POINT('',(37.0099999999999,4.94799999999992,22.));
#2433=CARTESIAN_POINT('Origin',(34.4099999999999,4.94799999999993,22.));
#2434=CARTESIAN_POINT('',(34.4099999999999,4.94799999999993,19.4));
#2435=CARTESIAN_POINT('',(34.4099999999999,4.94799999999993,19.4));
#2436=CARTESIAN_POINT('',(34.4099999999999,4.94799999999993,22.));
#2437=CARTESIAN_POINT('Origin',(34.4099999999999,2.54799999999993,22.));
#2438=CARTESIAN_POINT('',(32.0099999999999,2.54799999999993,19.4));
#2439=CARTESIAN_POINT('Origin',(34.4099999999999,2.54799999999993,19.4));
#2440=CARTESIAN_POINT('',(32.0099999999999,2.54799999999993,22.));
#2441=CARTESIAN_POINT('Origin',(32.0099999999999,-0.0520000000000842,22.));
#2442=CARTESIAN_POINT('',(32.0099999999999,-0.0520000000000842,19.4));
#2443=CARTESIAN_POINT('',(32.0099999999999,-0.0520000000000842,19.4));
#2444=CARTESIAN_POINT('',(32.0099999999999,-0.0520000000000842,22.));
#2445=CARTESIAN_POINT('Origin',(34.4099999999999,-0.0520000000000842,22.));
#2446=CARTESIAN_POINT('',(34.4099999999999,-2.45200000000008,19.4));
#2447=CARTESIAN_POINT('Origin',(34.4099999999999,-0.0520000000000842,19.4));
#2448=CARTESIAN_POINT('',(34.4099999999999,-2.45200000000008,22.));
#2449=CARTESIAN_POINT('Origin',(37.0099999999999,-2.45200000000008,22.));
#2450=CARTESIAN_POINT('',(37.0099999999999,-2.45200000000008,19.4));
#2451=CARTESIAN_POINT('',(37.0099999999999,-2.45200000000008,19.4));
#2452=CARTESIAN_POINT('',(37.0099999999999,-2.45200000000008,22.));
#2453=CARTESIAN_POINT('Origin',(37.0099999999999,-0.0520000000000712,22.));
#2454=CARTESIAN_POINT('Origin',(37.0099999999999,-0.0520000000000712,19.4));
#2455=CARTESIAN_POINT('Origin',(35.7099999999999,1.24799999999992,19.4));
#2456=CARTESIAN_POINT('Origin',(37.0099999999999,-2.05200000000008,24.));
#2457=CARTESIAN_POINT('',(37.0099999999999,-2.05200000000008,24.));
#2458=CARTESIAN_POINT('Origin',(37.0099999999999,-0.0520000000000712,24.));
#2459=CARTESIAN_POINT('',(39.0099999999999,-0.0520000000000713,24.));
#2460=CARTESIAN_POINT('Origin',(39.0099999999999,2.54799999999993,24.));
#2461=CARTESIAN_POINT('',(39.0099999999999,2.54799999999993,24.));
#2462=CARTESIAN_POINT('Origin',(37.0099999999999,2.54799999999993,24.));
#2463=UNCERTAINTY_MEASURE_WITH_UNIT(LENGTH_MEASURE(0.01),#2467,
'DISTANCE_ACCURACY_VALUE',
'Maximum model space distance between geometric entities at asserted c
onnectivities');
#2464=UNCERTAINTY_MEASURE_WITH_UNIT(LENGTH_MEASURE(0.01),#2467,
'DISTANCE_ACCURACY_VALUE',
'Maximum model space distance between geometric entities at asserted c
onnectivities');
#2465=(
GEOMETRIC_REPRESENTATION_CONTEXT(3)
GLOBAL_UNCERTAINTY_ASSIGNED_CONTEXT((#2463))
GLOBAL_UNIT_ASSIGNED_CONTEXT((#2467,#2469,#2470))
REPRESENTATION_CONTEXT('','3D')
);
#2466=(
GEOMETRIC_REPRESENTATION_CONTEXT(3)
GLOBAL_UNCERTAINTY_ASSIGNED_CONTEXT((#2464))
GLOBAL_UNIT_ASSIGNED_CONTEXT((#2467,#2469,#2470))
REPRESENTATION_CONTEXT('','3D')
);
#2467=(
LENGTH_UNIT()
NAMED_UNIT(*)
SI_UNIT(.MILLI.,.METRE.)
);
#2468=(
LENGTH_UNIT()
NAMED_UNIT(*)
SI_UNIT($,.METRE.)
);
#2469=(
NAMED_UNIT(*)
PLANE_ANGLE_UNIT()
SI_UNIT($,.RADIAN.)
);
#2470=(
NAMED_UNIT(*)
SI_UNIT($,.STERADIAN.)
SOLID_ANGLE_UNIT()
);
#2471=SHAPE_DEFINITION_REPRESENTATION(#2472,#2473);
#2472=PRODUCT_DEFINITION_SHAPE('',$,#2475);
#2473=SHAPE_REPRESENTATION('',(#1300),#2465);
#2474=PRODUCT_DEFINITION_CONTEXT('part definition',#2479,'design');
#2475=PRODUCT_DEFINITION('(Unsaved)','(Unsaved)',#2476,#2474);
#2476=PRODUCT_DEFINITION_FORMATION('',$,#2481);
#2477=PRODUCT_RELATED_PRODUCT_CATEGORY('(Unsaved)','(Unsaved)',(#2481));
#2478=APPLICATION_PROTOCOL_DEFINITION('international standard',
'automotive_design',2009,#2479);
#2479=APPLICATION_CONTEXT(
'Core Data for Automotive Mechanical Design Process');
#2480=PRODUCT_CONTEXT('part definition',#2479,'mechanical');
#2481=PRODUCT('(Unsaved)','(Unsaved)',$,(#2480));
#2482=PRESENTATION_STYLE_ASSIGNMENT((#2483));
#2483=SURFACE_STYLE_USAGE(.BOTH.,#2484);
#2484=SURFACE_SIDE_STYLE('',(#2485));
#2485=SURFACE_STYLE_FILL_AREA(#2486);
#2486=FILL_AREA_STYLE('Steel - Satin',(#2487));
#2487=FILL_AREA_STYLE_COLOUR('Steel - Satin',#2488);
#2488=COLOUR_RGB('Steel - Satin',0.627450980392157,0.627450980392157,0.627450980392157);
ENDSEC;
END-ISO-10303-21;
