ISO-10303-21;
HEADER;
/* Generated by software containing ST-Developer
 * from STEP Tools, Inc. (www.steptools.com) 
 */

FILE_DESCRIPTION(
/* description */ (''),
/* implementation_level */ '2;1');

FILE_NAME(
/* name */ 'shell-top.step',
/* time_stamp */ '2026-07-17T15:32:16+02:00',
/* author */ (''),
/* organization */ (''),
/* preprocessor_version */ 'ST-DEVELOPER v20.1',
/* originating_system */ 'Autodesk Translation Framework v15.8.0.0',
/* authorisation */ '');

FILE_SCHEMA (('AUTOMOTIVE_DESIGN { 1 0 10303 214 3 1 1 }'));
ENDSEC;

DATA;
#10=MECHANICAL_DESIGN_GEOMETRIC_PRESENTATION_REPRESENTATION('',(#13),#6642);
#11=SHAPE_REPRESENTATION_RELATIONSHIP('SRR','None',#6649,#12);
#12=ADVANCED_BREP_SHAPE_REPRESENTATION('',(#14),#6641);
#13=STYLED_ITEM('',(#6658),#14);
#14=MANIFOLD_SOLID_BREP('Body1',#3724);
#15=B_SPLINE_CURVE_WITH_KNOTS('',3,(#6191,#6192,#6193,#6194,#6195,#6196,
#6197,#6198,#6199,#6200),.UNSPECIFIED.,.F.,.F.,(4,2,2,2,4),(-0.466467206985056,
-0.330871897059176,-0.216636932989367,-0.0690871114182823,0.),
 .UNSPECIFIED.);
#16=B_SPLINE_CURVE_WITH_KNOTS('',3,(#6212,#6213,#6214,#6215,#6216,#6217,
#6218,#6219,#6220,#6221,#6222,#6223,#6224,#6225),.UNSPECIFIED.,.F.,.F.,
(4,2,2,2,2,2,4),(1.78785813537984,1.79457046798209,1.92876734115741,2.07583232588257,
2.22289731060774,2.49750225313171,2.5513898668026),.UNSPECIFIED.);
#17=B_SPLINE_CURVE_WITH_KNOTS('',3,(#6226,#6227,#6228,#6229,#6230,#6231,
#6232,#6233,#6234,#6235),.UNSPECIFIED.,.F.,.F.,(4,2,2,2,4),(1.35753263080396,
1.47354045201386,1.63710075844883,1.79736764263232,1.93010734403237),
 .UNSPECIFIED.);
#18=B_SPLINE_CURVE_WITH_KNOTS('',3,(#6236,#6237,#6238,#6239,#6240,#6241),
 .UNSPECIFIED.,.F.,.F.,(4,2,4),(0.220717328853084,0.274604942523974,0.30330867456207),
 .UNSPECIFIED.);
#19=B_SPLINE_CURVE_WITH_KNOTS('',3,(#6295,#6296,#6297,#6298,#6299,#6300,
#6301,#6302,#6303,#6304,#6305,#6306,#6307,#6308),.UNSPECIFIED.,.F.,.F.,
(4,2,2,2,2,2,4),(0.220717328853083,0.274604942523975,0.54920988504795,0.696274869773112,
0.843339854498275,0.977536727673596,0.984249060275841),.UNSPECIFIED.);
#20=B_SPLINE_CURVE_WITH_KNOTS('',3,(#6331,#6332,#6333,#6334,#6335,#6336,
#6337,#6338,#6339,#6340),.UNSPECIFIED.,.F.,.F.,(4,2,2,2,4),(-0.492357906107982,
-0.366972936389387,-0.247501504416275,-0.125912685295685,0.),
 .UNSPECIFIED.);
#21=B_SPLINE_CURVE_WITH_KNOTS('',3,(#6349,#6350,#6351,#6352,#6353,#6354,
#6355,#6356,#6357,#6358,#6359,#6360,#6361,#6362),.UNSPECIFIED.,.F.,.F.,
(4,2,2,2,2,2,4),(1.7983073558367,1.80435335013254,1.93954192113559,2.0880332132771,
2.23652450541862,2.51100908321349,2.56322507269383),.UNSPECIFIED.);
#22=B_SPLINE_CURVE_WITH_KNOTS('',3,(#6398,#6399,#6400,#6401,#6402,#6403,
#6404,#6405,#6406,#6407,#6408,#6409),.UNSPECIFIED.,.F.,.F.,(4,2,2,2,2,4),
(-0.462711360749049,-0.419285799672456,-0.371850857951407,-0.265743412935225,
-0.129949540132661,0.),.UNSPECIFIED.);
#23=B_SPLINE_CURVE_WITH_KNOTS('',3,(#6414,#6415,#6416,#6417,#6418,#6419,
#6420,#6421,#6422,#6423),.UNSPECIFIED.,.F.,.F.,(4,2,2,2,4),(0.689852947125432,
0.822592648525475,0.982859532708972,1.14641983914394,1.26424609771721),
 .UNSPECIFIED.);
#24=B_SPLINE_CURVE_WITH_KNOTS('',3,(#6426,#6427,#6428,#6429,#6430,#6431,
#6432,#6433,#6434,#6435,#6436,#6437,#6438,#6439),.UNSPECIFIED.,.F.,.F.,
(4,2,2,2,2,2,4),(0.221546943602688,0.27454357764033,0.549087155280659,0.696924610414189,
0.844762065547718,0.979498260961775,0.985826170552253),.UNSPECIFIED.);
#25=B_SPLINE_CURVE_WITH_KNOTS('',3,(#6442,#6443,#6444,#6445,#6446,#6447),
 .UNSPECIFIED.,.F.,.F.,(4,2,4),(2.47183324558141,2.50484712179205,2.5578437558297),
 .UNSPECIFIED.);
#26=B_SPLINE_CURVE_WITH_KNOTS('',3,(#6499,#6500,#6501,#6502,#6503,#6504,
#6505,#6506,#6507,#6508,#6509,#6510,#6511,#6512),.UNSPECIFIED.,.F.,.F.,
(4,2,2,2,2,2,4),(1.79356452888013,1.79989243847061,1.93462863388466,2.08246608901819,
2.23030354415172,2.50484712179205,2.5578437558297),.UNSPECIFIED.);
#27=B_SPLINE_CURVE_WITH_KNOTS('',3,(#6517,#6518,#6519,#6520,#6521,#6522,
#6523,#6524,#6525,#6526,#6527,#6528,#6529,#6530),.UNSPECIFIED.,.F.,.F.,
(4,2,2,2,2,2,4),(0.222268588314532,0.27448457779487,0.54896915558974,0.697460447731255,
0.845951739872771,0.981140310875823,0.987186305171662),.UNSPECIFIED.);
#28=B_SPLINE_CURVE_WITH_KNOTS('',3,(#6552,#6553,#6554,#6555,#6556,#6557,
#6558,#6559,#6560,#6561),.UNSPECIFIED.,.F.,.F.,(4,2,2,2,4),(-0.492357906107985,
-0.366972936389391,-0.247501504416283,-0.125912685295693,0.),
 .UNSPECIFIED.);
#29=B_SPLINE_SURFACE_WITH_KNOTS('',3,3,((#5864,#5865,#5866,#5867,#5868,
#5869,#5870,#5871),(#5872,#5873,#5874,#5875,#5876,#5877,#5878,#5879),(#5880,
#5881,#5882,#5883,#5884,#5885,#5886,#5887),(#5888,#5889,#5890,#5891,#5892,
#5893,#5894,#5895),(#5896,#5897,#5898,#5899,#5900,#5901,#5902,#5903),(#5904,
#5905,#5906,#5907,#5908,#5909,#5910,#5911)),.UNSPECIFIED.,.F.,.F.,.F.,(4,
1,1,4),(4,1,1,1,1,4),(0.,0.285714285714286,0.571428571428571,1.),(2.05596856412068E-16,
0.224399475256414,0.448798950512828,0.673198425769242,1.12199737628207,
1.5707963267949),.UNSPECIFIED.);
#30=B_SPLINE_SURFACE_WITH_KNOTS('',3,3,((#6116,#6117,#6118,#6119,#6120,
#6121,#6122),(#6123,#6124,#6125,#6126,#6127,#6128,#6129),(#6130,#6131,#6132,
#6133,#6134,#6135,#6136),(#6137,#6138,#6139,#6140,#6141,#6142,#6143),(#6144,
#6145,#6146,#6147,#6148,#6149,#6150),(#6151,#6152,#6153,#6154,#6155,#6156,
#6157)),.UNSPECIFIED.,.F.,.F.,.F.,(4,1,1,4),(4,1,1,1,4),(0.,0.285714285714286,
0.571428571428571,1.),(0.,0.224399475256414,0.673198425769241,1.12199737628207,
1.5707963267949),.UNSPECIFIED.);
#31=B_SPLINE_SURFACE_WITH_KNOTS('',3,3,((#6159,#6160,#6161,#6162,#6163,
#6164),(#6165,#6166,#6167,#6168,#6169,#6170),(#6171,#6172,#6173,#6174,#6175,
#6176),(#6177,#6178,#6179,#6180,#6181,#6182),(#6183,#6184,#6185,#6186,#6187,
#6188)),.UNSPECIFIED.,.F.,.F.,.F.,(4,1,4),(4,1,1,4),(0.,0.571428571428571,
1.),(0.,0.375063548252972,0.562595322379458,0.875148279256934),
 .UNSPECIFIED.);
#32=B_SPLINE_SURFACE_WITH_KNOTS('',3,3,((#6242,#6243,#6244,#6245,#6246,
#6247,#6248,#6249),(#6250,#6251,#6252,#6253,#6254,#6255,#6256,#6257),(#6258,
#6259,#6260,#6261,#6262,#6263,#6264,#6265),(#6266,#6267,#6268,#6269,#6270,
#6271,#6272,#6273),(#6274,#6275,#6276,#6277,#6278,#6279,#6280,#6281),(#6282,
#6283,#6284,#6285,#6286,#6287,#6288,#6289)),.UNSPECIFIED.,.F.,.F.,.F.,(4,
1,1,4),(4,1,1,1,1,4),(0.,0.285714285714286,0.571428571428571,1.),(6.42637425173879E-17,
0.224399475256414,0.448798950512828,0.673198425769242,1.12199737628207,
1.5707963267949),.UNSPECIFIED.);
#33=B_SPLINE_SURFACE_WITH_KNOTS('',3,3,((#6310,#6311,#6312,#6313),(#6314,
#6315,#6316,#6317),(#6318,#6319,#6320,#6321),(#6322,#6323,#6324,#6325),
(#6326,#6327,#6328,#6329)),.UNSPECIFIED.,.F.,.F.,.F.,(4,1,4),(4,4),(0.,
0.571428571428571,1.),(1.02798428206033E-16,0.339836909454123),
 .UNSPECIFIED.);
#34=B_SPLINE_SURFACE_WITH_KNOTS('',3,3,((#6366,#6367,#6368,#6369,#6370,
#6371),(#6372,#6373,#6374,#6375,#6376,#6377),(#6378,#6379,#6380,#6381,#6382,
#6383),(#6384,#6385,#6386,#6387,#6388,#6389),(#6390,#6391,#6392,#6393,#6394,
#6395)),.UNSPECIFIED.,.F.,.F.,.F.,(4,1,4),(4,1,1,4),(0.,0.571428571428571,
1.),(2.05596856412068E-16,0.374869427692664,0.562304141538996,0.874695331282883),
 .UNSPECIFIED.);
#35=B_SPLINE_SURFACE_WITH_KNOTS('',3,3,((#6452,#6453,#6454,#6455,#6456,
#6457,#6458),(#6459,#6460,#6461,#6462,#6463,#6464,#6465),(#6466,#6467,#6468,
#6469,#6470,#6471,#6472),(#6473,#6474,#6475,#6476,#6477,#6478,#6479),(#6480,
#6481,#6482,#6483,#6484,#6485,#6486),(#6487,#6488,#6489,#6490,#6491,#6492,
#6493)),.UNSPECIFIED.,.F.,.F.,.F.,(4,1,1,4),(4,1,1,1,4),(0.,0.285714285714286,
0.571428571428571,1.),(-9.60972247134855E-17,0.224399475256414,0.448798950512827,
0.897597901025655,1.5707963267949),.UNSPECIFIED.);
#36=B_SPLINE_SURFACE_WITH_KNOTS('',3,3,((#6532,#6533,#6534,#6535),(#6536,
#6537,#6538,#6539),(#6540,#6541,#6542,#6543),(#6544,#6545,#6546,#6547),
(#6548,#6549,#6550,#6551)),.UNSPECIFIED.,.F.,.F.,.F.,(4,1,4),(4,4),(0.,
0.571428571428571,1.),(-6.30001773486114E-17,0.339836909454122),
 .UNSPECIFIED.);
#37=ELLIPSE('',#3908,8.44334057112468,8.);
#38=ELLIPSE('',#3909,8.44334057112468,8.);
#39=ELLIPSE('',#3915,8.44334057112467,8.);
#40=ELLIPSE('',#3916,8.44334057112293,8.);
#41=ELLIPSE('',#3918,8.44334057112468,8.);
#42=ELLIPSE('',#3919,8.44334057112293,8.);
#43=ELLIPSE('',#3920,8.44334057112467,8.);
#44=ELLIPSE('',#4000,6.57951365983615,6.);
#45=ELLIPSE('',#4002,6.57951365983615,6.);
#46=ELLIPSE('',#4009,6.57951365983839,6.);
#47=ELLIPSE('',#4010,6.57951365983839,6.);
#48=ELLIPSE('',#4016,8.44334057112468,8.);
#49=ELLIPSE('',#4017,6.57951365983838,6.);
#50=ELLIPSE('',#4019,6.57951365983838,6.);
#51=ELLIPSE('',#4026,6.57951365983839,6.);
#52=ELLIPSE('',#4028,6.57951365983839,6.);
#53=FACE_BOUND('',#392,.T.);
#54=FACE_BOUND('',#393,.T.);
#55=FACE_BOUND('',#394,.T.);
#56=FACE_BOUND('',#395,.T.);
#57=FACE_BOUND('',#483,.T.);
#58=FACE_BOUND('',#484,.T.);
#59=FACE_BOUND('',#485,.T.);
#60=FACE_BOUND('',#486,.T.);
#61=FACE_BOUND('',#526,.T.);
#62=FACE_BOUND('',#532,.T.);
#63=FACE_BOUND('',#539,.T.);
#64=FACE_BOUND('',#546,.T.);
#65=PLANE('',#3742);
#66=PLANE('',#3743);
#67=PLANE('',#3753);
#68=PLANE('',#3757);
#69=PLANE('',#3766);
#70=PLANE('',#3767);
#71=PLANE('',#3769);
#72=PLANE('',#3771);
#73=PLANE('',#3775);
#74=PLANE('',#3777);
#75=PLANE('',#3780);
#76=PLANE('',#3781);
#77=PLANE('',#3802);
#78=PLANE('',#3803);
#79=PLANE('',#3804);
#80=PLANE('',#3805);
#81=PLANE('',#3806);
#82=PLANE('',#3807);
#83=PLANE('',#3808);
#84=PLANE('',#3813);
#85=PLANE('',#3814);
#86=PLANE('',#3815);
#87=PLANE('',#3819);
#88=PLANE('',#3820);
#89=PLANE('',#3821);
#90=PLANE('',#3823);
#91=PLANE('',#3824);
#92=PLANE('',#3825);
#93=PLANE('',#3826);
#94=PLANE('',#3827);
#95=PLANE('',#3828);
#96=PLANE('',#3832);
#97=PLANE('',#3836);
#98=PLANE('',#3837);
#99=PLANE('',#3840);
#100=PLANE('',#3841);
#101=PLANE('',#3844);
#102=PLANE('',#3845);
#103=PLANE('',#3849);
#104=PLANE('',#3851);
#105=PLANE('',#3852);
#106=PLANE('',#3860);
#107=PLANE('',#3863);
#108=PLANE('',#3870);
#109=PLANE('',#3871);
#110=PLANE('',#3872);
#111=PLANE('',#3873);
#112=PLANE('',#3878);
#113=PLANE('',#3879);
#114=PLANE('',#3881);
#115=PLANE('',#3885);
#116=PLANE('',#3887);
#117=PLANE('',#3890);
#118=PLANE('',#3893);
#119=PLANE('',#3894);
#120=PLANE('',#3895);
#121=PLANE('',#3896);
#122=PLANE('',#3897);
#123=PLANE('',#3900);
#124=PLANE('',#3903);
#125=PLANE('',#3904);
#126=PLANE('',#3905);
#127=PLANE('',#3906);
#128=PLANE('',#3910);
#129=PLANE('',#3911);
#130=PLANE('',#3913);
#131=PLANE('',#3922);
#132=PLANE('',#3927);
#133=PLANE('',#3930);
#134=PLANE('',#3933);
#135=PLANE('',#3934);
#136=PLANE('',#3937);
#137=PLANE('',#3940);
#138=PLANE('',#3943);
#139=PLANE('',#3946);
#140=PLANE('',#3963);
#141=PLANE('',#3965);
#142=PLANE('',#3968);
#143=PLANE('',#3970);
#144=PLANE('',#3972);
#145=PLANE('',#3974);
#146=PLANE('',#3976);
#147=PLANE('',#3978);
#148=PLANE('',#3980);
#149=PLANE('',#3982);
#150=PLANE('',#3984);
#151=PLANE('',#3986);
#152=PLANE('',#3988);
#153=PLANE('',#3990);
#154=PLANE('',#3992);
#155=PLANE('',#3994);
#156=PLANE('',#3996);
#157=PLANE('',#3998);
#158=PLANE('',#4003);
#159=PLANE('',#4011);
#160=PLANE('',#4023);
#161=PLANE('',#4031);
#162=PLANE('',#4033);
#163=PLANE('',#4042);
#164=PLANE('',#4045);
#165=PLANE('',#4048);
#166=PLANE('',#4051);
#167=PLANE('',#4055);
#168=PLANE('',#4057);
#169=PLANE('',#4059);
#170=PLANE('',#4061);
#171=PLANE('',#4062);
#172=PLANE('',#4063);
#173=PLANE('',#4064);
#174=PLANE('',#4065);
#175=PLANE('',#4067);
#176=PLANE('',#4068);
#177=PLANE('',#4073);
#178=PLANE('',#4074);
#179=FACE_OUTER_BOUND('',#374,.T.);
#180=FACE_OUTER_BOUND('',#375,.T.);
#181=FACE_OUTER_BOUND('',#376,.T.);
#182=FACE_OUTER_BOUND('',#377,.T.);
#183=FACE_OUTER_BOUND('',#378,.T.);
#184=FACE_OUTER_BOUND('',#379,.T.);
#185=FACE_OUTER_BOUND('',#380,.T.);
#186=FACE_OUTER_BOUND('',#381,.T.);
#187=FACE_OUTER_BOUND('',#382,.T.);
#188=FACE_OUTER_BOUND('',#383,.T.);
#189=FACE_OUTER_BOUND('',#384,.T.);
#190=FACE_OUTER_BOUND('',#385,.T.);
#191=FACE_OUTER_BOUND('',#386,.T.);
#192=FACE_OUTER_BOUND('',#387,.T.);
#193=FACE_OUTER_BOUND('',#388,.T.);
#194=FACE_OUTER_BOUND('',#389,.T.);
#195=FACE_OUTER_BOUND('',#390,.T.);
#196=FACE_OUTER_BOUND('',#391,.T.);
#197=FACE_OUTER_BOUND('',#396,.T.);
#198=FACE_OUTER_BOUND('',#397,.T.);
#199=FACE_OUTER_BOUND('',#398,.T.);
#200=FACE_OUTER_BOUND('',#399,.T.);
#201=FACE_OUTER_BOUND('',#400,.T.);
#202=FACE_OUTER_BOUND('',#401,.T.);
#203=FACE_OUTER_BOUND('',#402,.T.);
#204=FACE_OUTER_BOUND('',#403,.T.);
#205=FACE_OUTER_BOUND('',#404,.T.);
#206=FACE_OUTER_BOUND('',#405,.T.);
#207=FACE_OUTER_BOUND('',#406,.T.);
#208=FACE_OUTER_BOUND('',#407,.T.);
#209=FACE_OUTER_BOUND('',#408,.T.);
#210=FACE_OUTER_BOUND('',#409,.T.);
#211=FACE_OUTER_BOUND('',#410,.T.);
#212=FACE_OUTER_BOUND('',#411,.T.);
#213=FACE_OUTER_BOUND('',#412,.T.);
#214=FACE_OUTER_BOUND('',#413,.T.);
#215=FACE_OUTER_BOUND('',#414,.T.);
#216=FACE_OUTER_BOUND('',#415,.T.);
#217=FACE_OUTER_BOUND('',#416,.T.);
#218=FACE_OUTER_BOUND('',#417,.T.);
#219=FACE_OUTER_BOUND('',#418,.T.);
#220=FACE_OUTER_BOUND('',#419,.T.);
#221=FACE_OUTER_BOUND('',#420,.T.);
#222=FACE_OUTER_BOUND('',#421,.T.);
#223=FACE_OUTER_BOUND('',#422,.T.);
#224=FACE_OUTER_BOUND('',#423,.T.);
#225=FACE_OUTER_BOUND('',#424,.T.);
#226=FACE_OUTER_BOUND('',#425,.T.);
#227=FACE_OUTER_BOUND('',#426,.T.);
#228=FACE_OUTER_BOUND('',#427,.T.);
#229=FACE_OUTER_BOUND('',#428,.T.);
#230=FACE_OUTER_BOUND('',#429,.T.);
#231=FACE_OUTER_BOUND('',#430,.T.);
#232=FACE_OUTER_BOUND('',#431,.T.);
#233=FACE_OUTER_BOUND('',#432,.T.);
#234=FACE_OUTER_BOUND('',#433,.T.);
#235=FACE_OUTER_BOUND('',#434,.T.);
#236=FACE_OUTER_BOUND('',#435,.T.);
#237=FACE_OUTER_BOUND('',#436,.T.);
#238=FACE_OUTER_BOUND('',#437,.T.);
#239=FACE_OUTER_BOUND('',#438,.T.);
#240=FACE_OUTER_BOUND('',#439,.T.);
#241=FACE_OUTER_BOUND('',#440,.T.);
#242=FACE_OUTER_BOUND('',#441,.T.);
#243=FACE_OUTER_BOUND('',#442,.T.);
#244=FACE_OUTER_BOUND('',#443,.T.);
#245=FACE_OUTER_BOUND('',#444,.T.);
#246=FACE_OUTER_BOUND('',#445,.T.);
#247=FACE_OUTER_BOUND('',#446,.T.);
#248=FACE_OUTER_BOUND('',#447,.T.);
#249=FACE_OUTER_BOUND('',#448,.T.);
#250=FACE_OUTER_BOUND('',#449,.T.);
#251=FACE_OUTER_BOUND('',#450,.T.);
#252=FACE_OUTER_BOUND('',#451,.T.);
#253=FACE_OUTER_BOUND('',#452,.T.);
#254=FACE_OUTER_BOUND('',#453,.T.);
#255=FACE_OUTER_BOUND('',#454,.T.);
#256=FACE_OUTER_BOUND('',#455,.T.);
#257=FACE_OUTER_BOUND('',#456,.T.);
#258=FACE_OUTER_BOUND('',#457,.T.);
#259=FACE_OUTER_BOUND('',#458,.T.);
#260=FACE_OUTER_BOUND('',#459,.T.);
#261=FACE_OUTER_BOUND('',#460,.T.);
#262=FACE_OUTER_BOUND('',#461,.T.);
#263=FACE_OUTER_BOUND('',#462,.T.);
#264=FACE_OUTER_BOUND('',#463,.T.);
#265=FACE_OUTER_BOUND('',#464,.T.);
#266=FACE_OUTER_BOUND('',#465,.T.);
#267=FACE_OUTER_BOUND('',#466,.T.);
#268=FACE_OUTER_BOUND('',#467,.T.);
#269=FACE_OUTER_BOUND('',#468,.T.);
#270=FACE_OUTER_BOUND('',#469,.T.);
#271=FACE_OUTER_BOUND('',#470,.T.);
#272=FACE_OUTER_BOUND('',#471,.T.);
#273=FACE_OUTER_BOUND('',#472,.T.);
#274=FACE_OUTER_BOUND('',#473,.T.);
#275=FACE_OUTER_BOUND('',#474,.T.);
#276=FACE_OUTER_BOUND('',#475,.T.);
#277=FACE_OUTER_BOUND('',#476,.T.);
#278=FACE_OUTER_BOUND('',#477,.T.);
#279=FACE_OUTER_BOUND('',#478,.T.);
#280=FACE_OUTER_BOUND('',#479,.T.);
#281=FACE_OUTER_BOUND('',#480,.T.);
#282=FACE_OUTER_BOUND('',#481,.T.);
#283=FACE_OUTER_BOUND('',#482,.T.);
#284=FACE_OUTER_BOUND('',#487,.T.);
#285=FACE_OUTER_BOUND('',#488,.T.);
#286=FACE_OUTER_BOUND('',#489,.T.);
#287=FACE_OUTER_BOUND('',#490,.T.);
#288=FACE_OUTER_BOUND('',#491,.T.);
#289=FACE_OUTER_BOUND('',#492,.T.);
#290=FACE_OUTER_BOUND('',#493,.T.);
#291=FACE_OUTER_BOUND('',#494,.T.);
#292=FACE_OUTER_BOUND('',#495,.T.);
#293=FACE_OUTER_BOUND('',#496,.T.);
#294=FACE_OUTER_BOUND('',#497,.T.);
#295=FACE_OUTER_BOUND('',#498,.T.);
#296=FACE_OUTER_BOUND('',#499,.T.);
#297=FACE_OUTER_BOUND('',#500,.T.);
#298=FACE_OUTER_BOUND('',#501,.T.);
#299=FACE_OUTER_BOUND('',#502,.T.);
#300=FACE_OUTER_BOUND('',#503,.T.);
#301=FACE_OUTER_BOUND('',#504,.T.);
#302=FACE_OUTER_BOUND('',#505,.T.);
#303=FACE_OUTER_BOUND('',#506,.T.);
#304=FACE_OUTER_BOUND('',#507,.T.);
#305=FACE_OUTER_BOUND('',#508,.T.);
#306=FACE_OUTER_BOUND('',#509,.T.);
#307=FACE_OUTER_BOUND('',#510,.T.);
#308=FACE_OUTER_BOUND('',#511,.T.);
#309=FACE_OUTER_BOUND('',#512,.T.);
#310=FACE_OUTER_BOUND('',#513,.T.);
#311=FACE_OUTER_BOUND('',#514,.T.);
#312=FACE_OUTER_BOUND('',#515,.T.);
#313=FACE_OUTER_BOUND('',#516,.T.);
#314=FACE_OUTER_BOUND('',#517,.T.);
#315=FACE_OUTER_BOUND('',#518,.T.);
#316=FACE_OUTER_BOUND('',#519,.T.);
#317=FACE_OUTER_BOUND('',#520,.T.);
#318=FACE_OUTER_BOUND('',#521,.T.);
#319=FACE_OUTER_BOUND('',#522,.T.);
#320=FACE_OUTER_BOUND('',#523,.T.);
#321=FACE_OUTER_BOUND('',#524,.T.);
#322=FACE_OUTER_BOUND('',#525,.T.);
#323=FACE_OUTER_BOUND('',#527,.T.);
#324=FACE_OUTER_BOUND('',#528,.T.);
#325=FACE_OUTER_BOUND('',#529,.T.);
#326=FACE_OUTER_BOUND('',#530,.T.);
#327=FACE_OUTER_BOUND('',#531,.T.);
#328=FACE_OUTER_BOUND('',#533,.T.);
#329=FACE_OUTER_BOUND('',#534,.T.);
#330=FACE_OUTER_BOUND('',#535,.T.);
#331=FACE_OUTER_BOUND('',#536,.T.);
#332=FACE_OUTER_BOUND('',#537,.T.);
#333=FACE_OUTER_BOUND('',#538,.T.);
#334=FACE_OUTER_BOUND('',#540,.T.);
#335=FACE_OUTER_BOUND('',#541,.T.);
#336=FACE_OUTER_BOUND('',#542,.T.);
#337=FACE_OUTER_BOUND('',#543,.T.);
#338=FACE_OUTER_BOUND('',#544,.T.);
#339=FACE_OUTER_BOUND('',#545,.T.);
#340=FACE_OUTER_BOUND('',#547,.T.);
#341=FACE_OUTER_BOUND('',#548,.T.);
#342=FACE_OUTER_BOUND('',#549,.T.);
#343=FACE_OUTER_BOUND('',#550,.T.);
#344=FACE_OUTER_BOUND('',#551,.T.);
#345=FACE_OUTER_BOUND('',#552,.T.);
#346=FACE_OUTER_BOUND('',#553,.T.);
#347=FACE_OUTER_BOUND('',#554,.T.);
#348=FACE_OUTER_BOUND('',#555,.T.);
#349=FACE_OUTER_BOUND('',#556,.T.);
#350=FACE_OUTER_BOUND('',#557,.T.);
#351=FACE_OUTER_BOUND('',#558,.T.);
#352=FACE_OUTER_BOUND('',#559,.T.);
#353=FACE_OUTER_BOUND('',#560,.T.);
#354=FACE_OUTER_BOUND('',#561,.T.);
#355=FACE_OUTER_BOUND('',#562,.T.);
#356=FACE_OUTER_BOUND('',#563,.T.);
#357=FACE_OUTER_BOUND('',#564,.T.);
#358=FACE_OUTER_BOUND('',#565,.T.);
#359=FACE_OUTER_BOUND('',#566,.T.);
#360=FACE_OUTER_BOUND('',#567,.T.);
#361=FACE_OUTER_BOUND('',#568,.T.);
#362=FACE_OUTER_BOUND('',#569,.T.);
#363=FACE_OUTER_BOUND('',#570,.T.);
#364=FACE_OUTER_BOUND('',#571,.T.);
#365=FACE_OUTER_BOUND('',#572,.T.);
#366=FACE_OUTER_BOUND('',#573,.T.);
#367=FACE_OUTER_BOUND('',#574,.T.);
#368=FACE_OUTER_BOUND('',#575,.T.);
#369=FACE_OUTER_BOUND('',#576,.T.);
#370=FACE_OUTER_BOUND('',#577,.T.);
#371=FACE_OUTER_BOUND('',#578,.T.);
#372=FACE_OUTER_BOUND('',#579,.T.);
#373=FACE_OUTER_BOUND('',#580,.T.);
#374=EDGE_LOOP('',(#2370,#2371,#2372,#2373,#2374));
#375=EDGE_LOOP('',(#2375,#2376,#2377,#2378));
#376=EDGE_LOOP('',(#2379,#2380,#2381,#2382,#2383,#2384,#2385,#2386,#2387,
#2388,#2389,#2390,#2391,#2392,#2393,#2394,#2395,#2396,#2397,#2398,#2399,
#2400,#2401,#2402,#2403,#2404));
#377=EDGE_LOOP('',(#2405,#2406,#2407,#2408,#2409,#2410));
#378=EDGE_LOOP('',(#2411,#2412,#2413,#2414,#2415));
#379=EDGE_LOOP('',(#2416,#2417,#2418,#2419,#2420,#2421,#2422,#2423,#2424,
#2425,#2426,#2427,#2428,#2429,#2430,#2431,#2432,#2433,#2434,#2435,#2436,
#2437,#2438,#2439));
#380=EDGE_LOOP('',(#2440,#2441,#2442,#2443));
#381=EDGE_LOOP('',(#2444,#2445,#2446,#2447));
#382=EDGE_LOOP('',(#2448,#2449,#2450,#2451));
#383=EDGE_LOOP('',(#2452,#2453,#2454,#2455));
#384=EDGE_LOOP('',(#2456,#2457,#2458,#2459));
#385=EDGE_LOOP('',(#2460,#2461,#2462,#2463));
#386=EDGE_LOOP('',(#2464,#2465,#2466,#2467));
#387=EDGE_LOOP('',(#2468,#2469,#2470,#2471,#2472,#2473,#2474,#2475));
#388=EDGE_LOOP('',(#2476,#2477,#2478,#2479));
#389=EDGE_LOOP('',(#2480,#2481,#2482,#2483));
#390=EDGE_LOOP('',(#2484,#2485,#2486,#2487,#2488,#2489));
#391=EDGE_LOOP('',(#2490,#2491,#2492,#2493,#2494,#2495,#2496,#2497));
#392=EDGE_LOOP('',(#2498,#2499,#2500,#2501,#2502,#2503,#2504,#2505));
#393=EDGE_LOOP('',(#2506,#2507,#2508,#2509,#2510,#2511,#2512,#2513));
#394=EDGE_LOOP('',(#2514,#2515,#2516,#2517,#2518,#2519,#2520,#2521));
#395=EDGE_LOOP('',(#2522,#2523,#2524,#2525,#2526,#2527,#2528,#2529,#2530,
#2531,#2532,#2533,#2534,#2535));
#396=EDGE_LOOP('',(#2536,#2537,#2538,#2539));
#397=EDGE_LOOP('',(#2540,#2541,#2542,#2543));
#398=EDGE_LOOP('',(#2544,#2545,#2546,#2547));
#399=EDGE_LOOP('',(#2548,#2549,#2550,#2551));
#400=EDGE_LOOP('',(#2552,#2553,#2554,#2555));
#401=EDGE_LOOP('',(#2556,#2557,#2558,#2559));
#402=EDGE_LOOP('',(#2560,#2561,#2562,#2563,#2564,#2565,#2566,#2567));
#403=EDGE_LOOP('',(#2568,#2569,#2570,#2571));
#404=EDGE_LOOP('',(#2572,#2573,#2574,#2575));
#405=EDGE_LOOP('',(#2576,#2577,#2578,#2579));
#406=EDGE_LOOP('',(#2580,#2581,#2582,#2583));
#407=EDGE_LOOP('',(#2584,#2585,#2586,#2587));
#408=EDGE_LOOP('',(#2588,#2589,#2590,#2591));
#409=EDGE_LOOP('',(#2592,#2593,#2594,#2595));
#410=EDGE_LOOP('',(#2596,#2597,#2598,#2599,#2600,#2601,#2602,#2603));
#411=EDGE_LOOP('',(#2604,#2605,#2606,#2607));
#412=EDGE_LOOP('',(#2608,#2609,#2610,#2611));
#413=EDGE_LOOP('',(#2612,#2613,#2614,#2615));
#414=EDGE_LOOP('',(#2616,#2617,#2618,#2619));
#415=EDGE_LOOP('',(#2620,#2621,#2622,#2623));
#416=EDGE_LOOP('',(#2624,#2625,#2626,#2627));
#417=EDGE_LOOP('',(#2628,#2629,#2630,#2631));
#418=EDGE_LOOP('',(#2632,#2633,#2634,#2635));
#419=EDGE_LOOP('',(#2636,#2637,#2638,#2639));
#420=EDGE_LOOP('',(#2640,#2641,#2642,#2643));
#421=EDGE_LOOP('',(#2644,#2645,#2646,#2647,#2648,#2649,#2650,#2651,#2652,
#2653,#2654,#2655));
#422=EDGE_LOOP('',(#2656,#2657,#2658,#2659));
#423=EDGE_LOOP('',(#2660,#2661,#2662,#2663));
#424=EDGE_LOOP('',(#2664,#2665,#2666,#2667));
#425=EDGE_LOOP('',(#2668,#2669,#2670,#2671));
#426=EDGE_LOOP('',(#2672,#2673,#2674,#2675));
#427=EDGE_LOOP('',(#2676,#2677,#2678,#2679));
#428=EDGE_LOOP('',(#2680,#2681,#2682,#2683,#2684,#2685,#2686,#2687,#2688,
#2689));
#429=EDGE_LOOP('',(#2690,#2691,#2692,#2693,#2694,#2695));
#430=EDGE_LOOP('',(#2696,#2697,#2698,#2699,#2700,#2701,#2702,#2703,#2704,
#2705,#2706,#2707,#2708,#2709,#2710,#2711,#2712,#2713,#2714,#2715,#2716,
#2717,#2718,#2719,#2720,#2721,#2722,#2723,#2724,#2725));
#431=EDGE_LOOP('',(#2726,#2727,#2728,#2729,#2730,#2731,#2732,#2733,#2734,
#2735,#2736,#2737,#2738,#2739));
#432=EDGE_LOOP('',(#2740,#2741,#2742,#2743,#2744,#2745,#2746,#2747,#2748,
#2749,#2750,#2751,#2752,#2753,#2754,#2755,#2756,#2757,#2758,#2759));
#433=EDGE_LOOP('',(#2760,#2761,#2762,#2763));
#434=EDGE_LOOP('',(#2764,#2765,#2766,#2767));
#435=EDGE_LOOP('',(#2768,#2769,#2770,#2771));
#436=EDGE_LOOP('',(#2772,#2773,#2774,#2775,#2776,#2777));
#437=EDGE_LOOP('',(#2778,#2779,#2780,#2781,#2782,#2783,#2784,#2785,#2786,
#2787,#2788,#2789,#2790,#2791,#2792,#2793));
#438=EDGE_LOOP('',(#2794,#2795,#2796,#2797));
#439=EDGE_LOOP('',(#2798,#2799,#2800,#2801,#2802,#2803));
#440=EDGE_LOOP('',(#2804,#2805,#2806,#2807));
#441=EDGE_LOOP('',(#2808,#2809,#2810,#2811));
#442=EDGE_LOOP('',(#2812,#2813,#2814,#2815,#2816,#2817));
#443=EDGE_LOOP('',(#2818,#2819,#2820,#2821));
#444=EDGE_LOOP('',(#2822,#2823,#2824,#2825));
#445=EDGE_LOOP('',(#2826,#2827,#2828,#2829));
#446=EDGE_LOOP('',(#2830,#2831,#2832,#2833));
#447=EDGE_LOOP('',(#2834,#2835,#2836,#2837));
#448=EDGE_LOOP('',(#2838,#2839,#2840,#2841));
#449=EDGE_LOOP('',(#2842,#2843,#2844,#2845));
#450=EDGE_LOOP('',(#2846,#2847,#2848,#2849));
#451=EDGE_LOOP('',(#2850,#2851,#2852,#2853));
#452=EDGE_LOOP('',(#2854,#2855,#2856,#2857));
#453=EDGE_LOOP('',(#2858,#2859,#2860,#2861));
#454=EDGE_LOOP('',(#2862,#2863,#2864,#2865));
#455=EDGE_LOOP('',(#2866,#2867,#2868,#2869));
#456=EDGE_LOOP('',(#2870,#2871,#2872,#2873));
#457=EDGE_LOOP('',(#2874,#2875,#2876,#2877));
#458=EDGE_LOOP('',(#2878,#2879,#2880,#2881));
#459=EDGE_LOOP('',(#2882,#2883,#2884,#2885,#2886,#2887,#2888,#2889));
#460=EDGE_LOOP('',(#2890,#2891,#2892,#2893,#2894,#2895,#2896,#2897,#2898,
#2899));
#461=EDGE_LOOP('',(#2900,#2901,#2902,#2903,#2904,#2905,#2906,#2907,#2908,
#2909,#2910,#2911));
#462=EDGE_LOOP('',(#2912,#2913,#2914,#2915,#2916,#2917,#2918,#2919,#2920,
#2921,#2922,#2923));
#463=EDGE_LOOP('',(#2924,#2925,#2926,#2927));
#464=EDGE_LOOP('',(#2928,#2929,#2930,#2931));
#465=EDGE_LOOP('',(#2932,#2933,#2934));
#466=EDGE_LOOP('',(#2935,#2936,#2937,#2938,#2939,#2940,#2941,#2942,#2943,
#2944,#2945,#2946,#2947,#2948,#2949,#2950,#2951,#2952));
#467=EDGE_LOOP('',(#2953,#2954,#2955,#2956));
#468=EDGE_LOOP('',(#2957,#2958,#2959,#2960));
#469=EDGE_LOOP('',(#2961,#2962,#2963,#2964));
#470=EDGE_LOOP('',(#2965,#2966,#2967,#2968));
#471=EDGE_LOOP('',(#2969,#2970,#2971,#2972));
#472=EDGE_LOOP('',(#2973,#2974,#2975,#2976));
#473=EDGE_LOOP('',(#2977,#2978,#2979,#2980));
#474=EDGE_LOOP('',(#2981,#2982,#2983,#2984));
#475=EDGE_LOOP('',(#2985,#2986,#2987,#2988));
#476=EDGE_LOOP('',(#2989,#2990,#2991,#2992));
#477=EDGE_LOOP('',(#2993,#2994,#2995,#2996));
#478=EDGE_LOOP('',(#2997,#2998,#2999,#3000,#3001,#3002));
#479=EDGE_LOOP('',(#3003,#3004,#3005,#3006));
#480=EDGE_LOOP('',(#3007,#3008,#3009,#3010));
#481=EDGE_LOOP('',(#3011,#3012,#3013,#3014));
#482=EDGE_LOOP('',(#3015,#3016,#3017,#3018));
#483=EDGE_LOOP('',(#3019,#3020,#3021,#3022,#3023,#3024,#3025,#3026));
#484=EDGE_LOOP('',(#3027,#3028,#3029,#3030,#3031,#3032,#3033,#3034));
#485=EDGE_LOOP('',(#3035,#3036,#3037,#3038,#3039,#3040,#3041,#3042));
#486=EDGE_LOOP('',(#3043,#3044,#3045,#3046,#3047,#3048,#3049,#3050));
#487=EDGE_LOOP('',(#3051,#3052,#3053,#3054));
#488=EDGE_LOOP('',(#3055,#3056,#3057,#3058));
#489=EDGE_LOOP('',(#3059,#3060,#3061,#3062));
#490=EDGE_LOOP('',(#3063,#3064,#3065,#3066));
#491=EDGE_LOOP('',(#3067,#3068,#3069,#3070));
#492=EDGE_LOOP('',(#3071,#3072,#3073,#3074));
#493=EDGE_LOOP('',(#3075,#3076,#3077,#3078));
#494=EDGE_LOOP('',(#3079,#3080,#3081,#3082));
#495=EDGE_LOOP('',(#3083,#3084,#3085,#3086));
#496=EDGE_LOOP('',(#3087,#3088,#3089,#3090,#3091,#3092));
#497=EDGE_LOOP('',(#3093,#3094,#3095,#3096));
#498=EDGE_LOOP('',(#3097,#3098,#3099,#3100));
#499=EDGE_LOOP('',(#3101,#3102,#3103,#3104));
#500=EDGE_LOOP('',(#3105,#3106,#3107,#3108));
#501=EDGE_LOOP('',(#3109,#3110,#3111,#3112));
#502=EDGE_LOOP('',(#3113,#3114,#3115,#3116));
#503=EDGE_LOOP('',(#3117,#3118,#3119,#3120));
#504=EDGE_LOOP('',(#3121,#3122,#3123,#3124));
#505=EDGE_LOOP('',(#3125,#3126,#3127,#3128));
#506=EDGE_LOOP('',(#3129,#3130,#3131,#3132));
#507=EDGE_LOOP('',(#3133,#3134,#3135,#3136));
#508=EDGE_LOOP('',(#3137,#3138,#3139,#3140));
#509=EDGE_LOOP('',(#3141,#3142,#3143,#3144));
#510=EDGE_LOOP('',(#3145,#3146,#3147,#3148));
#511=EDGE_LOOP('',(#3149,#3150,#3151,#3152));
#512=EDGE_LOOP('',(#3153,#3154,#3155,#3156));
#513=EDGE_LOOP('',(#3157,#3158,#3159,#3160));
#514=EDGE_LOOP('',(#3161,#3162,#3163,#3164));
#515=EDGE_LOOP('',(#3165,#3166,#3167,#3168));
#516=EDGE_LOOP('',(#3169,#3170,#3171,#3172));
#517=EDGE_LOOP('',(#3173,#3174,#3175,#3176));
#518=EDGE_LOOP('',(#3177,#3178,#3179,#3180));
#519=EDGE_LOOP('',(#3181,#3182,#3183,#3184));
#520=EDGE_LOOP('',(#3185,#3186,#3187,#3188));
#521=EDGE_LOOP('',(#3189,#3190,#3191,#3192));
#522=EDGE_LOOP('',(#3193,#3194,#3195,#3196));
#523=EDGE_LOOP('',(#3197,#3198,#3199));
#524=EDGE_LOOP('',(#3200,#3201,#3202,#3203));
#525=EDGE_LOOP('',(#3204,#3205));
#526=EDGE_LOOP('',(#3206));
#527=EDGE_LOOP('',(#3207,#3208,#3209,#3210,#3211,#3212));
#528=EDGE_LOOP('',(#3213,#3214,#3215));
#529=EDGE_LOOP('',(#3216,#3217,#3218,#3219,#3220,#3221,#3222,#3223,#3224));
#530=EDGE_LOOP('',(#3225,#3226,#3227,#3228));
#531=EDGE_LOOP('',(#3229,#3230,#3231,#3232));
#532=EDGE_LOOP('',(#3233));
#533=EDGE_LOOP('',(#3234,#3235,#3236,#3237));
#534=EDGE_LOOP('',(#3238,#3239,#3240,#3241));
#535=EDGE_LOOP('',(#3242,#3243,#3244,#3245));
#536=EDGE_LOOP('',(#3246,#3247,#3248,#3249,#3250,#3251));
#537=EDGE_LOOP('',(#3252,#3253,#3254,#3255,#3256,#3257));
#538=EDGE_LOOP('',(#3258,#3259));
#539=EDGE_LOOP('',(#3260));
#540=EDGE_LOOP('',(#3261,#3262,#3263));
#541=EDGE_LOOP('',(#3264,#3265,#3266,#3267,#3268,#3269,#3270,#3271,#3272));
#542=EDGE_LOOP('',(#3273,#3274,#3275,#3276,#3277,#3278,#3279,#3280,#3281,
#3282));
#543=EDGE_LOOP('',(#3283,#3284,#3285,#3286));
#544=EDGE_LOOP('',(#3287,#3288,#3289,#3290));
#545=EDGE_LOOP('',(#3291,#3292,#3293,#3294));
#546=EDGE_LOOP('',(#3295));
#547=EDGE_LOOP('',(#3296,#3297,#3298,#3299,#3300,#3301,#3302,#3303,#3304,
#3305,#3306,#3307,#3308,#3309,#3310,#3311,#3312,#3313));
#548=EDGE_LOOP('',(#3314,#3315,#3316,#3317));
#549=EDGE_LOOP('',(#3318,#3319,#3320,#3321));
#550=EDGE_LOOP('',(#3322,#3323,#3324,#3325));
#551=EDGE_LOOP('',(#3326,#3327,#3328,#3329));
#552=EDGE_LOOP('',(#3330));
#553=EDGE_LOOP('',(#3331,#3332,#3333,#3334));
#554=EDGE_LOOP('',(#3335));
#555=EDGE_LOOP('',(#3336,#3337,#3338,#3339));
#556=EDGE_LOOP('',(#3340));
#557=EDGE_LOOP('',(#3341,#3342,#3343,#3344));
#558=EDGE_LOOP('',(#3345));
#559=EDGE_LOOP('',(#3346,#3347,#3348,#3349));
#560=EDGE_LOOP('',(#3350,#3351,#3352,#3353));
#561=EDGE_LOOP('',(#3354,#3355,#3356,#3357));
#562=EDGE_LOOP('',(#3358,#3359,#3360,#3361));
#563=EDGE_LOOP('',(#3362,#3363,#3364,#3365));
#564=EDGE_LOOP('',(#3366,#3367,#3368,#3369));
#565=EDGE_LOOP('',(#3370,#3371,#3372,#3373));
#566=EDGE_LOOP('',(#3374,#3375,#3376,#3377));
#567=EDGE_LOOP('',(#3378,#3379,#3380,#3381));
#568=EDGE_LOOP('',(#3382,#3383,#3384,#3385));
#569=EDGE_LOOP('',(#3386,#3387,#3388,#3389));
#570=EDGE_LOOP('',(#3390,#3391,#3392,#3393));
#571=EDGE_LOOP('',(#3394,#3395,#3396,#3397));
#572=EDGE_LOOP('',(#3398,#3399,#3400,#3401));
#573=EDGE_LOOP('',(#3402,#3403,#3404,#3405,#3406,#3407,#3408,#3409,#3410,
#3411,#3412,#3413,#3414,#3415,#3416,#3417));
#574=EDGE_LOOP('',(#3418,#3419,#3420,#3421,#3422,#3423));
#575=EDGE_LOOP('',(#3424,#3425,#3426,#3427));
#576=EDGE_LOOP('',(#3428,#3429,#3430,#3431));
#577=EDGE_LOOP('',(#3432,#3433,#3434,#3435));
#578=EDGE_LOOP('',(#3436,#3437,#3438,#3439));
#579=EDGE_LOOP('',(#3440,#3441,#3442,#3443,#3444,#3445,#3446,#3447));
#580=EDGE_LOOP('',(#3448,#3449,#3450,#3451,#3452,#3453,#3454,#3455));
#581=LINE('',#5136,#960);
#582=LINE('',#5141,#961);
#583=LINE('',#5144,#962);
#584=LINE('',#5146,#963);
#585=LINE('',#5147,#964);
#586=LINE('',#5150,#965);
#587=LINE('',#5152,#966);
#588=LINE('',#5156,#967);
#589=LINE('',#5160,#968);
#590=LINE('',#5164,#969);
#591=LINE('',#5168,#970);
#592=LINE('',#5170,#971);
#593=LINE('',#5174,#972);
#594=LINE('',#5176,#973);
#595=LINE('',#5178,#974);
#596=LINE('',#5182,#975);
#597=LINE('',#5186,#976);
#598=LINE('',#5190,#977);
#599=LINE('',#5194,#978);
#600=LINE('',#5195,#979);
#601=LINE('',#5198,#980);
#602=LINE('',#5200,#981);
#603=LINE('',#5202,#982);
#604=LINE('',#5203,#983);
#605=LINE('',#5208,#984);
#606=LINE('',#5210,#985);
#607=LINE('',#5214,#986);
#608=LINE('',#5216,#987);
#609=LINE('',#5220,#988);
#610=LINE('',#5224,#989);
#611=LINE('',#5228,#990);
#612=LINE('',#5232,#991);
#613=LINE('',#5234,#992);
#614=LINE('',#5235,#993);
#615=LINE('',#5237,#994);
#616=LINE('',#5241,#995);
#617=LINE('',#5245,#996);
#618=LINE('',#5249,#997);
#619=LINE('',#5252,#998);
#620=LINE('',#5256,#999);
#621=LINE('',#5258,#1000);
#622=LINE('',#5260,#1001);
#623=LINE('',#5261,#1002);
#624=LINE('',#5264,#1003);
#625=LINE('',#5266,#1004);
#626=LINE('',#5267,#1005);
#627=LINE('',#5269,#1006);
#628=LINE('',#5270,#1007);
#629=LINE('',#5272,#1008);
#630=LINE('',#5274,#1009);
#631=LINE('',#5275,#1010);
#632=LINE('',#5277,#1011);
#633=LINE('',#5283,#1012);
#634=LINE('',#5286,#1013);
#635=LINE('',#5289,#1014);
#636=LINE('',#5291,#1015);
#637=LINE('',#5292,#1016);
#638=LINE('',#5295,#1017);
#639=LINE('',#5296,#1018);
#640=LINE('',#5301,#1019);
#641=LINE('',#5302,#1020);
#642=LINE('',#5308,#1021);
#643=LINE('',#5312,#1022);
#644=LINE('',#5316,#1023);
#645=LINE('',#5319,#1024);
#646=LINE('',#5322,#1025);
#647=LINE('',#5326,#1026);
#648=LINE('',#5330,#1027);
#649=LINE('',#5334,#1028);
#650=LINE('',#5338,#1029);
#651=LINE('',#5342,#1030);
#652=LINE('',#5346,#1031);
#653=LINE('',#5350,#1032);
#654=LINE('',#5354,#1033);
#655=LINE('',#5358,#1034);
#656=LINE('',#5362,#1035);
#657=LINE('',#5366,#1036);
#658=LINE('',#5369,#1037);
#659=LINE('',#5373,#1038);
#660=LINE('',#5377,#1039);
#661=LINE('',#5381,#1040);
#662=LINE('',#5384,#1041);
#663=LINE('',#5386,#1042);
#664=LINE('',#5388,#1043);
#665=LINE('',#5392,#1044);
#666=LINE('',#5394,#1045);
#667=LINE('',#5396,#1046);
#668=LINE('',#5397,#1047);
#669=LINE('',#5401,#1048);
#670=LINE('',#5403,#1049);
#671=LINE('',#5405,#1050);
#672=LINE('',#5406,#1051);
#673=LINE('',#5408,#1052);
#674=LINE('',#5409,#1053);
#675=LINE('',#5411,#1054);
#676=LINE('',#5414,#1055);
#677=LINE('',#5418,#1056);
#678=LINE('',#5420,#1057);
#679=LINE('',#5422,#1058);
#680=LINE('',#5427,#1059);
#681=LINE('',#5431,#1060);
#682=LINE('',#5432,#1061);
#683=LINE('',#5433,#1062);
#684=LINE('',#5435,#1063);
#685=LINE('',#5439,#1064);
#686=LINE('',#5441,#1065);
#687=LINE('',#5443,#1066);
#688=LINE('',#5444,#1067);
#689=LINE('',#5449,#1068);
#690=LINE('',#5453,#1069);
#691=LINE('',#5455,#1070);
#692=LINE('',#5456,#1071);
#693=LINE('',#5459,#1072);
#694=LINE('',#5461,#1073);
#695=LINE('',#5462,#1074);
#696=LINE('',#5466,#1075);
#697=LINE('',#5467,#1076);
#698=LINE('',#5469,#1077);
#699=LINE('',#5474,#1078);
#700=LINE('',#5476,#1079);
#701=LINE('',#5478,#1080);
#702=LINE('',#5479,#1081);
#703=LINE('',#5483,#1082);
#704=LINE('',#5485,#1083);
#705=LINE('',#5487,#1084);
#706=LINE('',#5488,#1085);
#707=LINE('',#5490,#1086);
#708=LINE('',#5491,#1087);
#709=LINE('',#5493,#1088);
#710=LINE('',#5497,#1089);
#711=LINE('',#5499,#1090);
#712=LINE('',#5501,#1091);
#713=LINE('',#5502,#1092);
#714=LINE('',#5505,#1093);
#715=LINE('',#5507,#1094);
#716=LINE('',#5508,#1095);
#717=LINE('',#5513,#1096);
#718=LINE('',#5517,#1097);
#719=LINE('',#5519,#1098);
#720=LINE('',#5520,#1099);
#721=LINE('',#5525,#1100);
#722=LINE('',#5529,#1101);
#723=LINE('',#5531,#1102);
#724=LINE('',#5532,#1103);
#725=LINE('',#5536,#1104);
#726=LINE('',#5539,#1105);
#727=LINE('',#5541,#1106);
#728=LINE('',#5543,#1107);
#729=LINE('',#5548,#1108);
#730=LINE('',#5550,#1109);
#731=LINE('',#5552,#1110);
#732=LINE('',#5553,#1111);
#733=LINE('',#5556,#1112);
#734=LINE('',#5558,#1113);
#735=LINE('',#5559,#1114);
#736=LINE('',#5562,#1115);
#737=LINE('',#5565,#1116);
#738=LINE('',#5569,#1117);
#739=LINE('',#5571,#1118);
#740=LINE('',#5573,#1119);
#741=LINE('',#5574,#1120);
#742=LINE('',#5578,#1121);
#743=LINE('',#5579,#1122);
#744=LINE('',#5580,#1123);
#745=LINE('',#5584,#1124);
#746=LINE('',#5589,#1125);
#747=LINE('',#5591,#1126);
#748=LINE('',#5595,#1127);
#749=LINE('',#5597,#1128);
#750=LINE('',#5598,#1129);
#751=LINE('',#5601,#1130);
#752=LINE('',#5603,#1131);
#753=LINE('',#5604,#1132);
#754=LINE('',#5607,#1133);
#755=LINE('',#5611,#1134);
#756=LINE('',#5615,#1135);
#757=LINE('',#5619,#1136);
#758=LINE('',#5622,#1137);
#759=LINE('',#5624,#1138);
#760=LINE('',#5628,#1139);
#761=LINE('',#5631,#1140);
#762=LINE('',#5633,#1141);
#763=LINE('',#5634,#1142);
#764=LINE('',#5637,#1143);
#765=LINE('',#5640,#1144);
#766=LINE('',#5642,#1145);
#767=LINE('',#5644,#1146);
#768=LINE('',#5648,#1147);
#769=LINE('',#5652,#1148);
#770=LINE('',#5653,#1149);
#771=LINE('',#5656,#1150);
#772=LINE('',#5658,#1151);
#773=LINE('',#5660,#1152);
#774=LINE('',#5662,#1153);
#775=LINE('',#5666,#1154);
#776=LINE('',#5670,#1155);
#777=LINE('',#5672,#1156);
#778=LINE('',#5674,#1157);
#779=LINE('',#5676,#1158);
#780=LINE('',#5678,#1159);
#781=LINE('',#5682,#1160);
#782=LINE('',#5686,#1161);
#783=LINE('',#5687,#1162);
#784=LINE('',#5690,#1163);
#785=LINE('',#5694,#1164);
#786=LINE('',#5695,#1165);
#787=LINE('',#5698,#1166);
#788=LINE('',#5700,#1167);
#789=LINE('',#5701,#1168);
#790=LINE('',#5704,#1169);
#791=LINE('',#5706,#1170);
#792=LINE('',#5707,#1171);
#793=LINE('',#5710,#1172);
#794=LINE('',#5712,#1173);
#795=LINE('',#5713,#1174);
#796=LINE('',#5715,#1175);
#797=LINE('',#5719,#1176);
#798=LINE('',#5722,#1177);
#799=LINE('',#5726,#1178);
#800=LINE('',#5731,#1179);
#801=LINE('',#5733,#1180);
#802=LINE('',#5735,#1181);
#803=LINE('',#5736,#1182);
#804=LINE('',#5741,#1183);
#805=LINE('',#5743,#1184);
#806=LINE('',#5745,#1185);
#807=LINE('',#5746,#1186);
#808=LINE('',#5748,#1187);
#809=LINE('',#5749,#1188);
#810=LINE('',#5755,#1189);
#811=LINE('',#5760,#1190);
#812=LINE('',#5761,#1191);
#813=LINE('',#5764,#1192);
#814=LINE('',#5765,#1193);
#815=LINE('',#5769,#1194);
#816=LINE('',#5772,#1195);
#817=LINE('',#5773,#1196);
#818=LINE('',#5777,#1197);
#819=LINE('',#5780,#1198);
#820=LINE('',#5781,#1199);
#821=LINE('',#5784,#1200);
#822=LINE('',#5785,#1201);
#823=LINE('',#5788,#1202);
#824=LINE('',#5789,#1203);
#825=LINE('',#5792,#1204);
#826=LINE('',#5793,#1205);
#827=LINE('',#5796,#1206);
#828=LINE('',#5797,#1207);
#829=LINE('',#5801,#1208);
#830=LINE('',#5804,#1209);
#831=LINE('',#5805,#1210);
#832=LINE('',#5809,#1211);
#833=LINE('',#5812,#1212);
#834=LINE('',#5813,#1213);
#835=LINE('',#5815,#1214);
#836=LINE('',#5819,#1215);
#837=LINE('',#5820,#1216);
#838=LINE('',#5821,#1217);
#839=LINE('',#5823,#1218);
#840=LINE('',#5824,#1219);
#841=LINE('',#5827,#1220);
#842=LINE('',#5831,#1221);
#843=LINE('',#5834,#1222);
#844=LINE('',#5837,#1223);
#845=LINE('',#5838,#1224);
#846=LINE('',#5841,#1225);
#847=LINE('',#5843,#1226);
#848=LINE('',#5845,#1227);
#849=LINE('',#5847,#1228);
#850=LINE('',#5853,#1229);
#851=LINE('',#5856,#1230);
#852=LINE('',#5861,#1231);
#853=LINE('',#5863,#1232);
#854=LINE('',#5916,#1233);
#855=LINE('',#5920,#1234);
#856=LINE('',#5923,#1235);
#857=LINE('',#5925,#1236);
#858=LINE('',#5929,#1237);
#859=LINE('',#5930,#1238);
#860=LINE('',#5934,#1239);
#861=LINE('',#5937,#1240);
#862=LINE('',#5938,#1241);
#863=LINE('',#5942,#1242);
#864=LINE('',#5945,#1243);
#865=LINE('',#5946,#1244);
#866=LINE('',#5950,#1245);
#867=LINE('',#5951,#1246);
#868=LINE('',#5952,#1247);
#869=LINE('',#5956,#1248);
#870=LINE('',#5959,#1249);
#871=LINE('',#5960,#1250);
#872=LINE('',#5964,#1251);
#873=LINE('',#5966,#1252);
#874=LINE('',#5970,#1253);
#875=LINE('',#5973,#1254);
#876=LINE('',#5974,#1255);
#877=LINE('',#5978,#1256);
#878=LINE('',#5980,#1257);
#879=LINE('',#5983,#1258);
#880=LINE('',#5987,#1259);
#881=LINE('',#5991,#1260);
#882=LINE('',#5995,#1261);
#883=LINE('',#5999,#1262);
#884=LINE('',#6003,#1263);
#885=LINE('',#6007,#1264);
#886=LINE('',#6011,#1265);
#887=LINE('',#6015,#1266);
#888=LINE('',#6019,#1267);
#889=LINE('',#6023,#1268);
#890=LINE('',#6027,#1269);
#891=LINE('',#6031,#1270);
#892=LINE('',#6035,#1271);
#893=LINE('',#6039,#1272);
#894=LINE('',#6043,#1273);
#895=LINE('',#6046,#1274);
#896=LINE('',#6048,#1275);
#897=LINE('',#6050,#1276);
#898=LINE('',#6053,#1277);
#899=LINE('',#6054,#1278);
#900=LINE('',#6056,#1279);
#901=LINE('',#6058,#1280);
#902=LINE('',#6060,#1281);
#903=LINE('',#6062,#1282);
#904=LINE('',#6064,#1283);
#905=LINE('',#6066,#1284);
#906=LINE('',#6069,#1285);
#907=LINE('',#6070,#1286);
#908=LINE('',#6072,#1287);
#909=LINE('',#6074,#1288);
#910=LINE('',#6076,#1289);
#911=LINE('',#6078,#1290);
#912=LINE('',#6080,#1291);
#913=LINE('',#6082,#1292);
#914=LINE('',#6085,#1293);
#915=LINE('',#6086,#1294);
#916=LINE('',#6088,#1295);
#917=LINE('',#6090,#1296);
#918=LINE('',#6092,#1297);
#919=LINE('',#6094,#1298);
#920=LINE('',#6096,#1299);
#921=LINE('',#6098,#1300);
#922=LINE('',#6101,#1301);
#923=LINE('',#6102,#1302);
#924=LINE('',#6104,#1303);
#925=LINE('',#6106,#1304);
#926=LINE('',#6108,#1305);
#927=LINE('',#6110,#1306);
#928=LINE('',#6112,#1307);
#929=LINE('',#6114,#1308);
#930=LINE('',#6207,#1309);
#931=LINE('',#6294,#1310);
#932=LINE('',#6344,#1311);
#933=LINE('',#6365,#1312);
#934=LINE('',#6449,#1313);
#935=LINE('',#6497,#1314);
#936=LINE('',#6516,#1315);
#937=LINE('',#6570,#1316);
#938=LINE('',#6572,#1317);
#939=LINE('',#6573,#1318);
#940=LINE('',#6577,#1319);
#941=LINE('',#6580,#1320);
#942=LINE('',#6582,#1321);
#943=LINE('',#6589,#1322);
#944=LINE('',#6594,#1323);
#945=LINE('',#6599,#1324);
#946=LINE('',#6604,#1325);
#947=LINE('',#6606,#1326);
#948=LINE('',#6607,#1327);
#949=LINE('',#6609,#1328);
#950=LINE('',#6612,#1329);
#951=LINE('',#6614,#1330);
#952=LINE('',#6616,#1331);
#953=LINE('',#6618,#1332);
#954=LINE('',#6622,#1333);
#955=LINE('',#6625,#1334);
#956=LINE('',#6627,#1335);
#957=LINE('',#6629,#1336);
#958=LINE('',#6633,#1337);
#959=LINE('',#6636,#1338);
#960=VECTOR('',#4081,10.);
#961=VECTOR('',#4086,10.);
#962=VECTOR('',#4089,10.);
#963=VECTOR('',#4090,10.);
#964=VECTOR('',#4091,10.);
#965=VECTOR('',#4094,10.);
#966=VECTOR('',#4095,10.);
#967=VECTOR('',#4098,10.);
#968=VECTOR('',#4101,10.);
#969=VECTOR('',#4104,10.);
#970=VECTOR('',#4107,10.);
#971=VECTOR('',#4108,10.);
#972=VECTOR('',#4111,10.);
#973=VECTOR('',#4112,10.);
#974=VECTOR('',#4113,10.);
#975=VECTOR('',#4116,10.);
#976=VECTOR('',#4119,10.);
#977=VECTOR('',#4122,10.);
#978=VECTOR('',#4125,10.);
#979=VECTOR('',#4126,10.);
#980=VECTOR('',#4129,10.);
#981=VECTOR('',#4130,10.);
#982=VECTOR('',#4131,10.);
#983=VECTOR('',#4132,10.);
#984=VECTOR('',#4137,10.);
#985=VECTOR('',#4138,10.);
#986=VECTOR('',#4143,10.);
#987=VECTOR('',#4144,10.);
#988=VECTOR('',#4147,10.);
#989=VECTOR('',#4150,10.);
#990=VECTOR('',#4153,10.);
#991=VECTOR('',#4156,10.);
#992=VECTOR('',#4157,10.);
#993=VECTOR('',#4158,10.);
#994=VECTOR('',#4159,10.);
#995=VECTOR('',#4162,10.);
#996=VECTOR('',#4165,10.);
#997=VECTOR('',#4168,10.);
#998=VECTOR('',#4171,10.);
#999=VECTOR('',#4174,10.);
#1000=VECTOR('',#4175,10.);
#1001=VECTOR('',#4176,10.);
#1002=VECTOR('',#4177,10.);
#1003=VECTOR('',#4180,10.);
#1004=VECTOR('',#4181,10.);
#1005=VECTOR('',#4182,10.);
#1006=VECTOR('',#4185,10.);
#1007=VECTOR('',#4186,10.);
#1008=VECTOR('',#4189,10.);
#1009=VECTOR('',#4192,10.);
#1010=VECTOR('',#4193,10.);
#1011=VECTOR('',#4196,10.);
#1012=VECTOR('',#4201,10.);
#1013=VECTOR('',#4204,10.);
#1014=VECTOR('',#4207,10.);
#1015=VECTOR('',#4210,10.);
#1016=VECTOR('',#4211,10.);
#1017=VECTOR('',#4214,10.);
#1018=VECTOR('',#4215,10.);
#1019=VECTOR('',#4222,10.);
#1020=VECTOR('',#4223,10.);
#1021=VECTOR('',#4228,10.);
#1022=VECTOR('',#4231,10.);
#1023=VECTOR('',#4234,10.);
#1024=VECTOR('',#4237,10.);
#1025=VECTOR('',#4238,10.);
#1026=VECTOR('',#4241,10.);
#1027=VECTOR('',#4244,10.);
#1028=VECTOR('',#4247,10.);
#1029=VECTOR('',#4250,10.);
#1030=VECTOR('',#4253,10.);
#1031=VECTOR('',#4256,10.);
#1032=VECTOR('',#4259,10.);
#1033=VECTOR('',#4262,10.);
#1034=VECTOR('',#4265,10.);
#1035=VECTOR('',#4268,10.);
#1036=VECTOR('',#4271,10.);
#1037=VECTOR('',#4274,10.);
#1038=VECTOR('',#4277,10.);
#1039=VECTOR('',#4280,10.);
#1040=VECTOR('',#4283,10.);
#1041=VECTOR('',#4286,10.);
#1042=VECTOR('',#4289,10.);
#1043=VECTOR('',#4292,10.);
#1044=VECTOR('',#4295,10.);
#1045=VECTOR('',#4296,10.);
#1046=VECTOR('',#4297,10.);
#1047=VECTOR('',#4298,10.);
#1048=VECTOR('',#4301,10.);
#1049=VECTOR('',#4302,10.);
#1050=VECTOR('',#4303,10.);
#1051=VECTOR('',#4304,10.);
#1052=VECTOR('',#4307,10.);
#1053=VECTOR('',#4308,10.);
#1054=VECTOR('',#4311,10.);
#1055=VECTOR('',#4314,10.);
#1056=VECTOR('',#4317,10.);
#1057=VECTOR('',#4318,10.);
#1058=VECTOR('',#4319,10.);
#1059=VECTOR('',#4326,10.);
#1060=VECTOR('',#4329,10.);
#1061=VECTOR('',#4330,10.);
#1062=VECTOR('',#4331,10.);
#1063=VECTOR('',#4334,10.);
#1064=VECTOR('',#4337,10.);
#1065=VECTOR('',#4338,10.);
#1066=VECTOR('',#4339,10.);
#1067=VECTOR('',#4340,10.);
#1068=VECTOR('',#4345,10.);
#1069=VECTOR('',#4350,10.);
#1070=VECTOR('',#4351,10.);
#1071=VECTOR('',#4352,10.);
#1072=VECTOR('',#4355,10.);
#1073=VECTOR('',#4356,10.);
#1074=VECTOR('',#4357,10.);
#1075=VECTOR('',#4360,10.);
#1076=VECTOR('',#4361,10.);
#1077=VECTOR('',#4362,10.);
#1078=VECTOR('',#4367,10.);
#1079=VECTOR('',#4368,10.);
#1080=VECTOR('',#4369,10.);
#1081=VECTOR('',#4370,10.);
#1082=VECTOR('',#4373,10.);
#1083=VECTOR('',#4374,10.);
#1084=VECTOR('',#4375,10.);
#1085=VECTOR('',#4376,10.);
#1086=VECTOR('',#4379,10.);
#1087=VECTOR('',#4380,10.);
#1088=VECTOR('',#4383,10.);
#1089=VECTOR('',#4386,10.);
#1090=VECTOR('',#4387,10.);
#1091=VECTOR('',#4388,10.);
#1092=VECTOR('',#4389,10.);
#1093=VECTOR('',#4392,10.);
#1094=VECTOR('',#4393,10.);
#1095=VECTOR('',#4394,10.);
#1096=VECTOR('',#4399,10.);
#1097=VECTOR('',#4404,10.);
#1098=VECTOR('',#4405,10.);
#1099=VECTOR('',#4406,10.);
#1100=VECTOR('',#4411,10.);
#1101=VECTOR('',#4416,10.);
#1102=VECTOR('',#4417,10.);
#1103=VECTOR('',#4418,10.);
#1104=VECTOR('',#4421,10.);
#1105=VECTOR('',#4424,10.);
#1106=VECTOR('',#4425,10.);
#1107=VECTOR('',#4426,10.);
#1108=VECTOR('',#4431,10.);
#1109=VECTOR('',#4432,10.);
#1110=VECTOR('',#4433,10.);
#1111=VECTOR('',#4434,10.);
#1112=VECTOR('',#4437,10.);
#1113=VECTOR('',#4438,10.);
#1114=VECTOR('',#4439,10.);
#1115=VECTOR('',#4442,10.);
#1116=VECTOR('',#4445,10.);
#1117=VECTOR('',#4448,10.);
#1118=VECTOR('',#4449,10.);
#1119=VECTOR('',#4450,10.);
#1120=VECTOR('',#4451,10.);
#1121=VECTOR('',#4454,10.);
#1122=VECTOR('',#4455,10.);
#1123=VECTOR('',#4456,10.);
#1124=VECTOR('',#4459,10.);
#1125=VECTOR('',#4466,10.);
#1126=VECTOR('',#4467,10.);
#1127=VECTOR('',#4470,10.);
#1128=VECTOR('',#4471,10.);
#1129=VECTOR('',#4472,10.);
#1130=VECTOR('',#4475,10.);
#1131=VECTOR('',#4476,10.);
#1132=VECTOR('',#4477,10.);
#1133=VECTOR('',#4480,10.);
#1134=VECTOR('',#4483,10.);
#1135=VECTOR('',#4486,10.);
#1136=VECTOR('',#4489,10.);
#1137=VECTOR('',#4492,10.);
#1138=VECTOR('',#4493,10.);
#1139=VECTOR('',#4496,10.);
#1140=VECTOR('',#4499,10.);
#1141=VECTOR('',#4500,10.);
#1142=VECTOR('',#4501,10.);
#1143=VECTOR('',#4504,10.);
#1144=VECTOR('',#4507,10.);
#1145=VECTOR('',#4508,10.);
#1146=VECTOR('',#4509,10.);
#1147=VECTOR('',#4512,10.);
#1148=VECTOR('',#4515,10.);
#1149=VECTOR('',#4516,10.);
#1150=VECTOR('',#4519,10.);
#1151=VECTOR('',#4520,10.);
#1152=VECTOR('',#4521,10.);
#1153=VECTOR('',#4522,10.);
#1154=VECTOR('',#4525,10.);
#1155=VECTOR('',#4528,10.);
#1156=VECTOR('',#4529,10.);
#1157=VECTOR('',#4530,10.);
#1158=VECTOR('',#4531,10.);
#1159=VECTOR('',#4532,10.);
#1160=VECTOR('',#4535,10.);
#1161=VECTOR('',#4538,10.);
#1162=VECTOR('',#4539,10.);
#1163=VECTOR('',#4542,10.);
#1164=VECTOR('',#4547,10.);
#1165=VECTOR('',#4548,10.);
#1166=VECTOR('',#4551,10.);
#1167=VECTOR('',#4552,10.);
#1168=VECTOR('',#4553,10.);
#1169=VECTOR('',#4556,10.);
#1170=VECTOR('',#4557,10.);
#1171=VECTOR('',#4558,10.);
#1172=VECTOR('',#4561,10.);
#1173=VECTOR('',#4562,10.);
#1174=VECTOR('',#4563,10.);
#1175=VECTOR('',#4564,10.);
#1176=VECTOR('',#4567,10.);
#1177=VECTOR('',#4570,10.);
#1178=VECTOR('',#4573,10.);
#1179=VECTOR('',#4578,10.);
#1180=VECTOR('',#4579,10.);
#1181=VECTOR('',#4580,10.);
#1182=VECTOR('',#4581,10.);
#1183=VECTOR('',#4586,10.);
#1184=VECTOR('',#4587,10.);
#1185=VECTOR('',#4588,10.);
#1186=VECTOR('',#4589,10.);
#1187=VECTOR('',#4592,10.);
#1188=VECTOR('',#4593,10.);
#1189=VECTOR('',#4600,10.);
#1190=VECTOR('',#4605,10.);
#1191=VECTOR('',#4606,10.);
#1192=VECTOR('',#4609,10.);
#1193=VECTOR('',#4610,10.);
#1194=VECTOR('',#4615,10.);
#1195=VECTOR('',#4618,10.);
#1196=VECTOR('',#4619,10.);
#1197=VECTOR('',#4624,10.);
#1198=VECTOR('',#4627,10.);
#1199=VECTOR('',#4628,10.);
#1200=VECTOR('',#4631,10.);
#1201=VECTOR('',#4632,10.);
#1202=VECTOR('',#4635,10.);
#1203=VECTOR('',#4636,10.);
#1204=VECTOR('',#4639,10.);
#1205=VECTOR('',#4640,10.);
#1206=VECTOR('',#4643,10.);
#1207=VECTOR('',#4644,10.);
#1208=VECTOR('',#4649,10.);
#1209=VECTOR('',#4652,10.);
#1210=VECTOR('',#4653,10.);
#1211=VECTOR('',#4658,10.);
#1212=VECTOR('',#4661,10.);
#1213=VECTOR('',#4662,10.);
#1214=VECTOR('',#4665,10.);
#1215=VECTOR('',#4668,10.);
#1216=VECTOR('',#4669,10.);
#1217=VECTOR('',#4670,10.);
#1218=VECTOR('',#4673,10.);
#1219=VECTOR('',#4674,10.);
#1220=VECTOR('',#4677,10.);
#1221=VECTOR('',#4680,10.);
#1222=VECTOR('',#4683,10.);
#1223=VECTOR('',#4686,10.);
#1224=VECTOR('',#4687,10.);
#1225=VECTOR('',#4690,10.);
#1226=VECTOR('',#4691,10.);
#1227=VECTOR('',#4694,10.);
#1228=VECTOR('',#4697,10.);
#1229=VECTOR('',#4702,10.);
#1230=VECTOR('',#4705,10.);
#1231=VECTOR('',#4710,10.);
#1232=VECTOR('',#4713,10.);
#1233=VECTOR('',#4720,10.);
#1234=VECTOR('',#4725,10.);
#1235=VECTOR('',#4728,10.);
#1236=VECTOR('',#4729,10.);
#1237=VECTOR('',#4734,10.);
#1238=VECTOR('',#4735,10.);
#1239=VECTOR('',#4740,10.);
#1240=VECTOR('',#4743,10.);
#1241=VECTOR('',#4744,10.);
#1242=VECTOR('',#4749,10.);
#1243=VECTOR('',#4752,10.);
#1244=VECTOR('',#4753,10.);
#1245=VECTOR('',#4756,10.);
#1246=VECTOR('',#4757,10.);
#1247=VECTOR('',#4758,10.);
#1248=VECTOR('',#4763,10.);
#1249=VECTOR('',#4766,10.);
#1250=VECTOR('',#4767,10.);
#1251=VECTOR('',#4772,10.);
#1252=VECTOR('',#4775,10.);
#1253=VECTOR('',#4780,10.);
#1254=VECTOR('',#4783,10.);
#1255=VECTOR('',#4784,10.);
#1256=VECTOR('',#4789,10.);
#1257=VECTOR('',#4792,10.);
#1258=VECTOR('',#4793,10.);
#1259=VECTOR('',#4796,10.);
#1260=VECTOR('',#4799,10.);
#1261=VECTOR('',#4802,10.);
#1262=VECTOR('',#4805,10.);
#1263=VECTOR('',#4808,10.);
#1264=VECTOR('',#4811,10.);
#1265=VECTOR('',#4814,10.);
#1266=VECTOR('',#4817,10.);
#1267=VECTOR('',#4820,10.);
#1268=VECTOR('',#4823,10.);
#1269=VECTOR('',#4826,10.);
#1270=VECTOR('',#4829,10.);
#1271=VECTOR('',#4832,10.);
#1272=VECTOR('',#4835,10.);
#1273=VECTOR('',#4838,10.);
#1274=VECTOR('',#4843,10.);
#1275=VECTOR('',#4846,10.);
#1276=VECTOR('',#4849,10.);
#1277=VECTOR('',#4854,10.);
#1278=VECTOR('',#4855,10.);
#1279=VECTOR('',#4858,10.);
#1280=VECTOR('',#4861,10.);
#1281=VECTOR('',#4864,10.);
#1282=VECTOR('',#4867,10.);
#1283=VECTOR('',#4870,10.);
#1284=VECTOR('',#4873,10.);
#1285=VECTOR('',#4878,10.);
#1286=VECTOR('',#4879,10.);
#1287=VECTOR('',#4882,10.);
#1288=VECTOR('',#4885,10.);
#1289=VECTOR('',#4888,10.);
#1290=VECTOR('',#4891,10.);
#1291=VECTOR('',#4894,10.);
#1292=VECTOR('',#4897,10.);
#1293=VECTOR('',#4902,10.);
#1294=VECTOR('',#4903,10.);
#1295=VECTOR('',#4906,10.);
#1296=VECTOR('',#4909,10.);
#1297=VECTOR('',#4912,10.);
#1298=VECTOR('',#4915,10.);
#1299=VECTOR('',#4918,10.);
#1300=VECTOR('',#4921,10.);
#1301=VECTOR('',#4926,10.);
#1302=VECTOR('',#4927,10.);
#1303=VECTOR('',#4930,10.);
#1304=VECTOR('',#4933,10.);
#1305=VECTOR('',#4936,10.);
#1306=VECTOR('',#4939,10.);
#1307=VECTOR('',#4942,10.);
#1308=VECTOR('',#4945,10.);
#1309=VECTOR('',#4958,10.);
#1310=VECTOR('',#4969,10.);
#1311=VECTOR('',#4976,10.);
#1312=VECTOR('',#4987,10.);
#1313=VECTOR('',#5002,10.);
#1314=VECTOR('',#5007,10.);
#1315=VECTOR('',#5012,10.);
#1316=VECTOR('',#5025,10.);
#1317=VECTOR('',#5028,10.);
#1318=VECTOR('',#5029,10.);
#1319=VECTOR('',#5034,10.);
#1320=VECTOR('',#5039,10.);
#1321=VECTOR('',#5042,10.);
#1322=VECTOR('',#5053,2.);
#1323=VECTOR('',#5060,2.);
#1324=VECTOR('',#5067,2.);
#1325=VECTOR('',#5074,2.);
#1326=VECTOR('',#5077,10.);
#1327=VECTOR('',#5078,10.);
#1328=VECTOR('',#5081,10.);
#1329=VECTOR('',#5086,10.);
#1330=VECTOR('',#5089,10.);
#1331=VECTOR('',#5092,10.);
#1332=VECTOR('',#5095,10.);
#1333=VECTOR('',#5102,10.);
#1334=VECTOR('',#5107,10.);
#1335=VECTOR('',#5110,10.);
#1336=VECTOR('',#5113,10.);
#1337=VECTOR('',#5120,10.);
#1338=VECTOR('',#5125,10.);
#1339=CIRCLE('',#3739,1.);
#1340=CIRCLE('',#3740,1.);
#1341=CIRCLE('',#3741,1.);
#1342=CIRCLE('',#3744,5.);
#1343=CIRCLE('',#3745,5.);
#1344=CIRCLE('',#3746,5.);
#1345=CIRCLE('',#3747,5.);
#1346=CIRCLE('',#3748,1.);
#1347=CIRCLE('',#3749,1.);
#1348=CIRCLE('',#3750,1.);
#1349=CIRCLE('',#3751,0.999999999999999);
#1350=CIRCLE('',#3752,1.);
#1351=CIRCLE('',#3755,1.);
#1352=CIRCLE('',#3756,1.);
#1353=CIRCLE('',#3758,1.);
#1354=CIRCLE('',#3759,1.);
#1355=CIRCLE('',#3760,1.);
#1356=CIRCLE('',#3761,1.);
#1357=CIRCLE('',#3762,4.);
#1358=CIRCLE('',#3763,4.);
#1359=CIRCLE('',#3764,4.);
#1360=CIRCLE('',#3765,4.);
#1361=CIRCLE('',#3773,1.);
#1362=CIRCLE('',#3774,1.);
#1363=CIRCLE('',#3776,1.);
#1364=CIRCLE('',#3779,1.);
#1365=CIRCLE('',#3782,4.15);
#1366=CIRCLE('',#3783,4.15);
#1367=CIRCLE('',#3784,4.15);
#1368=CIRCLE('',#3785,4.15);
#1369=CIRCLE('',#3786,2.19999999999999);
#1370=CIRCLE('',#3787,2.20000000000001);
#1371=CIRCLE('',#3788,2.2);
#1372=CIRCLE('',#3789,2.2);
#1373=CIRCLE('',#3790,2.);
#1374=CIRCLE('',#3791,2.);
#1375=CIRCLE('',#3792,2.);
#1376=CIRCLE('',#3793,2.);
#1377=CIRCLE('',#3794,2.);
#1378=CIRCLE('',#3795,2.);
#1379=CIRCLE('',#3796,2.);
#1380=CIRCLE('',#3797,2.);
#1381=CIRCLE('',#3798,5.);
#1382=CIRCLE('',#3799,5.);
#1383=CIRCLE('',#3800,5.);
#1384=CIRCLE('',#3801,5.);
#1385=CIRCLE('',#3809,3.3);
#1386=CIRCLE('',#3810,4.53122164831317);
#1387=CIRCLE('',#3812,4.53122164831317);
#1388=CIRCLE('',#3817,4.5);
#1389=CIRCLE('',#3818,4.5);
#1390=CIRCLE('',#3822,3.30000000000546);
#1391=CIRCLE('',#3830,4.53122164832227);
#1392=CIRCLE('',#3831,4.53122164832227);
#1393=CIRCLE('',#3834,4.53122164831528);
#1394=CIRCLE('',#3835,4.53122164831528);
#1395=CIRCLE('',#3838,3.3);
#1396=CIRCLE('',#3839,3.30000000000002);
#1397=CIRCLE('',#3843,3.3);
#1398=CIRCLE('',#3847,1.05);
#1399=CIRCLE('',#3848,1.05);
#1400=CIRCLE('',#3850,5.30000000000546);
#1401=CIRCLE('',#3853,0.999999999999919);
#1402=CIRCLE('',#3854,1.00000000000004);
#1403=CIRCLE('',#3855,1.);
#1404=CIRCLE('',#3856,1.);
#1405=CIRCLE('',#3857,1.28);
#1406=CIRCLE('',#3858,1.28);
#1407=CIRCLE('',#3859,3.15);
#1408=CIRCLE('',#3861,5.3);
#1409=CIRCLE('',#3862,5.30000000000002);
#1410=CIRCLE('',#3864,1.05);
#1411=CIRCLE('',#3865,1.05000000000062);
#1412=CIRCLE('',#3866,1.05);
#1413=CIRCLE('',#3867,1.05000000000061);
#1414=CIRCLE('',#3869,3.3);
#1415=CIRCLE('',#3874,0.800000000000005);
#1416=CIRCLE('',#3875,0.800000000000003);
#1417=CIRCLE('',#3876,0.800000000000003);
#1418=CIRCLE('',#3877,0.800000000000001);
#1419=CIRCLE('',#3880,8.);
#1420=CIRCLE('',#3883,1.05);
#1421=CIRCLE('',#3884,1.05);
#1422=CIRCLE('',#3886,8.);
#1423=CIRCLE('',#3889,1.05);
#1424=CIRCLE('',#3892,1.05000000000062);
#1425=CIRCLE('',#3899,1.05);
#1426=CIRCLE('',#3902,1.05000000000061);
#1427=CIRCLE('',#3912,5.3);
#1428=CIRCLE('',#3921,5.30000000000002);
#1429=CIRCLE('',#3924,5.3);
#1430=CIRCLE('',#3926,1.);
#1431=CIRCLE('',#3929,1.);
#1432=CIRCLE('',#3932,1.00000000000004);
#1433=CIRCLE('',#3936,0.800000000000001);
#1434=CIRCLE('',#3939,0.800000000000003);
#1435=CIRCLE('',#3942,0.800000000000003);
#1436=CIRCLE('',#3945,0.800000000000005);
#1437=CIRCLE('',#3947,2.);
#1438=CIRCLE('',#3948,2.);
#1439=CIRCLE('',#3949,2.);
#1440=CIRCLE('',#3950,2.);
#1441=CIRCLE('',#3951,2.);
#1442=CIRCLE('',#3952,2.);
#1443=CIRCLE('',#3953,2.);
#1444=CIRCLE('',#3954,2.);
#1445=CIRCLE('',#3955,2.2);
#1446=CIRCLE('',#3956,2.2);
#1447=CIRCLE('',#3957,2.20000000000001);
#1448=CIRCLE('',#3958,2.19999999999999);
#1449=CIRCLE('',#3959,4.);
#1450=CIRCLE('',#3960,4.);
#1451=CIRCLE('',#3961,4.);
#1452=CIRCLE('',#3962,4.);
#1453=CIRCLE('',#3999,5.30000000000546);
#1454=CIRCLE('',#4001,3.30000000000546);
#1455=CIRCLE('',#4004,4.15);
#1456=CIRCLE('',#4005,2.2);
#1457=CIRCLE('',#4007,5.3);
#1458=CIRCLE('',#4012,4.15);
#1459=CIRCLE('',#4013,2.2);
#1460=CIRCLE('',#4018,3.30000000000002);
#1461=CIRCLE('',#4022,4.15);
#1462=CIRCLE('',#4024,2.2);
#1463=CIRCLE('',#4030,4.15);
#1464=CIRCLE('',#4032,2.2);
#1465=CIRCLE('',#4034,3.15);
#1466=CIRCLE('',#4035,1.28);
#1467=CIRCLE('',#4036,1.28);
#1468=CIRCLE('',#4037,0.999999999999919);
#1469=CIRCLE('',#4043,2.2);
#1470=CIRCLE('',#4046,2.2);
#1471=CIRCLE('',#4049,2.2);
#1472=CIRCLE('',#4052,2.2);
#1473=VERTEX_POINT('',#5132);
#1474=VERTEX_POINT('',#5133);
#1475=VERTEX_POINT('',#5135);
#1476=VERTEX_POINT('',#5137);
#1477=VERTEX_POINT('',#5139);
#1478=VERTEX_POINT('',#5143);
#1479=VERTEX_POINT('',#5145);
#1480=VERTEX_POINT('',#5149);
#1481=VERTEX_POINT('',#5151);
#1482=VERTEX_POINT('',#5153);
#1483=VERTEX_POINT('',#5155);
#1484=VERTEX_POINT('',#5157);
#1485=VERTEX_POINT('',#5159);
#1486=VERTEX_POINT('',#5161);
#1487=VERTEX_POINT('',#5163);
#1488=VERTEX_POINT('',#5165);
#1489=VERTEX_POINT('',#5167);
#1490=VERTEX_POINT('',#5169);
#1491=VERTEX_POINT('',#5171);
#1492=VERTEX_POINT('',#5173);
#1493=VERTEX_POINT('',#5175);
#1494=VERTEX_POINT('',#5177);
#1495=VERTEX_POINT('',#5179);
#1496=VERTEX_POINT('',#5181);
#1497=VERTEX_POINT('',#5183);
#1498=VERTEX_POINT('',#5185);
#1499=VERTEX_POINT('',#5187);
#1500=VERTEX_POINT('',#5189);
#1501=VERTEX_POINT('',#5191);
#1502=VERTEX_POINT('',#5193);
#1503=VERTEX_POINT('',#5197);
#1504=VERTEX_POINT('',#5199);
#1505=VERTEX_POINT('',#5201);
#1506=VERTEX_POINT('',#5205);
#1507=VERTEX_POINT('',#5206);
#1508=VERTEX_POINT('',#5209);
#1509=VERTEX_POINT('',#5213);
#1510=VERTEX_POINT('',#5215);
#1511=VERTEX_POINT('',#5217);
#1512=VERTEX_POINT('',#5219);
#1513=VERTEX_POINT('',#5221);
#1514=VERTEX_POINT('',#5223);
#1515=VERTEX_POINT('',#5225);
#1516=VERTEX_POINT('',#5227);
#1517=VERTEX_POINT('',#5229);
#1518=VERTEX_POINT('',#5231);
#1519=VERTEX_POINT('',#5233);
#1520=VERTEX_POINT('',#5236);
#1521=VERTEX_POINT('',#5238);
#1522=VERTEX_POINT('',#5240);
#1523=VERTEX_POINT('',#5242);
#1524=VERTEX_POINT('',#5244);
#1525=VERTEX_POINT('',#5246);
#1526=VERTEX_POINT('',#5248);
#1527=VERTEX_POINT('',#5250);
#1528=VERTEX_POINT('',#5254);
#1529=VERTEX_POINT('',#5255);
#1530=VERTEX_POINT('',#5257);
#1531=VERTEX_POINT('',#5259);
#1532=VERTEX_POINT('',#5263);
#1533=VERTEX_POINT('',#5265);
#1534=VERTEX_POINT('',#5279);
#1535=VERTEX_POINT('',#5280);
#1536=VERTEX_POINT('',#5282);
#1537=VERTEX_POINT('',#5284);
#1538=VERTEX_POINT('',#5288);
#1539=VERTEX_POINT('',#5294);
#1540=VERTEX_POINT('',#5300);
#1541=VERTEX_POINT('',#5304);
#1542=VERTEX_POINT('',#5305);
#1543=VERTEX_POINT('',#5307);
#1544=VERTEX_POINT('',#5309);
#1545=VERTEX_POINT('',#5311);
#1546=VERTEX_POINT('',#5313);
#1547=VERTEX_POINT('',#5315);
#1548=VERTEX_POINT('',#5317);
#1549=VERTEX_POINT('',#5320);
#1550=VERTEX_POINT('',#5321);
#1551=VERTEX_POINT('',#5323);
#1552=VERTEX_POINT('',#5325);
#1553=VERTEX_POINT('',#5327);
#1554=VERTEX_POINT('',#5329);
#1555=VERTEX_POINT('',#5331);
#1556=VERTEX_POINT('',#5333);
#1557=VERTEX_POINT('',#5336);
#1558=VERTEX_POINT('',#5337);
#1559=VERTEX_POINT('',#5339);
#1560=VERTEX_POINT('',#5341);
#1561=VERTEX_POINT('',#5343);
#1562=VERTEX_POINT('',#5345);
#1563=VERTEX_POINT('',#5347);
#1564=VERTEX_POINT('',#5349);
#1565=VERTEX_POINT('',#5352);
#1566=VERTEX_POINT('',#5353);
#1567=VERTEX_POINT('',#5355);
#1568=VERTEX_POINT('',#5357);
#1569=VERTEX_POINT('',#5359);
#1570=VERTEX_POINT('',#5361);
#1571=VERTEX_POINT('',#5363);
#1572=VERTEX_POINT('',#5365);
#1573=VERTEX_POINT('',#5368);
#1574=VERTEX_POINT('',#5370);
#1575=VERTEX_POINT('',#5372);
#1576=VERTEX_POINT('',#5374);
#1577=VERTEX_POINT('',#5376);
#1578=VERTEX_POINT('',#5378);
#1579=VERTEX_POINT('',#5380);
#1580=VERTEX_POINT('',#5382);
#1581=VERTEX_POINT('',#5390);
#1582=VERTEX_POINT('',#5391);
#1583=VERTEX_POINT('',#5393);
#1584=VERTEX_POINT('',#5395);
#1585=VERTEX_POINT('',#5399);
#1586=VERTEX_POINT('',#5400);
#1587=VERTEX_POINT('',#5402);
#1588=VERTEX_POINT('',#5404);
#1589=VERTEX_POINT('',#5413);
#1590=VERTEX_POINT('',#5415);
#1591=VERTEX_POINT('',#5417);
#1592=VERTEX_POINT('',#5419);
#1593=VERTEX_POINT('',#5421);
#1594=VERTEX_POINT('',#5425);
#1595=VERTEX_POINT('',#5429);
#1596=VERTEX_POINT('',#5430);
#1597=VERTEX_POINT('',#5437);
#1598=VERTEX_POINT('',#5438);
#1599=VERTEX_POINT('',#5440);
#1600=VERTEX_POINT('',#5442);
#1601=VERTEX_POINT('',#5446);
#1602=VERTEX_POINT('',#5448);
#1603=VERTEX_POINT('',#5452);
#1604=VERTEX_POINT('',#5454);
#1605=VERTEX_POINT('',#5458);
#1606=VERTEX_POINT('',#5460);
#1607=VERTEX_POINT('',#5464);
#1608=VERTEX_POINT('',#5465);
#1609=VERTEX_POINT('',#5468);
#1610=VERTEX_POINT('',#5472);
#1611=VERTEX_POINT('',#5473);
#1612=VERTEX_POINT('',#5475);
#1613=VERTEX_POINT('',#5477);
#1614=VERTEX_POINT('',#5481);
#1615=VERTEX_POINT('',#5482);
#1616=VERTEX_POINT('',#5484);
#1617=VERTEX_POINT('',#5486);
#1618=VERTEX_POINT('',#5495);
#1619=VERTEX_POINT('',#5496);
#1620=VERTEX_POINT('',#5498);
#1621=VERTEX_POINT('',#5500);
#1622=VERTEX_POINT('',#5504);
#1623=VERTEX_POINT('',#5506);
#1624=VERTEX_POINT('',#5510);
#1625=VERTEX_POINT('',#5512);
#1626=VERTEX_POINT('',#5516);
#1627=VERTEX_POINT('',#5518);
#1628=VERTEX_POINT('',#5522);
#1629=VERTEX_POINT('',#5524);
#1630=VERTEX_POINT('',#5528);
#1631=VERTEX_POINT('',#5530);
#1632=VERTEX_POINT('',#5534);
#1633=VERTEX_POINT('',#5535);
#1634=VERTEX_POINT('',#5537);
#1635=VERTEX_POINT('',#5540);
#1636=VERTEX_POINT('',#5542);
#1637=VERTEX_POINT('',#5546);
#1638=VERTEX_POINT('',#5547);
#1639=VERTEX_POINT('',#5549);
#1640=VERTEX_POINT('',#5551);
#1641=VERTEX_POINT('',#5555);
#1642=VERTEX_POINT('',#5557);
#1643=VERTEX_POINT('',#5561);
#1644=VERTEX_POINT('',#5563);
#1645=VERTEX_POINT('',#5567);
#1646=VERTEX_POINT('',#5568);
#1647=VERTEX_POINT('',#5570);
#1648=VERTEX_POINT('',#5572);
#1649=VERTEX_POINT('',#5576);
#1650=VERTEX_POINT('',#5577);
#1651=VERTEX_POINT('',#5582);
#1652=VERTEX_POINT('',#5583);
#1653=VERTEX_POINT('',#5588);
#1654=VERTEX_POINT('',#5590);
#1655=VERTEX_POINT('',#5592);
#1656=VERTEX_POINT('',#5594);
#1657=VERTEX_POINT('',#5596);
#1658=VERTEX_POINT('',#5600);
#1659=VERTEX_POINT('',#5602);
#1660=VERTEX_POINT('',#5606);
#1661=VERTEX_POINT('',#5608);
#1662=VERTEX_POINT('',#5610);
#1663=VERTEX_POINT('',#5612);
#1664=VERTEX_POINT('',#5614);
#1665=VERTEX_POINT('',#5616);
#1666=VERTEX_POINT('',#5618);
#1667=VERTEX_POINT('',#5620);
#1668=VERTEX_POINT('',#5623);
#1669=VERTEX_POINT('',#5625);
#1670=VERTEX_POINT('',#5627);
#1671=VERTEX_POINT('',#5629);
#1672=VERTEX_POINT('',#5632);
#1673=VERTEX_POINT('',#5635);
#1674=VERTEX_POINT('',#5639);
#1675=VERTEX_POINT('',#5641);
#1676=VERTEX_POINT('',#5643);
#1677=VERTEX_POINT('',#5645);
#1678=VERTEX_POINT('',#5647);
#1679=VERTEX_POINT('',#5649);
#1680=VERTEX_POINT('',#5651);
#1681=VERTEX_POINT('',#5655);
#1682=VERTEX_POINT('',#5657);
#1683=VERTEX_POINT('',#5659);
#1684=VERTEX_POINT('',#5661);
#1685=VERTEX_POINT('',#5663);
#1686=VERTEX_POINT('',#5665);
#1687=VERTEX_POINT('',#5667);
#1688=VERTEX_POINT('',#5669);
#1689=VERTEX_POINT('',#5671);
#1690=VERTEX_POINT('',#5673);
#1691=VERTEX_POINT('',#5675);
#1692=VERTEX_POINT('',#5677);
#1693=VERTEX_POINT('',#5679);
#1694=VERTEX_POINT('',#5681);
#1695=VERTEX_POINT('',#5683);
#1696=VERTEX_POINT('',#5685);
#1697=VERTEX_POINT('',#5689);
#1698=VERTEX_POINT('',#5693);
#1699=VERTEX_POINT('',#5697);
#1700=VERTEX_POINT('',#5699);
#1701=VERTEX_POINT('',#5703);
#1702=VERTEX_POINT('',#5705);
#1703=VERTEX_POINT('',#5709);
#1704=VERTEX_POINT('',#5711);
#1705=VERTEX_POINT('',#5714);
#1706=VERTEX_POINT('',#5716);
#1707=VERTEX_POINT('',#5718);
#1708=VERTEX_POINT('',#5721);
#1709=VERTEX_POINT('',#5723);
#1710=VERTEX_POINT('',#5725);
#1711=VERTEX_POINT('',#5729);
#1712=VERTEX_POINT('',#5730);
#1713=VERTEX_POINT('',#5732);
#1714=VERTEX_POINT('',#5734);
#1715=VERTEX_POINT('',#5738);
#1716=VERTEX_POINT('',#5740);
#1717=VERTEX_POINT('',#5742);
#1718=VERTEX_POINT('',#5744);
#1719=VERTEX_POINT('',#5751);
#1720=VERTEX_POINT('',#5753);
#1721=VERTEX_POINT('',#5757);
#1722=VERTEX_POINT('',#5759);
#1723=VERTEX_POINT('',#5763);
#1724=VERTEX_POINT('',#5767);
#1725=VERTEX_POINT('',#5771);
#1726=VERTEX_POINT('',#5775);
#1727=VERTEX_POINT('',#5779);
#1728=VERTEX_POINT('',#5783);
#1729=VERTEX_POINT('',#5787);
#1730=VERTEX_POINT('',#5791);
#1731=VERTEX_POINT('',#5795);
#1732=VERTEX_POINT('',#5799);
#1733=VERTEX_POINT('',#5803);
#1734=VERTEX_POINT('',#5807);
#1735=VERTEX_POINT('',#5811);
#1736=VERTEX_POINT('',#5817);
#1737=VERTEX_POINT('',#5818);
#1738=VERTEX_POINT('',#5826);
#1739=VERTEX_POINT('',#5828);
#1740=VERTEX_POINT('',#5830);
#1741=VERTEX_POINT('',#5832);
#1742=VERTEX_POINT('',#5836);
#1743=VERTEX_POINT('',#5840);
#1744=VERTEX_POINT('',#5842);
#1745=VERTEX_POINT('',#5849);
#1746=VERTEX_POINT('',#5850);
#1747=VERTEX_POINT('',#5852);
#1748=VERTEX_POINT('',#5854);
#1749=VERTEX_POINT('',#5858);
#1750=VERTEX_POINT('',#5860);
#1751=VERTEX_POINT('',#5912);
#1752=VERTEX_POINT('',#5918);
#1753=VERTEX_POINT('',#5922);
#1754=VERTEX_POINT('',#5924);
#1755=VERTEX_POINT('',#5928);
#1756=VERTEX_POINT('',#5932);
#1757=VERTEX_POINT('',#5936);
#1758=VERTEX_POINT('',#5940);
#1759=VERTEX_POINT('',#5944);
#1760=VERTEX_POINT('',#5948);
#1761=VERTEX_POINT('',#5949);
#1762=VERTEX_POINT('',#5954);
#1763=VERTEX_POINT('',#5958);
#1764=VERTEX_POINT('',#5962);
#1765=VERTEX_POINT('',#5968);
#1766=VERTEX_POINT('',#5972);
#1767=VERTEX_POINT('',#5976);
#1768=VERTEX_POINT('',#5981);
#1769=VERTEX_POINT('',#5982);
#1770=VERTEX_POINT('',#5984);
#1771=VERTEX_POINT('',#5986);
#1772=VERTEX_POINT('',#5988);
#1773=VERTEX_POINT('',#5990);
#1774=VERTEX_POINT('',#5992);
#1775=VERTEX_POINT('',#5994);
#1776=VERTEX_POINT('',#5997);
#1777=VERTEX_POINT('',#5998);
#1778=VERTEX_POINT('',#6000);
#1779=VERTEX_POINT('',#6002);
#1780=VERTEX_POINT('',#6004);
#1781=VERTEX_POINT('',#6006);
#1782=VERTEX_POINT('',#6008);
#1783=VERTEX_POINT('',#6010);
#1784=VERTEX_POINT('',#6013);
#1785=VERTEX_POINT('',#6014);
#1786=VERTEX_POINT('',#6016);
#1787=VERTEX_POINT('',#6018);
#1788=VERTEX_POINT('',#6020);
#1789=VERTEX_POINT('',#6022);
#1790=VERTEX_POINT('',#6024);
#1791=VERTEX_POINT('',#6026);
#1792=VERTEX_POINT('',#6029);
#1793=VERTEX_POINT('',#6030);
#1794=VERTEX_POINT('',#6032);
#1795=VERTEX_POINT('',#6034);
#1796=VERTEX_POINT('',#6036);
#1797=VERTEX_POINT('',#6038);
#1798=VERTEX_POINT('',#6040);
#1799=VERTEX_POINT('',#6042);
#1800=VERTEX_POINT('',#6189);
#1801=VERTEX_POINT('',#6190);
#1802=VERTEX_POINT('',#6205);
#1803=VERTEX_POINT('',#6206);
#1804=VERTEX_POINT('',#6209);
#1805=VERTEX_POINT('',#6292);
#1806=VERTEX_POINT('',#6293);
#1807=VERTEX_POINT('',#6330);
#1808=VERTEX_POINT('',#6343);
#1809=VERTEX_POINT('',#6346);
#1810=VERTEX_POINT('',#6396);
#1811=VERTEX_POINT('',#6397);
#1812=VERTEX_POINT('',#6425);
#1813=VERTEX_POINT('',#6440);
#1814=VERTEX_POINT('',#6450);
#1815=VERTEX_POINT('',#6495);
#1816=VERTEX_POINT('',#6496);
#1817=VERTEX_POINT('',#6514);
#1818=VERTEX_POINT('',#6515);
#1819=VERTEX_POINT('',#6565);
#1820=VERTEX_POINT('',#6568);
#1821=VERTEX_POINT('',#6569);
#1822=VERTEX_POINT('',#6575);
#1823=VERTEX_POINT('',#6586);
#1824=VERTEX_POINT('',#6591);
#1825=VERTEX_POINT('',#6596);
#1826=VERTEX_POINT('',#6601);
#1827=EDGE_CURVE('',#1473,#1474,#1339,.T.);
#1828=EDGE_CURVE('',#1474,#1475,#581,.T.);
#1829=EDGE_CURVE('',#1475,#1476,#1340,.T.);
#1830=EDGE_CURVE('',#1477,#1476,#1341,.T.);
#1831=EDGE_CURVE('',#1477,#1473,#582,.T.);
#1832=EDGE_CURVE('',#1478,#1474,#583,.F.);
#1833=EDGE_CURVE('',#1479,#1478,#584,.F.);
#1834=EDGE_CURVE('',#1479,#1475,#585,.T.);
#1835=EDGE_CURVE('',#1473,#1480,#586,.T.);
#1836=EDGE_CURVE('',#1480,#1481,#587,.T.);
#1837=EDGE_CURVE('',#1481,#1482,#1342,.T.);
#1838=EDGE_CURVE('',#1482,#1483,#588,.T.);
#1839=EDGE_CURVE('',#1483,#1484,#1343,.T.);
#1840=EDGE_CURVE('',#1484,#1485,#589,.T.);
#1841=EDGE_CURVE('',#1485,#1486,#1344,.T.);
#1842=EDGE_CURVE('',#1486,#1487,#590,.T.);
#1843=EDGE_CURVE('',#1487,#1488,#1345,.T.);
#1844=EDGE_CURVE('',#1488,#1489,#591,.T.);
#1845=EDGE_CURVE('',#1489,#1490,#592,.T.);
#1846=EDGE_CURVE('',#1491,#1490,#1346,.T.);
#1847=EDGE_CURVE('',#1491,#1492,#593,.F.);
#1848=EDGE_CURVE('',#1492,#1493,#594,.F.);
#1849=EDGE_CURVE('',#1493,#1494,#595,.F.);
#1850=EDGE_CURVE('',#1495,#1494,#1347,.T.);
#1851=EDGE_CURVE('',#1495,#1496,#596,.T.);
#1852=EDGE_CURVE('',#1496,#1497,#1348,.T.);
#1853=EDGE_CURVE('',#1497,#1498,#597,.T.);
#1854=EDGE_CURVE('',#1498,#1499,#1349,.T.);
#1855=EDGE_CURVE('',#1499,#1500,#598,.T.);
#1856=EDGE_CURVE('',#1501,#1500,#1350,.T.);
#1857=EDGE_CURVE('',#1501,#1502,#599,.F.);
#1858=EDGE_CURVE('',#1502,#1478,#600,.F.);
#1859=EDGE_CURVE('',#1477,#1503,#601,.T.);
#1860=EDGE_CURVE('',#1504,#1503,#602,.T.);
#1861=EDGE_CURVE('',#1505,#1504,#603,.T.);
#1862=EDGE_CURVE('',#1480,#1505,#604,.T.);
#1863=EDGE_CURVE('',#1506,#1507,#1351,.T.);
#1864=EDGE_CURVE('',#1507,#1491,#605,.T.);
#1865=EDGE_CURVE('',#1490,#1508,#606,.T.);
#1866=EDGE_CURVE('',#1508,#1506,#1352,.F.);
#1867=EDGE_CURVE('',#1509,#1479,#607,.T.);
#1868=EDGE_CURVE('',#1510,#1509,#608,.T.);
#1869=EDGE_CURVE('',#1511,#1510,#1353,.T.);
#1870=EDGE_CURVE('',#1512,#1511,#609,.T.);
#1871=EDGE_CURVE('',#1513,#1512,#1354,.T.);
#1872=EDGE_CURVE('',#1514,#1513,#610,.T.);
#1873=EDGE_CURVE('',#1515,#1514,#1355,.T.);
#1874=EDGE_CURVE('',#1516,#1515,#611,.T.);
#1875=EDGE_CURVE('',#1517,#1516,#1356,.T.);
#1876=EDGE_CURVE('',#1518,#1517,#612,.T.);
#1877=EDGE_CURVE('',#1519,#1518,#613,.T.);
#1878=EDGE_CURVE('',#1507,#1519,#614,.T.);
#1879=EDGE_CURVE('',#1520,#1506,#615,.T.);
#1880=EDGE_CURVE('',#1521,#1520,#1357,.T.);
#1881=EDGE_CURVE('',#1522,#1521,#616,.T.);
#1882=EDGE_CURVE('',#1523,#1522,#1358,.T.);
#1883=EDGE_CURVE('',#1524,#1523,#617,.T.);
#1884=EDGE_CURVE('',#1525,#1524,#1359,.T.);
#1885=EDGE_CURVE('',#1526,#1525,#618,.T.);
#1886=EDGE_CURVE('',#1527,#1526,#1360,.T.);
#1887=EDGE_CURVE('',#1476,#1527,#619,.T.);
#1888=EDGE_CURVE('',#1528,#1529,#620,.T.);
#1889=EDGE_CURVE('',#1530,#1529,#621,.T.);
#1890=EDGE_CURVE('',#1531,#1530,#622,.T.);
#1891=EDGE_CURVE('',#1531,#1528,#623,.T.);
#1892=EDGE_CURVE('',#1530,#1532,#624,.T.);
#1893=EDGE_CURVE('',#1533,#1532,#625,.T.);
#1894=EDGE_CURVE('',#1531,#1533,#626,.T.);
#1895=EDGE_CURVE('',#1494,#1517,#627,.T.);
#1896=EDGE_CURVE('',#1516,#1495,#628,.T.);
#1897=EDGE_CURVE('',#1515,#1496,#629,.T.);
#1898=EDGE_CURVE('',#1500,#1511,#630,.T.);
#1899=EDGE_CURVE('',#1510,#1501,#631,.T.);
#1900=EDGE_CURVE('',#1509,#1502,#632,.T.);
#1901=EDGE_CURVE('',#1534,#1535,#1361,.T.);
#1902=EDGE_CURVE('',#1534,#1536,#633,.T.);
#1903=EDGE_CURVE('',#1536,#1537,#1362,.T.);
#1904=EDGE_CURVE('',#1537,#1535,#634,.T.);
#1905=EDGE_CURVE('',#1535,#1538,#635,.T.);
#1906=EDGE_CURVE('',#1538,#1503,#1363,.T.);
#1907=EDGE_CURVE('',#1506,#1476,#636,.T.);
#1908=EDGE_CURVE('',#1508,#1534,#637,.T.);
#1909=EDGE_CURVE('',#1539,#1537,#638,.T.);
#1910=EDGE_CURVE('',#1538,#1539,#639,.T.);
#1911=EDGE_CURVE('',#1539,#1504,#1364,.T.);
#1912=EDGE_CURVE('',#1540,#1489,#640,.T.);
#1913=EDGE_CURVE('',#1536,#1540,#641,.T.);
#1914=EDGE_CURVE('',#1541,#1542,#1365,.T.);
#1915=EDGE_CURVE('',#1542,#1543,#642,.T.);
#1916=EDGE_CURVE('',#1543,#1544,#1366,.T.);
#1917=EDGE_CURVE('',#1544,#1545,#643,.T.);
#1918=EDGE_CURVE('',#1545,#1546,#1367,.T.);
#1919=EDGE_CURVE('',#1546,#1547,#644,.T.);
#1920=EDGE_CURVE('',#1547,#1548,#1368,.T.);
#1921=EDGE_CURVE('',#1548,#1541,#645,.T.);
#1922=EDGE_CURVE('',#1549,#1550,#646,.T.);
#1923=EDGE_CURVE('',#1550,#1551,#1369,.T.);
#1924=EDGE_CURVE('',#1551,#1552,#647,.T.);
#1925=EDGE_CURVE('',#1552,#1553,#1370,.T.);
#1926=EDGE_CURVE('',#1553,#1554,#648,.T.);
#1927=EDGE_CURVE('',#1554,#1555,#1371,.T.);
#1928=EDGE_CURVE('',#1555,#1556,#649,.T.);
#1929=EDGE_CURVE('',#1556,#1549,#1372,.T.);
#1930=EDGE_CURVE('',#1557,#1558,#650,.T.);
#1931=EDGE_CURVE('',#1558,#1559,#1373,.T.);
#1932=EDGE_CURVE('',#1559,#1560,#651,.T.);
#1933=EDGE_CURVE('',#1560,#1561,#1374,.T.);
#1934=EDGE_CURVE('',#1561,#1562,#652,.T.);
#1935=EDGE_CURVE('',#1562,#1563,#1375,.T.);
#1936=EDGE_CURVE('',#1563,#1564,#653,.T.);
#1937=EDGE_CURVE('',#1564,#1557,#1376,.T.);
#1938=EDGE_CURVE('',#1565,#1566,#654,.T.);
#1939=EDGE_CURVE('',#1566,#1567,#1377,.T.);
#1940=EDGE_CURVE('',#1567,#1568,#655,.T.);
#1941=EDGE_CURVE('',#1568,#1569,#1378,.T.);
#1942=EDGE_CURVE('',#1569,#1570,#656,.T.);
#1943=EDGE_CURVE('',#1570,#1571,#1379,.T.);
#1944=EDGE_CURVE('',#1571,#1572,#657,.T.);
#1945=EDGE_CURVE('',#1572,#1565,#1380,.T.);
#1946=EDGE_CURVE('',#1540,#1573,#658,.T.);
#1947=EDGE_CURVE('',#1573,#1574,#1381,.T.);
#1948=EDGE_CURVE('',#1574,#1575,#659,.T.);
#1949=EDGE_CURVE('',#1575,#1576,#1382,.T.);
#1950=EDGE_CURVE('',#1576,#1577,#660,.T.);
#1951=EDGE_CURVE('',#1577,#1578,#1383,.T.);
#1952=EDGE_CURVE('',#1578,#1579,#661,.T.);
#1953=EDGE_CURVE('',#1579,#1580,#1384,.T.);
#1954=EDGE_CURVE('',#1580,#1505,#662,.T.);
#1955=EDGE_CURVE('',#1519,#1492,#663,.T.);
#1956=EDGE_CURVE('',#1573,#1488,#664,.T.);
#1957=EDGE_CURVE('',#1581,#1582,#665,.T.);
#1958=EDGE_CURVE('',#1583,#1581,#666,.T.);
#1959=EDGE_CURVE('',#1583,#1584,#667,.T.);
#1960=EDGE_CURVE('',#1582,#1584,#668,.T.);
#1961=EDGE_CURVE('',#1585,#1586,#669,.T.);
#1962=EDGE_CURVE('',#1585,#1587,#670,.T.);
#1963=EDGE_CURVE('',#1587,#1588,#671,.T.);
#1964=EDGE_CURVE('',#1586,#1588,#672,.T.);
#1965=EDGE_CURVE('',#1582,#1585,#673,.T.);
#1966=EDGE_CURVE('',#1584,#1587,#674,.T.);
#1967=EDGE_CURVE('',#1588,#1583,#675,.T.);
#1968=EDGE_CURVE('',#1589,#1529,#676,.T.);
#1969=EDGE_CURVE('',#1590,#1589,#1385,.T.);
#1970=EDGE_CURVE('',#1591,#1590,#677,.T.);
#1971=EDGE_CURVE('',#1592,#1591,#678,.T.);
#1972=EDGE_CURVE('',#1593,#1592,#679,.T.);
#1973=EDGE_CURVE('',#1532,#1593,#1386,.T.);
#1974=EDGE_CURVE('',#1533,#1594,#1387,.T.);
#1975=EDGE_CURVE('',#1594,#1593,#680,.T.);
#1976=EDGE_CURVE('',#1595,#1596,#681,.T.);
#1977=EDGE_CURVE('',#1595,#1592,#682,.T.);
#1978=EDGE_CURVE('',#1596,#1591,#683,.T.);
#1979=EDGE_CURVE('',#1594,#1595,#684,.T.);
#1980=EDGE_CURVE('',#1597,#1598,#685,.T.);
#1981=EDGE_CURVE('',#1597,#1599,#686,.T.);
#1982=EDGE_CURVE('',#1599,#1600,#687,.T.);
#1983=EDGE_CURVE('',#1598,#1600,#688,.T.);
#1984=EDGE_CURVE('',#1601,#1597,#1388,.T.);
#1985=EDGE_CURVE('',#1601,#1602,#689,.T.);
#1986=EDGE_CURVE('',#1602,#1599,#1389,.T.);
#1987=EDGE_CURVE('',#1603,#1601,#690,.T.);
#1988=EDGE_CURVE('',#1603,#1604,#691,.T.);
#1989=EDGE_CURVE('',#1604,#1602,#692,.T.);
#1990=EDGE_CURVE('',#1605,#1603,#693,.T.);
#1991=EDGE_CURVE('',#1606,#1605,#694,.T.);
#1992=EDGE_CURVE('',#1606,#1604,#695,.T.);
#1993=EDGE_CURVE('',#1607,#1608,#696,.T.);
#1994=EDGE_CURVE('',#1600,#1607,#697,.T.);
#1995=EDGE_CURVE('',#1609,#1606,#698,.T.);
#1996=EDGE_CURVE('',#1608,#1609,#1390,.T.);
#1997=EDGE_CURVE('',#1610,#1611,#699,.T.);
#1998=EDGE_CURVE('',#1612,#1610,#700,.T.);
#1999=EDGE_CURVE('',#1612,#1613,#701,.T.);
#2000=EDGE_CURVE('',#1611,#1613,#702,.T.);
#2001=EDGE_CURVE('',#1614,#1615,#703,.T.);
#2002=EDGE_CURVE('',#1614,#1616,#704,.T.);
#2003=EDGE_CURVE('',#1616,#1617,#705,.T.);
#2004=EDGE_CURVE('',#1615,#1617,#706,.T.);
#2005=EDGE_CURVE('',#1611,#1614,#707,.T.);
#2006=EDGE_CURVE('',#1613,#1616,#708,.T.);
#2007=EDGE_CURVE('',#1617,#1612,#709,.T.);
#2008=EDGE_CURVE('',#1618,#1619,#710,.T.);
#2009=EDGE_CURVE('',#1618,#1620,#711,.T.);
#2010=EDGE_CURVE('',#1620,#1621,#712,.T.);
#2011=EDGE_CURVE('',#1619,#1621,#713,.T.);
#2012=EDGE_CURVE('',#1622,#1618,#714,.T.);
#2013=EDGE_CURVE('',#1622,#1623,#715,.T.);
#2014=EDGE_CURVE('',#1623,#1620,#716,.T.);
#2015=EDGE_CURVE('',#1624,#1622,#1391,.T.);
#2016=EDGE_CURVE('',#1624,#1625,#717,.T.);
#2017=EDGE_CURVE('',#1625,#1623,#1392,.T.);
#2018=EDGE_CURVE('',#1626,#1624,#718,.T.);
#2019=EDGE_CURVE('',#1626,#1627,#719,.T.);
#2020=EDGE_CURVE('',#1627,#1625,#720,.T.);
#2021=EDGE_CURVE('',#1628,#1626,#1393,.T.);
#2022=EDGE_CURVE('',#1628,#1629,#721,.T.);
#2023=EDGE_CURVE('',#1629,#1627,#1394,.T.);
#2024=EDGE_CURVE('',#1630,#1628,#722,.T.);
#2025=EDGE_CURVE('',#1631,#1630,#723,.T.);
#2026=EDGE_CURVE('',#1631,#1629,#724,.T.);
#2027=EDGE_CURVE('',#1632,#1633,#725,.T.);
#2028=EDGE_CURVE('',#1634,#1632,#1395,.T.);
#2029=EDGE_CURVE('',#1621,#1634,#726,.T.);
#2030=EDGE_CURVE('',#1635,#1631,#727,.T.);
#2031=EDGE_CURVE('',#1636,#1635,#728,.T.);
#2032=EDGE_CURVE('',#1633,#1636,#1396,.T.);
#2033=EDGE_CURVE('',#1637,#1638,#729,.T.);
#2034=EDGE_CURVE('',#1639,#1637,#730,.T.);
#2035=EDGE_CURVE('',#1639,#1640,#731,.T.);
#2036=EDGE_CURVE('',#1638,#1640,#732,.T.);
#2037=EDGE_CURVE('',#1640,#1641,#733,.T.);
#2038=EDGE_CURVE('',#1642,#1639,#734,.T.);
#2039=EDGE_CURVE('',#1641,#1642,#735,.T.);
#2040=EDGE_CURVE('',#1589,#1643,#736,.T.);
#2041=EDGE_CURVE('',#1643,#1644,#1397,.T.);
#2042=EDGE_CURVE('',#1590,#1644,#737,.T.);
#2043=EDGE_CURVE('',#1645,#1646,#738,.T.);
#2044=EDGE_CURVE('',#1647,#1645,#739,.T.);
#2045=EDGE_CURVE('',#1648,#1647,#740,.T.);
#2046=EDGE_CURVE('',#1648,#1646,#741,.T.);
#2047=EDGE_CURVE('',#1649,#1650,#742,.T.);
#2048=EDGE_CURVE('',#1647,#1649,#743,.T.);
#2049=EDGE_CURVE('',#1645,#1650,#744,.T.);
#2050=EDGE_CURVE('',#1651,#1652,#745,.T.);
#2051=EDGE_CURVE('',#1649,#1651,#1398,.T.);
#2052=EDGE_CURVE('',#1650,#1652,#1399,.T.);
#2053=EDGE_CURVE('',#1598,#1653,#746,.T.);
#2054=EDGE_CURVE('',#1653,#1654,#747,.T.);
#2055=EDGE_CURVE('',#1654,#1655,#1400,.T.);
#2056=EDGE_CURVE('',#1655,#1656,#748,.T.);
#2057=EDGE_CURVE('',#1656,#1657,#749,.T.);
#2058=EDGE_CURVE('',#1657,#1605,#750,.T.);
#2059=EDGE_CURVE('',#1658,#1607,#751,.T.);
#2060=EDGE_CURVE('',#1659,#1658,#752,.T.);
#2061=EDGE_CURVE('',#1653,#1659,#753,.T.);
#2062=EDGE_CURVE('',#1660,#1581,#754,.T.);
#2063=EDGE_CURVE('',#1660,#1661,#1401,.T.);
#2064=EDGE_CURVE('',#1661,#1662,#755,.T.);
#2065=EDGE_CURVE('',#1662,#1663,#1402,.T.);
#2066=EDGE_CURVE('',#1663,#1664,#756,.T.);
#2067=EDGE_CURVE('',#1664,#1665,#1403,.T.);
#2068=EDGE_CURVE('',#1665,#1666,#757,.T.);
#2069=EDGE_CURVE('',#1666,#1667,#1404,.T.);
#2070=EDGE_CURVE('',#1615,#1667,#758,.T.);
#2071=EDGE_CURVE('',#1668,#1610,#759,.T.);
#2072=EDGE_CURVE('',#1668,#1669,#1405,.T.);
#2073=EDGE_CURVE('',#1669,#1670,#760,.T.);
#2074=EDGE_CURVE('',#1670,#1671,#1406,.T.);
#2075=EDGE_CURVE('',#1596,#1671,#761,.T.);
#2076=EDGE_CURVE('',#1644,#1672,#762,.T.);
#2077=EDGE_CURVE('',#1609,#1672,#763,.T.);
#2078=EDGE_CURVE('',#1657,#1673,#1407,.T.);
#2079=EDGE_CURVE('',#1586,#1673,#764,.T.);
#2080=EDGE_CURVE('',#1619,#1674,#765,.T.);
#2081=EDGE_CURVE('',#1674,#1675,#766,.T.);
#2082=EDGE_CURVE('',#1675,#1676,#767,.T.);
#2083=EDGE_CURVE('',#1676,#1677,#1408,.T.);
#2084=EDGE_CURVE('',#1677,#1678,#768,.T.);
#2085=EDGE_CURVE('',#1678,#1679,#1409,.T.);
#2086=EDGE_CURVE('',#1679,#1680,#769,.T.);
#2087=EDGE_CURVE('',#1680,#1630,#770,.T.);
#2088=EDGE_CURVE('',#1634,#1681,#771,.T.);
#2089=EDGE_CURVE('',#1681,#1682,#772,.T.);
#2090=EDGE_CURVE('',#1682,#1683,#773,.T.);
#2091=EDGE_CURVE('',#1683,#1684,#774,.T.);
#2092=EDGE_CURVE('',#1684,#1685,#1410,.T.);
#2093=EDGE_CURVE('',#1685,#1686,#775,.T.);
#2094=EDGE_CURVE('',#1686,#1687,#1411,.T.);
#2095=EDGE_CURVE('',#1687,#1688,#776,.T.);
#2096=EDGE_CURVE('',#1688,#1689,#777,.T.);
#2097=EDGE_CURVE('',#1689,#1690,#778,.T.);
#2098=EDGE_CURVE('',#1690,#1691,#779,.T.);
#2099=EDGE_CURVE('',#1691,#1692,#780,.T.);
#2100=EDGE_CURVE('',#1692,#1693,#1412,.T.);
#2101=EDGE_CURVE('',#1693,#1694,#781,.T.);
#2102=EDGE_CURVE('',#1694,#1695,#1413,.T.);
#2103=EDGE_CURVE('',#1695,#1696,#782,.T.);
#2104=EDGE_CURVE('',#1696,#1674,#783,.T.);
#2105=EDGE_CURVE('',#1632,#1697,#784,.T.);
#2106=EDGE_CURVE('',#1697,#1681,#1414,.T.);
#2107=EDGE_CURVE('',#1633,#1698,#785,.T.);
#2108=EDGE_CURVE('',#1698,#1697,#786,.T.);
#2109=EDGE_CURVE('',#1638,#1699,#787,.T.);
#2110=EDGE_CURVE('',#1699,#1700,#788,.T.);
#2111=EDGE_CURVE('',#1700,#1637,#789,.T.);
#2112=EDGE_CURVE('',#1701,#1641,#790,.T.);
#2113=EDGE_CURVE('',#1702,#1701,#791,.T.);
#2114=EDGE_CURVE('',#1699,#1702,#792,.T.);
#2115=EDGE_CURVE('',#1608,#1703,#793,.T.);
#2116=EDGE_CURVE('',#1703,#1704,#794,.T.);
#2117=EDGE_CURVE('',#1636,#1704,#795,.T.);
#2118=EDGE_CURVE('',#1635,#1705,#796,.T.);
#2119=EDGE_CURVE('',#1705,#1706,#1415,.T.);
#2120=EDGE_CURVE('',#1706,#1707,#797,.T.);
#2121=EDGE_CURVE('',#1707,#1701,#1416,.T.);
#2122=EDGE_CURVE('',#1642,#1708,#798,.T.);
#2123=EDGE_CURVE('',#1708,#1709,#1417,.T.);
#2124=EDGE_CURVE('',#1709,#1710,#799,.T.);
#2125=EDGE_CURVE('',#1710,#1658,#1418,.T.);
#2126=EDGE_CURVE('',#1711,#1712,#800,.T.);
#2127=EDGE_CURVE('',#1711,#1713,#801,.T.);
#2128=EDGE_CURVE('',#1713,#1714,#802,.T.);
#2129=EDGE_CURVE('',#1712,#1714,#803,.T.);
#2130=EDGE_CURVE('',#1712,#1715,#1419,.T.);
#2131=EDGE_CURVE('',#1714,#1716,#804,.T.);
#2132=EDGE_CURVE('',#1717,#1716,#805,.T.);
#2133=EDGE_CURVE('',#1718,#1717,#806,.T.);
#2134=EDGE_CURVE('',#1715,#1718,#807,.T.);
#2135=EDGE_CURVE('',#1682,#1716,#808,.T.);
#2136=EDGE_CURVE('',#1682,#1713,#809,.T.);
#2137=EDGE_CURVE('',#1718,#1719,#1420,.T.);
#2138=EDGE_CURVE('',#1720,#1717,#1421,.T.);
#2139=EDGE_CURVE('',#1719,#1720,#810,.T.);
#2140=EDGE_CURVE('',#1721,#1711,#1422,.T.);
#2141=EDGE_CURVE('',#1722,#1721,#811,.T.);
#2142=EDGE_CURVE('',#1722,#1683,#812,.T.);
#2143=EDGE_CURVE('',#1723,#1722,#813,.T.);
#2144=EDGE_CURVE('',#1723,#1684,#814,.T.);
#2145=EDGE_CURVE('',#1724,#1723,#1423,.T.);
#2146=EDGE_CURVE('',#1724,#1685,#815,.T.);
#2147=EDGE_CURVE('',#1725,#1724,#816,.T.);
#2148=EDGE_CURVE('',#1725,#1686,#817,.T.);
#2149=EDGE_CURVE('',#1726,#1725,#1424,.T.);
#2150=EDGE_CURVE('',#1726,#1687,#818,.T.);
#2151=EDGE_CURVE('',#1727,#1726,#819,.T.);
#2152=EDGE_CURVE('',#1727,#1688,#820,.T.);
#2153=EDGE_CURVE('',#1728,#1727,#821,.T.);
#2154=EDGE_CURVE('',#1728,#1689,#822,.T.);
#2155=EDGE_CURVE('',#1729,#1728,#823,.T.);
#2156=EDGE_CURVE('',#1729,#1690,#824,.T.);
#2157=EDGE_CURVE('',#1730,#1729,#825,.T.);
#2158=EDGE_CURVE('',#1730,#1691,#826,.T.);
#2159=EDGE_CURVE('',#1731,#1730,#827,.T.);
#2160=EDGE_CURVE('',#1731,#1692,#828,.T.);
#2161=EDGE_CURVE('',#1732,#1731,#1425,.T.);
#2162=EDGE_CURVE('',#1732,#1693,#829,.T.);
#2163=EDGE_CURVE('',#1733,#1732,#830,.T.);
#2164=EDGE_CURVE('',#1733,#1694,#831,.T.);
#2165=EDGE_CURVE('',#1734,#1733,#1426,.T.);
#2166=EDGE_CURVE('',#1734,#1695,#832,.T.);
#2167=EDGE_CURVE('',#1735,#1734,#833,.T.);
#2168=EDGE_CURVE('',#1735,#1696,#834,.T.);
#2169=EDGE_CURVE('',#1675,#1735,#835,.T.);
#2170=EDGE_CURVE('',#1736,#1737,#836,.T.);
#2171=EDGE_CURVE('',#1651,#1736,#837,.T.);
#2172=EDGE_CURVE('',#1652,#1737,#838,.T.);
#2173=EDGE_CURVE('',#1719,#1648,#839,.T.);
#2174=EDGE_CURVE('',#1646,#1720,#840,.T.);
#2175=EDGE_CURVE('',#1715,#1738,#841,.T.);
#2176=EDGE_CURVE('',#1739,#1738,#37,.T.);
#2177=EDGE_CURVE('',#1739,#1740,#842,.T.);
#2178=EDGE_CURVE('',#1741,#1740,#38,.T.);
#2179=EDGE_CURVE('',#1741,#1721,#843,.T.);
#2180=EDGE_CURVE('',#1742,#1736,#844,.T.);
#2181=EDGE_CURVE('',#1742,#1738,#845,.T.);
#2182=EDGE_CURVE('',#1671,#1743,#846,.T.);
#2183=EDGE_CURVE('',#1743,#1744,#847,.T.);
#2184=EDGE_CURVE('',#1744,#1742,#1427,.T.);
#2185=EDGE_CURVE('',#1737,#1528,#848,.T.);
#2186=EDGE_CURVE('',#1716,#1643,#849,.T.);
#2187=EDGE_CURVE('',#1745,#1746,#39,.T.);
#2188=EDGE_CURVE('',#1745,#1747,#850,.T.);
#2189=EDGE_CURVE('',#1748,#1747,#40,.T.);
#2190=EDGE_CURVE('',#1748,#1746,#851,.T.);
#2191=EDGE_CURVE('',#1749,#1739,#41,.T.);
#2192=EDGE_CURVE('',#1749,#1750,#852,.T.);
#2193=EDGE_CURVE('',#1747,#1750,#42,.T.);
#2194=EDGE_CURVE('',#1747,#1739,#853,.T.);
#2195=EDGE_CURVE('',#1751,#1745,#43,.T.);
#2196=EDGE_CURVE('',#1746,#1751,#1428,.T.);
#2197=EDGE_CURVE('',#1676,#1741,#854,.T.);
#2198=EDGE_CURVE('',#1752,#1741,#1429,.T.);
#2199=EDGE_CURVE('',#1677,#1752,#855,.T.);
#2200=EDGE_CURVE('',#1667,#1753,#856,.T.);
#2201=EDGE_CURVE('',#1754,#1666,#857,.T.);
#2202=EDGE_CURVE('',#1753,#1754,#1430,.T.);
#2203=EDGE_CURVE('',#1754,#1755,#858,.T.);
#2204=EDGE_CURVE('',#1755,#1665,#859,.T.);
#2205=EDGE_CURVE('',#1755,#1756,#1431,.T.);
#2206=EDGE_CURVE('',#1756,#1664,#860,.T.);
#2207=EDGE_CURVE('',#1756,#1757,#861,.T.);
#2208=EDGE_CURVE('',#1757,#1663,#862,.T.);
#2209=EDGE_CURVE('',#1757,#1758,#1432,.T.);
#2210=EDGE_CURVE('',#1758,#1662,#863,.T.);
#2211=EDGE_CURVE('',#1758,#1759,#864,.T.);
#2212=EDGE_CURVE('',#1759,#1661,#865,.T.);
#2213=EDGE_CURVE('',#1760,#1761,#866,.T.);
#2214=EDGE_CURVE('',#1760,#1670,#867,.T.);
#2215=EDGE_CURVE('',#1761,#1669,#868,.T.);
#2216=EDGE_CURVE('',#1659,#1762,#1433,.T.);
#2217=EDGE_CURVE('',#1762,#1710,#869,.T.);
#2218=EDGE_CURVE('',#1762,#1763,#870,.T.);
#2219=EDGE_CURVE('',#1763,#1709,#871,.T.);
#2220=EDGE_CURVE('',#1763,#1764,#1434,.T.);
#2221=EDGE_CURVE('',#1764,#1708,#872,.T.);
#2222=EDGE_CURVE('',#1764,#1700,#873,.T.);
#2223=EDGE_CURVE('',#1702,#1765,#1435,.T.);
#2224=EDGE_CURVE('',#1765,#1707,#874,.T.);
#2225=EDGE_CURVE('',#1765,#1766,#875,.T.);
#2226=EDGE_CURVE('',#1766,#1706,#876,.T.);
#2227=EDGE_CURVE('',#1766,#1767,#1436,.T.);
#2228=EDGE_CURVE('',#1767,#1705,#877,.T.);
#2229=EDGE_CURVE('',#1740,#1745,#878,.T.);
#2230=EDGE_CURVE('',#1768,#1769,#879,.T.);
#2231=EDGE_CURVE('',#1769,#1770,#1437,.T.);
#2232=EDGE_CURVE('',#1770,#1771,#880,.T.);
#2233=EDGE_CURVE('',#1771,#1772,#1438,.T.);
#2234=EDGE_CURVE('',#1772,#1773,#881,.T.);
#2235=EDGE_CURVE('',#1773,#1774,#1439,.T.);
#2236=EDGE_CURVE('',#1774,#1775,#882,.T.);
#2237=EDGE_CURVE('',#1775,#1768,#1440,.T.);
#2238=EDGE_CURVE('',#1776,#1777,#883,.T.);
#2239=EDGE_CURVE('',#1777,#1778,#1441,.T.);
#2240=EDGE_CURVE('',#1778,#1779,#884,.T.);
#2241=EDGE_CURVE('',#1779,#1780,#1442,.T.);
#2242=EDGE_CURVE('',#1780,#1781,#885,.T.);
#2243=EDGE_CURVE('',#1781,#1782,#1443,.T.);
#2244=EDGE_CURVE('',#1782,#1783,#886,.T.);
#2245=EDGE_CURVE('',#1783,#1776,#1444,.T.);
#2246=EDGE_CURVE('',#1784,#1785,#887,.T.);
#2247=EDGE_CURVE('',#1785,#1786,#1445,.T.);
#2248=EDGE_CURVE('',#1786,#1787,#888,.T.);
#2249=EDGE_CURVE('',#1787,#1788,#1446,.T.);
#2250=EDGE_CURVE('',#1788,#1789,#889,.T.);
#2251=EDGE_CURVE('',#1789,#1790,#1447,.T.);
#2252=EDGE_CURVE('',#1790,#1791,#890,.T.);
#2253=EDGE_CURVE('',#1791,#1784,#1448,.T.);
#2254=EDGE_CURVE('',#1792,#1793,#891,.T.);
#2255=EDGE_CURVE('',#1793,#1794,#1449,.T.);
#2256=EDGE_CURVE('',#1794,#1795,#892,.T.);
#2257=EDGE_CURVE('',#1795,#1796,#1450,.T.);
#2258=EDGE_CURVE('',#1796,#1797,#893,.T.);
#2259=EDGE_CURVE('',#1797,#1798,#1451,.T.);
#2260=EDGE_CURVE('',#1798,#1799,#894,.T.);
#2261=EDGE_CURVE('',#1799,#1792,#1452,.T.);
#2262=EDGE_CURVE('',#1512,#1499,#895,.T.);
#2263=EDGE_CURVE('',#1513,#1498,#896,.T.);
#2264=EDGE_CURVE('',#1514,#1497,#897,.T.);
#2265=EDGE_CURVE('',#1793,#1525,#898,.T.);
#2266=EDGE_CURVE('',#1794,#1524,#899,.T.);
#2267=EDGE_CURVE('',#1795,#1523,#900,.T.);
#2268=EDGE_CURVE('',#1796,#1522,#901,.T.);
#2269=EDGE_CURVE('',#1797,#1521,#902,.T.);
#2270=EDGE_CURVE('',#1798,#1520,#903,.T.);
#2271=EDGE_CURVE('',#1799,#1527,#904,.T.);
#2272=EDGE_CURVE('',#1792,#1526,#905,.T.);
#2273=EDGE_CURVE('',#1785,#1549,#906,.T.);
#2274=EDGE_CURVE('',#1786,#1556,#907,.T.);
#2275=EDGE_CURVE('',#1787,#1555,#908,.T.);
#2276=EDGE_CURVE('',#1788,#1554,#909,.T.);
#2277=EDGE_CURVE('',#1789,#1553,#910,.T.);
#2278=EDGE_CURVE('',#1790,#1552,#911,.T.);
#2279=EDGE_CURVE('',#1791,#1551,#912,.T.);
#2280=EDGE_CURVE('',#1784,#1550,#913,.T.);
#2281=EDGE_CURVE('',#1777,#1557,#914,.T.);
#2282=EDGE_CURVE('',#1778,#1564,#915,.T.);
#2283=EDGE_CURVE('',#1779,#1563,#916,.T.);
#2284=EDGE_CURVE('',#1780,#1562,#917,.T.);
#2285=EDGE_CURVE('',#1781,#1561,#918,.T.);
#2286=EDGE_CURVE('',#1782,#1560,#919,.T.);
#2287=EDGE_CURVE('',#1783,#1559,#920,.T.);
#2288=EDGE_CURVE('',#1776,#1558,#921,.T.);
#2289=EDGE_CURVE('',#1769,#1565,#922,.T.);
#2290=EDGE_CURVE('',#1770,#1572,#923,.T.);
#2291=EDGE_CURVE('',#1771,#1571,#924,.T.);
#2292=EDGE_CURVE('',#1772,#1570,#925,.T.);
#2293=EDGE_CURVE('',#1773,#1569,#926,.T.);
#2294=EDGE_CURVE('',#1774,#1568,#927,.T.);
#2295=EDGE_CURVE('',#1775,#1567,#928,.T.);
#2296=EDGE_CURVE('',#1768,#1566,#929,.T.);
#2297=EDGE_CURVE('',#1750,#1748,#1453,.T.);
#2298=EDGE_CURVE('',#1800,#1801,#15,.T.);
#2299=EDGE_CURVE('',#1703,#1801,#44,.T.);
#2300=EDGE_CURVE('',#1672,#1703,#1454,.T.);
#2301=EDGE_CURVE('',#1800,#1672,#45,.T.);
#2302=EDGE_CURVE('',#1802,#1803,#930,.T.);
#2303=EDGE_CURVE('',#1802,#1803,#1455,.T.);
#2304=EDGE_CURVE('',#1804,#1804,#1456,.T.);
#2305=EDGE_CURVE('',#1546,#1802,#16,.T.);
#2306=EDGE_CURVE('',#1801,#1545,#17,.T.);
#2307=EDGE_CURVE('',#1803,#1800,#18,.T.);
#2308=EDGE_CURVE('',#1738,#1749,#1457,.T.);
#2309=EDGE_CURVE('',#1805,#1806,#931,.T.);
#2310=EDGE_CURVE('',#1806,#1547,#19,.T.);
#2311=EDGE_CURVE('',#1644,#1805,#46,.T.);
#2312=EDGE_CURVE('',#1807,#1805,#20,.T.);
#2313=EDGE_CURVE('',#1807,#1643,#47,.T.);
#2314=EDGE_CURVE('',#1808,#1807,#932,.T.);
#2315=EDGE_CURVE('',#1808,#1806,#1458,.T.);
#2316=EDGE_CURVE('',#1809,#1809,#1459,.T.);
#2317=EDGE_CURVE('',#1548,#1808,#21,.T.);
#2318=EDGE_CURVE('',#1740,#1752,#48,.T.);
#2319=EDGE_CURVE('',#1751,#1752,#933,.T.);
#2320=EDGE_CURVE('',#1810,#1811,#22,.T.);
#2321=EDGE_CURVE('',#1698,#1811,#49,.T.);
#2322=EDGE_CURVE('',#1704,#1698,#1460,.T.);
#2323=EDGE_CURVE('',#1810,#1704,#50,.T.);
#2324=EDGE_CURVE('',#1544,#1810,#23,.T.);
#2325=EDGE_CURVE('',#1812,#1543,#24,.T.);
#2326=EDGE_CURVE('',#1813,#1812,#1461,.T.);
#2327=EDGE_CURVE('',#1811,#1813,#25,.T.);
#2328=EDGE_CURVE('',#1813,#1812,#934,.T.);
#2329=EDGE_CURVE('',#1814,#1814,#1462,.T.);
#2330=EDGE_CURVE('',#1815,#1816,#935,.T.);
#2331=EDGE_CURVE('',#1816,#1697,#51,.T.);
#2332=EDGE_CURVE('',#1542,#1815,#26,.T.);
#2333=EDGE_CURVE('',#1817,#1818,#936,.T.);
#2334=EDGE_CURVE('',#1818,#1541,#27,.T.);
#2335=EDGE_CURVE('',#1681,#1817,#52,.T.);
#2336=EDGE_CURVE('',#1816,#1817,#28,.T.);
#2337=EDGE_CURVE('',#1815,#1818,#1463,.T.);
#2338=EDGE_CURVE('',#1819,#1819,#1464,.T.);
#2339=EDGE_CURVE('',#1820,#1821,#937,.T.);
#2340=EDGE_CURVE('',#1820,#1656,#1465,.T.);
#2341=EDGE_CURVE('',#1655,#1750,#938,.T.);
#2342=EDGE_CURVE('',#1744,#1749,#939,.T.);
#2343=EDGE_CURVE('',#1743,#1760,#1466,.T.);
#2344=EDGE_CURVE('',#1761,#1822,#1467,.T.);
#2345=EDGE_CURVE('',#1753,#1822,#940,.T.);
#2346=EDGE_CURVE('',#1759,#1821,#1468,.T.);
#2347=EDGE_CURVE('',#1673,#1820,#941,.T.);
#2348=EDGE_CURVE('',#1654,#1748,#942,.T.);
#2349=EDGE_CURVE('',#1823,#1823,#1469,.T.);
#2350=EDGE_CURVE('',#1804,#1823,#943,.T.);
#2351=EDGE_CURVE('',#1824,#1824,#1470,.T.);
#2352=EDGE_CURVE('',#1814,#1824,#944,.T.);
#2353=EDGE_CURVE('',#1825,#1825,#1471,.T.);
#2354=EDGE_CURVE('',#1809,#1825,#945,.T.);
#2355=EDGE_CURVE('',#1826,#1826,#1472,.T.);
#2356=EDGE_CURVE('',#1819,#1826,#946,.T.);
#2357=EDGE_CURVE('',#1575,#1486,#947,.T.);
#2358=EDGE_CURVE('',#1576,#1485,#948,.T.);
#2359=EDGE_CURVE('',#1574,#1487,#949,.T.);
#2360=EDGE_CURVE('',#1580,#1481,#950,.T.);
#2361=EDGE_CURVE('',#1579,#1482,#951,.T.);
#2362=EDGE_CURVE('',#1578,#1483,#952,.T.);
#2363=EDGE_CURVE('',#1577,#1484,#953,.T.);
#2364=EDGE_CURVE('',#1518,#1493,#954,.T.);
#2365=EDGE_CURVE('',#1678,#1751,#955,.T.);
#2366=EDGE_CURVE('',#1679,#1746,#956,.T.);
#2367=EDGE_CURVE('',#1767,#1680,#957,.T.);
#2368=EDGE_CURVE('',#1822,#1668,#958,.T.);
#2369=EDGE_CURVE('',#1821,#1660,#959,.T.);
#2370=ORIENTED_EDGE('',*,*,#1827,.T.);
#2371=ORIENTED_EDGE('',*,*,#1828,.T.);
#2372=ORIENTED_EDGE('',*,*,#1829,.T.);
#2373=ORIENTED_EDGE('',*,*,#1830,.F.);
#2374=ORIENTED_EDGE('',*,*,#1831,.T.);
#2375=ORIENTED_EDGE('',*,*,#1828,.F.);
#2376=ORIENTED_EDGE('',*,*,#1832,.F.);
#2377=ORIENTED_EDGE('',*,*,#1833,.F.);
#2378=ORIENTED_EDGE('',*,*,#1834,.T.);
#2379=ORIENTED_EDGE('',*,*,#1827,.F.);
#2380=ORIENTED_EDGE('',*,*,#1835,.T.);
#2381=ORIENTED_EDGE('',*,*,#1836,.T.);
#2382=ORIENTED_EDGE('',*,*,#1837,.T.);
#2383=ORIENTED_EDGE('',*,*,#1838,.T.);
#2384=ORIENTED_EDGE('',*,*,#1839,.T.);
#2385=ORIENTED_EDGE('',*,*,#1840,.T.);
#2386=ORIENTED_EDGE('',*,*,#1841,.T.);
#2387=ORIENTED_EDGE('',*,*,#1842,.T.);
#2388=ORIENTED_EDGE('',*,*,#1843,.T.);
#2389=ORIENTED_EDGE('',*,*,#1844,.T.);
#2390=ORIENTED_EDGE('',*,*,#1845,.T.);
#2391=ORIENTED_EDGE('',*,*,#1846,.F.);
#2392=ORIENTED_EDGE('',*,*,#1847,.T.);
#2393=ORIENTED_EDGE('',*,*,#1848,.T.);
#2394=ORIENTED_EDGE('',*,*,#1849,.T.);
#2395=ORIENTED_EDGE('',*,*,#1850,.F.);
#2396=ORIENTED_EDGE('',*,*,#1851,.T.);
#2397=ORIENTED_EDGE('',*,*,#1852,.T.);
#2398=ORIENTED_EDGE('',*,*,#1853,.T.);
#2399=ORIENTED_EDGE('',*,*,#1854,.T.);
#2400=ORIENTED_EDGE('',*,*,#1855,.T.);
#2401=ORIENTED_EDGE('',*,*,#1856,.F.);
#2402=ORIENTED_EDGE('',*,*,#1857,.T.);
#2403=ORIENTED_EDGE('',*,*,#1858,.T.);
#2404=ORIENTED_EDGE('',*,*,#1832,.T.);
#2405=ORIENTED_EDGE('',*,*,#1831,.F.);
#2406=ORIENTED_EDGE('',*,*,#1859,.T.);
#2407=ORIENTED_EDGE('',*,*,#1860,.F.);
#2408=ORIENTED_EDGE('',*,*,#1861,.F.);
#2409=ORIENTED_EDGE('',*,*,#1862,.F.);
#2410=ORIENTED_EDGE('',*,*,#1835,.F.);
#2411=ORIENTED_EDGE('',*,*,#1863,.T.);
#2412=ORIENTED_EDGE('',*,*,#1864,.T.);
#2413=ORIENTED_EDGE('',*,*,#1846,.T.);
#2414=ORIENTED_EDGE('',*,*,#1865,.T.);
#2415=ORIENTED_EDGE('',*,*,#1866,.T.);
#2416=ORIENTED_EDGE('',*,*,#1829,.F.);
#2417=ORIENTED_EDGE('',*,*,#1834,.F.);
#2418=ORIENTED_EDGE('',*,*,#1867,.F.);
#2419=ORIENTED_EDGE('',*,*,#1868,.F.);
#2420=ORIENTED_EDGE('',*,*,#1869,.F.);
#2421=ORIENTED_EDGE('',*,*,#1870,.F.);
#2422=ORIENTED_EDGE('',*,*,#1871,.F.);
#2423=ORIENTED_EDGE('',*,*,#1872,.F.);
#2424=ORIENTED_EDGE('',*,*,#1873,.F.);
#2425=ORIENTED_EDGE('',*,*,#1874,.F.);
#2426=ORIENTED_EDGE('',*,*,#1875,.F.);
#2427=ORIENTED_EDGE('',*,*,#1876,.F.);
#2428=ORIENTED_EDGE('',*,*,#1877,.F.);
#2429=ORIENTED_EDGE('',*,*,#1878,.F.);
#2430=ORIENTED_EDGE('',*,*,#1863,.F.);
#2431=ORIENTED_EDGE('',*,*,#1879,.F.);
#2432=ORIENTED_EDGE('',*,*,#1880,.F.);
#2433=ORIENTED_EDGE('',*,*,#1881,.F.);
#2434=ORIENTED_EDGE('',*,*,#1882,.F.);
#2435=ORIENTED_EDGE('',*,*,#1883,.F.);
#2436=ORIENTED_EDGE('',*,*,#1884,.F.);
#2437=ORIENTED_EDGE('',*,*,#1885,.F.);
#2438=ORIENTED_EDGE('',*,*,#1886,.F.);
#2439=ORIENTED_EDGE('',*,*,#1887,.F.);
#2440=ORIENTED_EDGE('',*,*,#1888,.T.);
#2441=ORIENTED_EDGE('',*,*,#1889,.F.);
#2442=ORIENTED_EDGE('',*,*,#1890,.F.);
#2443=ORIENTED_EDGE('',*,*,#1891,.T.);
#2444=ORIENTED_EDGE('',*,*,#1890,.T.);
#2445=ORIENTED_EDGE('',*,*,#1892,.T.);
#2446=ORIENTED_EDGE('',*,*,#1893,.F.);
#2447=ORIENTED_EDGE('',*,*,#1894,.F.);
#2448=ORIENTED_EDGE('',*,*,#1850,.T.);
#2449=ORIENTED_EDGE('',*,*,#1895,.T.);
#2450=ORIENTED_EDGE('',*,*,#1875,.T.);
#2451=ORIENTED_EDGE('',*,*,#1896,.T.);
#2452=ORIENTED_EDGE('',*,*,#1896,.F.);
#2453=ORIENTED_EDGE('',*,*,#1874,.T.);
#2454=ORIENTED_EDGE('',*,*,#1897,.T.);
#2455=ORIENTED_EDGE('',*,*,#1851,.F.);
#2456=ORIENTED_EDGE('',*,*,#1856,.T.);
#2457=ORIENTED_EDGE('',*,*,#1898,.T.);
#2458=ORIENTED_EDGE('',*,*,#1869,.T.);
#2459=ORIENTED_EDGE('',*,*,#1899,.T.);
#2460=ORIENTED_EDGE('',*,*,#1899,.F.);
#2461=ORIENTED_EDGE('',*,*,#1868,.T.);
#2462=ORIENTED_EDGE('',*,*,#1900,.T.);
#2463=ORIENTED_EDGE('',*,*,#1857,.F.);
#2464=ORIENTED_EDGE('',*,*,#1901,.F.);
#2465=ORIENTED_EDGE('',*,*,#1902,.T.);
#2466=ORIENTED_EDGE('',*,*,#1903,.T.);
#2467=ORIENTED_EDGE('',*,*,#1904,.T.);
#2468=ORIENTED_EDGE('',*,*,#1901,.T.);
#2469=ORIENTED_EDGE('',*,*,#1905,.T.);
#2470=ORIENTED_EDGE('',*,*,#1906,.T.);
#2471=ORIENTED_EDGE('',*,*,#1859,.F.);
#2472=ORIENTED_EDGE('',*,*,#1830,.T.);
#2473=ORIENTED_EDGE('',*,*,#1907,.F.);
#2474=ORIENTED_EDGE('',*,*,#1866,.F.);
#2475=ORIENTED_EDGE('',*,*,#1908,.T.);
#2476=ORIENTED_EDGE('',*,*,#1904,.F.);
#2477=ORIENTED_EDGE('',*,*,#1909,.F.);
#2478=ORIENTED_EDGE('',*,*,#1910,.F.);
#2479=ORIENTED_EDGE('',*,*,#1905,.F.);
#2480=ORIENTED_EDGE('',*,*,#1906,.F.);
#2481=ORIENTED_EDGE('',*,*,#1910,.T.);
#2482=ORIENTED_EDGE('',*,*,#1911,.T.);
#2483=ORIENTED_EDGE('',*,*,#1860,.T.);
#2484=ORIENTED_EDGE('',*,*,#1865,.F.);
#2485=ORIENTED_EDGE('',*,*,#1845,.F.);
#2486=ORIENTED_EDGE('',*,*,#1912,.F.);
#2487=ORIENTED_EDGE('',*,*,#1913,.F.);
#2488=ORIENTED_EDGE('',*,*,#1902,.F.);
#2489=ORIENTED_EDGE('',*,*,#1908,.F.);
#2490=ORIENTED_EDGE('',*,*,#1914,.T.);
#2491=ORIENTED_EDGE('',*,*,#1915,.T.);
#2492=ORIENTED_EDGE('',*,*,#1916,.T.);
#2493=ORIENTED_EDGE('',*,*,#1917,.T.);
#2494=ORIENTED_EDGE('',*,*,#1918,.T.);
#2495=ORIENTED_EDGE('',*,*,#1919,.T.);
#2496=ORIENTED_EDGE('',*,*,#1920,.T.);
#2497=ORIENTED_EDGE('',*,*,#1921,.T.);
#2498=ORIENTED_EDGE('',*,*,#1922,.T.);
#2499=ORIENTED_EDGE('',*,*,#1923,.T.);
#2500=ORIENTED_EDGE('',*,*,#1924,.T.);
#2501=ORIENTED_EDGE('',*,*,#1925,.T.);
#2502=ORIENTED_EDGE('',*,*,#1926,.T.);
#2503=ORIENTED_EDGE('',*,*,#1927,.T.);
#2504=ORIENTED_EDGE('',*,*,#1928,.T.);
#2505=ORIENTED_EDGE('',*,*,#1929,.T.);
#2506=ORIENTED_EDGE('',*,*,#1930,.T.);
#2507=ORIENTED_EDGE('',*,*,#1931,.T.);
#2508=ORIENTED_EDGE('',*,*,#1932,.T.);
#2509=ORIENTED_EDGE('',*,*,#1933,.T.);
#2510=ORIENTED_EDGE('',*,*,#1934,.T.);
#2511=ORIENTED_EDGE('',*,*,#1935,.T.);
#2512=ORIENTED_EDGE('',*,*,#1936,.T.);
#2513=ORIENTED_EDGE('',*,*,#1937,.T.);
#2514=ORIENTED_EDGE('',*,*,#1938,.T.);
#2515=ORIENTED_EDGE('',*,*,#1939,.T.);
#2516=ORIENTED_EDGE('',*,*,#1940,.T.);
#2517=ORIENTED_EDGE('',*,*,#1941,.T.);
#2518=ORIENTED_EDGE('',*,*,#1942,.T.);
#2519=ORIENTED_EDGE('',*,*,#1943,.T.);
#2520=ORIENTED_EDGE('',*,*,#1944,.T.);
#2521=ORIENTED_EDGE('',*,*,#1945,.T.);
#2522=ORIENTED_EDGE('',*,*,#1861,.T.);
#2523=ORIENTED_EDGE('',*,*,#1911,.F.);
#2524=ORIENTED_EDGE('',*,*,#1909,.T.);
#2525=ORIENTED_EDGE('',*,*,#1903,.F.);
#2526=ORIENTED_EDGE('',*,*,#1913,.T.);
#2527=ORIENTED_EDGE('',*,*,#1946,.T.);
#2528=ORIENTED_EDGE('',*,*,#1947,.T.);
#2529=ORIENTED_EDGE('',*,*,#1948,.T.);
#2530=ORIENTED_EDGE('',*,*,#1949,.T.);
#2531=ORIENTED_EDGE('',*,*,#1950,.T.);
#2532=ORIENTED_EDGE('',*,*,#1951,.T.);
#2533=ORIENTED_EDGE('',*,*,#1952,.T.);
#2534=ORIENTED_EDGE('',*,*,#1953,.T.);
#2535=ORIENTED_EDGE('',*,*,#1954,.T.);
#2536=ORIENTED_EDGE('',*,*,#1864,.F.);
#2537=ORIENTED_EDGE('',*,*,#1878,.T.);
#2538=ORIENTED_EDGE('',*,*,#1955,.T.);
#2539=ORIENTED_EDGE('',*,*,#1847,.F.);
#2540=ORIENTED_EDGE('',*,*,#1912,.T.);
#2541=ORIENTED_EDGE('',*,*,#1844,.F.);
#2542=ORIENTED_EDGE('',*,*,#1956,.F.);
#2543=ORIENTED_EDGE('',*,*,#1946,.F.);
#2544=ORIENTED_EDGE('',*,*,#1957,.F.);
#2545=ORIENTED_EDGE('',*,*,#1958,.F.);
#2546=ORIENTED_EDGE('',*,*,#1959,.T.);
#2547=ORIENTED_EDGE('',*,*,#1960,.F.);
#2548=ORIENTED_EDGE('',*,*,#1961,.F.);
#2549=ORIENTED_EDGE('',*,*,#1962,.T.);
#2550=ORIENTED_EDGE('',*,*,#1963,.T.);
#2551=ORIENTED_EDGE('',*,*,#1964,.F.);
#2552=ORIENTED_EDGE('',*,*,#1965,.F.);
#2553=ORIENTED_EDGE('',*,*,#1960,.T.);
#2554=ORIENTED_EDGE('',*,*,#1966,.T.);
#2555=ORIENTED_EDGE('',*,*,#1962,.F.);
#2556=ORIENTED_EDGE('',*,*,#1966,.F.);
#2557=ORIENTED_EDGE('',*,*,#1959,.F.);
#2558=ORIENTED_EDGE('',*,*,#1967,.F.);
#2559=ORIENTED_EDGE('',*,*,#1963,.F.);
#2560=ORIENTED_EDGE('',*,*,#1889,.T.);
#2561=ORIENTED_EDGE('',*,*,#1968,.F.);
#2562=ORIENTED_EDGE('',*,*,#1969,.F.);
#2563=ORIENTED_EDGE('',*,*,#1970,.F.);
#2564=ORIENTED_EDGE('',*,*,#1971,.F.);
#2565=ORIENTED_EDGE('',*,*,#1972,.F.);
#2566=ORIENTED_EDGE('',*,*,#1973,.F.);
#2567=ORIENTED_EDGE('',*,*,#1892,.F.);
#2568=ORIENTED_EDGE('',*,*,#1974,.F.);
#2569=ORIENTED_EDGE('',*,*,#1893,.T.);
#2570=ORIENTED_EDGE('',*,*,#1973,.T.);
#2571=ORIENTED_EDGE('',*,*,#1975,.F.);
#2572=ORIENTED_EDGE('',*,*,#1976,.F.);
#2573=ORIENTED_EDGE('',*,*,#1977,.T.);
#2574=ORIENTED_EDGE('',*,*,#1971,.T.);
#2575=ORIENTED_EDGE('',*,*,#1978,.F.);
#2576=ORIENTED_EDGE('',*,*,#1979,.F.);
#2577=ORIENTED_EDGE('',*,*,#1975,.T.);
#2578=ORIENTED_EDGE('',*,*,#1972,.T.);
#2579=ORIENTED_EDGE('',*,*,#1977,.F.);
#2580=ORIENTED_EDGE('',*,*,#1980,.F.);
#2581=ORIENTED_EDGE('',*,*,#1981,.T.);
#2582=ORIENTED_EDGE('',*,*,#1982,.T.);
#2583=ORIENTED_EDGE('',*,*,#1983,.F.);
#2584=ORIENTED_EDGE('',*,*,#1984,.F.);
#2585=ORIENTED_EDGE('',*,*,#1985,.T.);
#2586=ORIENTED_EDGE('',*,*,#1986,.T.);
#2587=ORIENTED_EDGE('',*,*,#1981,.F.);
#2588=ORIENTED_EDGE('',*,*,#1987,.F.);
#2589=ORIENTED_EDGE('',*,*,#1988,.T.);
#2590=ORIENTED_EDGE('',*,*,#1989,.T.);
#2591=ORIENTED_EDGE('',*,*,#1985,.F.);
#2592=ORIENTED_EDGE('',*,*,#1990,.F.);
#2593=ORIENTED_EDGE('',*,*,#1991,.F.);
#2594=ORIENTED_EDGE('',*,*,#1992,.T.);
#2595=ORIENTED_EDGE('',*,*,#1988,.F.);
#2596=ORIENTED_EDGE('',*,*,#1993,.F.);
#2597=ORIENTED_EDGE('',*,*,#1994,.F.);
#2598=ORIENTED_EDGE('',*,*,#1982,.F.);
#2599=ORIENTED_EDGE('',*,*,#1986,.F.);
#2600=ORIENTED_EDGE('',*,*,#1989,.F.);
#2601=ORIENTED_EDGE('',*,*,#1992,.F.);
#2602=ORIENTED_EDGE('',*,*,#1995,.F.);
#2603=ORIENTED_EDGE('',*,*,#1996,.F.);
#2604=ORIENTED_EDGE('',*,*,#1997,.F.);
#2605=ORIENTED_EDGE('',*,*,#1998,.F.);
#2606=ORIENTED_EDGE('',*,*,#1999,.T.);
#2607=ORIENTED_EDGE('',*,*,#2000,.F.);
#2608=ORIENTED_EDGE('',*,*,#2001,.F.);
#2609=ORIENTED_EDGE('',*,*,#2002,.T.);
#2610=ORIENTED_EDGE('',*,*,#2003,.T.);
#2611=ORIENTED_EDGE('',*,*,#2004,.F.);
#2612=ORIENTED_EDGE('',*,*,#2005,.F.);
#2613=ORIENTED_EDGE('',*,*,#2000,.T.);
#2614=ORIENTED_EDGE('',*,*,#2006,.T.);
#2615=ORIENTED_EDGE('',*,*,#2002,.F.);
#2616=ORIENTED_EDGE('',*,*,#2006,.F.);
#2617=ORIENTED_EDGE('',*,*,#1999,.F.);
#2618=ORIENTED_EDGE('',*,*,#2007,.F.);
#2619=ORIENTED_EDGE('',*,*,#2003,.F.);
#2620=ORIENTED_EDGE('',*,*,#2008,.F.);
#2621=ORIENTED_EDGE('',*,*,#2009,.T.);
#2622=ORIENTED_EDGE('',*,*,#2010,.T.);
#2623=ORIENTED_EDGE('',*,*,#2011,.F.);
#2624=ORIENTED_EDGE('',*,*,#2012,.F.);
#2625=ORIENTED_EDGE('',*,*,#2013,.T.);
#2626=ORIENTED_EDGE('',*,*,#2014,.T.);
#2627=ORIENTED_EDGE('',*,*,#2009,.F.);
#2628=ORIENTED_EDGE('',*,*,#2015,.F.);
#2629=ORIENTED_EDGE('',*,*,#2016,.T.);
#2630=ORIENTED_EDGE('',*,*,#2017,.T.);
#2631=ORIENTED_EDGE('',*,*,#2013,.F.);
#2632=ORIENTED_EDGE('',*,*,#2018,.F.);
#2633=ORIENTED_EDGE('',*,*,#2019,.T.);
#2634=ORIENTED_EDGE('',*,*,#2020,.T.);
#2635=ORIENTED_EDGE('',*,*,#2016,.F.);
#2636=ORIENTED_EDGE('',*,*,#2021,.F.);
#2637=ORIENTED_EDGE('',*,*,#2022,.T.);
#2638=ORIENTED_EDGE('',*,*,#2023,.T.);
#2639=ORIENTED_EDGE('',*,*,#2019,.F.);
#2640=ORIENTED_EDGE('',*,*,#2024,.F.);
#2641=ORIENTED_EDGE('',*,*,#2025,.F.);
#2642=ORIENTED_EDGE('',*,*,#2026,.T.);
#2643=ORIENTED_EDGE('',*,*,#2022,.F.);
#2644=ORIENTED_EDGE('',*,*,#2027,.F.);
#2645=ORIENTED_EDGE('',*,*,#2028,.F.);
#2646=ORIENTED_EDGE('',*,*,#2029,.F.);
#2647=ORIENTED_EDGE('',*,*,#2010,.F.);
#2648=ORIENTED_EDGE('',*,*,#2014,.F.);
#2649=ORIENTED_EDGE('',*,*,#2017,.F.);
#2650=ORIENTED_EDGE('',*,*,#2020,.F.);
#2651=ORIENTED_EDGE('',*,*,#2023,.F.);
#2652=ORIENTED_EDGE('',*,*,#2026,.F.);
#2653=ORIENTED_EDGE('',*,*,#2030,.F.);
#2654=ORIENTED_EDGE('',*,*,#2031,.F.);
#2655=ORIENTED_EDGE('',*,*,#2032,.F.);
#2656=ORIENTED_EDGE('',*,*,#2033,.F.);
#2657=ORIENTED_EDGE('',*,*,#2034,.F.);
#2658=ORIENTED_EDGE('',*,*,#2035,.T.);
#2659=ORIENTED_EDGE('',*,*,#2036,.F.);
#2660=ORIENTED_EDGE('',*,*,#2037,.F.);
#2661=ORIENTED_EDGE('',*,*,#2035,.F.);
#2662=ORIENTED_EDGE('',*,*,#2038,.F.);
#2663=ORIENTED_EDGE('',*,*,#2039,.F.);
#2664=ORIENTED_EDGE('',*,*,#1969,.T.);
#2665=ORIENTED_EDGE('',*,*,#2040,.T.);
#2666=ORIENTED_EDGE('',*,*,#2041,.T.);
#2667=ORIENTED_EDGE('',*,*,#2042,.F.);
#2668=ORIENTED_EDGE('',*,*,#2043,.F.);
#2669=ORIENTED_EDGE('',*,*,#2044,.F.);
#2670=ORIENTED_EDGE('',*,*,#2045,.F.);
#2671=ORIENTED_EDGE('',*,*,#2046,.T.);
#2672=ORIENTED_EDGE('',*,*,#2047,.F.);
#2673=ORIENTED_EDGE('',*,*,#2048,.F.);
#2674=ORIENTED_EDGE('',*,*,#2044,.T.);
#2675=ORIENTED_EDGE('',*,*,#2049,.T.);
#2676=ORIENTED_EDGE('',*,*,#2050,.F.);
#2677=ORIENTED_EDGE('',*,*,#2051,.F.);
#2678=ORIENTED_EDGE('',*,*,#2047,.T.);
#2679=ORIENTED_EDGE('',*,*,#2052,.T.);
#2680=ORIENTED_EDGE('',*,*,#1990,.T.);
#2681=ORIENTED_EDGE('',*,*,#1987,.T.);
#2682=ORIENTED_EDGE('',*,*,#1984,.T.);
#2683=ORIENTED_EDGE('',*,*,#1980,.T.);
#2684=ORIENTED_EDGE('',*,*,#2053,.T.);
#2685=ORIENTED_EDGE('',*,*,#2054,.T.);
#2686=ORIENTED_EDGE('',*,*,#2055,.T.);
#2687=ORIENTED_EDGE('',*,*,#2056,.T.);
#2688=ORIENTED_EDGE('',*,*,#2057,.T.);
#2689=ORIENTED_EDGE('',*,*,#2058,.T.);
#2690=ORIENTED_EDGE('',*,*,#1983,.T.);
#2691=ORIENTED_EDGE('',*,*,#1994,.T.);
#2692=ORIENTED_EDGE('',*,*,#2059,.F.);
#2693=ORIENTED_EDGE('',*,*,#2060,.F.);
#2694=ORIENTED_EDGE('',*,*,#2061,.F.);
#2695=ORIENTED_EDGE('',*,*,#2053,.F.);
#2696=ORIENTED_EDGE('',*,*,#1964,.T.);
#2697=ORIENTED_EDGE('',*,*,#1967,.T.);
#2698=ORIENTED_EDGE('',*,*,#1958,.T.);
#2699=ORIENTED_EDGE('',*,*,#2062,.F.);
#2700=ORIENTED_EDGE('',*,*,#2063,.T.);
#2701=ORIENTED_EDGE('',*,*,#2064,.T.);
#2702=ORIENTED_EDGE('',*,*,#2065,.T.);
#2703=ORIENTED_EDGE('',*,*,#2066,.T.);
#2704=ORIENTED_EDGE('',*,*,#2067,.T.);
#2705=ORIENTED_EDGE('',*,*,#2068,.T.);
#2706=ORIENTED_EDGE('',*,*,#2069,.T.);
#2707=ORIENTED_EDGE('',*,*,#2070,.F.);
#2708=ORIENTED_EDGE('',*,*,#2004,.T.);
#2709=ORIENTED_EDGE('',*,*,#2007,.T.);
#2710=ORIENTED_EDGE('',*,*,#1998,.T.);
#2711=ORIENTED_EDGE('',*,*,#2071,.F.);
#2712=ORIENTED_EDGE('',*,*,#2072,.T.);
#2713=ORIENTED_EDGE('',*,*,#2073,.T.);
#2714=ORIENTED_EDGE('',*,*,#2074,.T.);
#2715=ORIENTED_EDGE('',*,*,#2075,.F.);
#2716=ORIENTED_EDGE('',*,*,#1978,.T.);
#2717=ORIENTED_EDGE('',*,*,#1970,.T.);
#2718=ORIENTED_EDGE('',*,*,#2042,.T.);
#2719=ORIENTED_EDGE('',*,*,#2076,.T.);
#2720=ORIENTED_EDGE('',*,*,#2077,.F.);
#2721=ORIENTED_EDGE('',*,*,#1995,.T.);
#2722=ORIENTED_EDGE('',*,*,#1991,.T.);
#2723=ORIENTED_EDGE('',*,*,#2058,.F.);
#2724=ORIENTED_EDGE('',*,*,#2078,.T.);
#2725=ORIENTED_EDGE('',*,*,#2079,.F.);
#2726=ORIENTED_EDGE('',*,*,#2024,.T.);
#2727=ORIENTED_EDGE('',*,*,#2021,.T.);
#2728=ORIENTED_EDGE('',*,*,#2018,.T.);
#2729=ORIENTED_EDGE('',*,*,#2015,.T.);
#2730=ORIENTED_EDGE('',*,*,#2012,.T.);
#2731=ORIENTED_EDGE('',*,*,#2008,.T.);
#2732=ORIENTED_EDGE('',*,*,#2080,.T.);
#2733=ORIENTED_EDGE('',*,*,#2081,.T.);
#2734=ORIENTED_EDGE('',*,*,#2082,.T.);
#2735=ORIENTED_EDGE('',*,*,#2083,.T.);
#2736=ORIENTED_EDGE('',*,*,#2084,.T.);
#2737=ORIENTED_EDGE('',*,*,#2085,.T.);
#2738=ORIENTED_EDGE('',*,*,#2086,.T.);
#2739=ORIENTED_EDGE('',*,*,#2087,.T.);
#2740=ORIENTED_EDGE('',*,*,#2011,.T.);
#2741=ORIENTED_EDGE('',*,*,#2029,.T.);
#2742=ORIENTED_EDGE('',*,*,#2088,.T.);
#2743=ORIENTED_EDGE('',*,*,#2089,.T.);
#2744=ORIENTED_EDGE('',*,*,#2090,.T.);
#2745=ORIENTED_EDGE('',*,*,#2091,.T.);
#2746=ORIENTED_EDGE('',*,*,#2092,.T.);
#2747=ORIENTED_EDGE('',*,*,#2093,.T.);
#2748=ORIENTED_EDGE('',*,*,#2094,.T.);
#2749=ORIENTED_EDGE('',*,*,#2095,.T.);
#2750=ORIENTED_EDGE('',*,*,#2096,.T.);
#2751=ORIENTED_EDGE('',*,*,#2097,.T.);
#2752=ORIENTED_EDGE('',*,*,#2098,.T.);
#2753=ORIENTED_EDGE('',*,*,#2099,.T.);
#2754=ORIENTED_EDGE('',*,*,#2100,.T.);
#2755=ORIENTED_EDGE('',*,*,#2101,.T.);
#2756=ORIENTED_EDGE('',*,*,#2102,.T.);
#2757=ORIENTED_EDGE('',*,*,#2103,.T.);
#2758=ORIENTED_EDGE('',*,*,#2104,.T.);
#2759=ORIENTED_EDGE('',*,*,#2080,.F.);
#2760=ORIENTED_EDGE('',*,*,#2028,.T.);
#2761=ORIENTED_EDGE('',*,*,#2105,.T.);
#2762=ORIENTED_EDGE('',*,*,#2106,.T.);
#2763=ORIENTED_EDGE('',*,*,#2088,.F.);
#2764=ORIENTED_EDGE('',*,*,#2027,.T.);
#2765=ORIENTED_EDGE('',*,*,#2107,.T.);
#2766=ORIENTED_EDGE('',*,*,#2108,.T.);
#2767=ORIENTED_EDGE('',*,*,#2105,.F.);
#2768=ORIENTED_EDGE('',*,*,#2033,.T.);
#2769=ORIENTED_EDGE('',*,*,#2109,.T.);
#2770=ORIENTED_EDGE('',*,*,#2110,.T.);
#2771=ORIENTED_EDGE('',*,*,#2111,.T.);
#2772=ORIENTED_EDGE('',*,*,#2036,.T.);
#2773=ORIENTED_EDGE('',*,*,#2037,.T.);
#2774=ORIENTED_EDGE('',*,*,#2112,.F.);
#2775=ORIENTED_EDGE('',*,*,#2113,.F.);
#2776=ORIENTED_EDGE('',*,*,#2114,.F.);
#2777=ORIENTED_EDGE('',*,*,#2109,.F.);
#2778=ORIENTED_EDGE('',*,*,#1993,.T.);
#2779=ORIENTED_EDGE('',*,*,#2115,.T.);
#2780=ORIENTED_EDGE('',*,*,#2116,.T.);
#2781=ORIENTED_EDGE('',*,*,#2117,.F.);
#2782=ORIENTED_EDGE('',*,*,#2031,.T.);
#2783=ORIENTED_EDGE('',*,*,#2118,.T.);
#2784=ORIENTED_EDGE('',*,*,#2119,.T.);
#2785=ORIENTED_EDGE('',*,*,#2120,.T.);
#2786=ORIENTED_EDGE('',*,*,#2121,.T.);
#2787=ORIENTED_EDGE('',*,*,#2112,.T.);
#2788=ORIENTED_EDGE('',*,*,#2039,.T.);
#2789=ORIENTED_EDGE('',*,*,#2122,.T.);
#2790=ORIENTED_EDGE('',*,*,#2123,.T.);
#2791=ORIENTED_EDGE('',*,*,#2124,.T.);
#2792=ORIENTED_EDGE('',*,*,#2125,.T.);
#2793=ORIENTED_EDGE('',*,*,#2059,.T.);
#2794=ORIENTED_EDGE('',*,*,#2126,.F.);
#2795=ORIENTED_EDGE('',*,*,#2127,.T.);
#2796=ORIENTED_EDGE('',*,*,#2128,.T.);
#2797=ORIENTED_EDGE('',*,*,#2129,.F.);
#2798=ORIENTED_EDGE('',*,*,#2130,.F.);
#2799=ORIENTED_EDGE('',*,*,#2129,.T.);
#2800=ORIENTED_EDGE('',*,*,#2131,.T.);
#2801=ORIENTED_EDGE('',*,*,#2132,.F.);
#2802=ORIENTED_EDGE('',*,*,#2133,.F.);
#2803=ORIENTED_EDGE('',*,*,#2134,.F.);
#2804=ORIENTED_EDGE('',*,*,#2135,.T.);
#2805=ORIENTED_EDGE('',*,*,#2131,.F.);
#2806=ORIENTED_EDGE('',*,*,#2128,.F.);
#2807=ORIENTED_EDGE('',*,*,#2136,.F.);
#2808=ORIENTED_EDGE('',*,*,#2137,.F.);
#2809=ORIENTED_EDGE('',*,*,#2133,.T.);
#2810=ORIENTED_EDGE('',*,*,#2138,.F.);
#2811=ORIENTED_EDGE('',*,*,#2139,.F.);
#2812=ORIENTED_EDGE('',*,*,#2140,.F.);
#2813=ORIENTED_EDGE('',*,*,#2141,.F.);
#2814=ORIENTED_EDGE('',*,*,#2142,.T.);
#2815=ORIENTED_EDGE('',*,*,#2090,.F.);
#2816=ORIENTED_EDGE('',*,*,#2136,.T.);
#2817=ORIENTED_EDGE('',*,*,#2127,.F.);
#2818=ORIENTED_EDGE('',*,*,#2143,.F.);
#2819=ORIENTED_EDGE('',*,*,#2144,.T.);
#2820=ORIENTED_EDGE('',*,*,#2091,.F.);
#2821=ORIENTED_EDGE('',*,*,#2142,.F.);
#2822=ORIENTED_EDGE('',*,*,#2145,.F.);
#2823=ORIENTED_EDGE('',*,*,#2146,.T.);
#2824=ORIENTED_EDGE('',*,*,#2092,.F.);
#2825=ORIENTED_EDGE('',*,*,#2144,.F.);
#2826=ORIENTED_EDGE('',*,*,#2147,.F.);
#2827=ORIENTED_EDGE('',*,*,#2148,.T.);
#2828=ORIENTED_EDGE('',*,*,#2093,.F.);
#2829=ORIENTED_EDGE('',*,*,#2146,.F.);
#2830=ORIENTED_EDGE('',*,*,#2149,.F.);
#2831=ORIENTED_EDGE('',*,*,#2150,.T.);
#2832=ORIENTED_EDGE('',*,*,#2094,.F.);
#2833=ORIENTED_EDGE('',*,*,#2148,.F.);
#2834=ORIENTED_EDGE('',*,*,#2151,.F.);
#2835=ORIENTED_EDGE('',*,*,#2152,.T.);
#2836=ORIENTED_EDGE('',*,*,#2095,.F.);
#2837=ORIENTED_EDGE('',*,*,#2150,.F.);
#2838=ORIENTED_EDGE('',*,*,#2153,.F.);
#2839=ORIENTED_EDGE('',*,*,#2154,.T.);
#2840=ORIENTED_EDGE('',*,*,#2096,.F.);
#2841=ORIENTED_EDGE('',*,*,#2152,.F.);
#2842=ORIENTED_EDGE('',*,*,#2155,.F.);
#2843=ORIENTED_EDGE('',*,*,#2156,.T.);
#2844=ORIENTED_EDGE('',*,*,#2097,.F.);
#2845=ORIENTED_EDGE('',*,*,#2154,.F.);
#2846=ORIENTED_EDGE('',*,*,#2157,.F.);
#2847=ORIENTED_EDGE('',*,*,#2158,.T.);
#2848=ORIENTED_EDGE('',*,*,#2098,.F.);
#2849=ORIENTED_EDGE('',*,*,#2156,.F.);
#2850=ORIENTED_EDGE('',*,*,#2159,.F.);
#2851=ORIENTED_EDGE('',*,*,#2160,.T.);
#2852=ORIENTED_EDGE('',*,*,#2099,.F.);
#2853=ORIENTED_EDGE('',*,*,#2158,.F.);
#2854=ORIENTED_EDGE('',*,*,#2161,.F.);
#2855=ORIENTED_EDGE('',*,*,#2162,.T.);
#2856=ORIENTED_EDGE('',*,*,#2100,.F.);
#2857=ORIENTED_EDGE('',*,*,#2160,.F.);
#2858=ORIENTED_EDGE('',*,*,#2163,.F.);
#2859=ORIENTED_EDGE('',*,*,#2164,.T.);
#2860=ORIENTED_EDGE('',*,*,#2101,.F.);
#2861=ORIENTED_EDGE('',*,*,#2162,.F.);
#2862=ORIENTED_EDGE('',*,*,#2165,.F.);
#2863=ORIENTED_EDGE('',*,*,#2166,.T.);
#2864=ORIENTED_EDGE('',*,*,#2102,.F.);
#2865=ORIENTED_EDGE('',*,*,#2164,.F.);
#2866=ORIENTED_EDGE('',*,*,#2167,.F.);
#2867=ORIENTED_EDGE('',*,*,#2168,.T.);
#2868=ORIENTED_EDGE('',*,*,#2103,.F.);
#2869=ORIENTED_EDGE('',*,*,#2166,.F.);
#2870=ORIENTED_EDGE('',*,*,#2169,.F.);
#2871=ORIENTED_EDGE('',*,*,#2081,.F.);
#2872=ORIENTED_EDGE('',*,*,#2104,.F.);
#2873=ORIENTED_EDGE('',*,*,#2168,.F.);
#2874=ORIENTED_EDGE('',*,*,#2170,.F.);
#2875=ORIENTED_EDGE('',*,*,#2171,.F.);
#2876=ORIENTED_EDGE('',*,*,#2050,.T.);
#2877=ORIENTED_EDGE('',*,*,#2172,.T.);
#2878=ORIENTED_EDGE('',*,*,#2173,.F.);
#2879=ORIENTED_EDGE('',*,*,#2139,.T.);
#2880=ORIENTED_EDGE('',*,*,#2174,.F.);
#2881=ORIENTED_EDGE('',*,*,#2046,.F.);
#2882=ORIENTED_EDGE('',*,*,#2140,.T.);
#2883=ORIENTED_EDGE('',*,*,#2126,.T.);
#2884=ORIENTED_EDGE('',*,*,#2130,.T.);
#2885=ORIENTED_EDGE('',*,*,#2175,.T.);
#2886=ORIENTED_EDGE('',*,*,#2176,.F.);
#2887=ORIENTED_EDGE('',*,*,#2177,.T.);
#2888=ORIENTED_EDGE('',*,*,#2178,.F.);
#2889=ORIENTED_EDGE('',*,*,#2179,.T.);
#2890=ORIENTED_EDGE('',*,*,#2134,.T.);
#2891=ORIENTED_EDGE('',*,*,#2137,.T.);
#2892=ORIENTED_EDGE('',*,*,#2173,.T.);
#2893=ORIENTED_EDGE('',*,*,#2045,.T.);
#2894=ORIENTED_EDGE('',*,*,#2048,.T.);
#2895=ORIENTED_EDGE('',*,*,#2051,.T.);
#2896=ORIENTED_EDGE('',*,*,#2171,.T.);
#2897=ORIENTED_EDGE('',*,*,#2180,.F.);
#2898=ORIENTED_EDGE('',*,*,#2181,.T.);
#2899=ORIENTED_EDGE('',*,*,#2175,.F.);
#2900=ORIENTED_EDGE('',*,*,#1976,.T.);
#2901=ORIENTED_EDGE('',*,*,#2075,.T.);
#2902=ORIENTED_EDGE('',*,*,#2182,.T.);
#2903=ORIENTED_EDGE('',*,*,#2183,.T.);
#2904=ORIENTED_EDGE('',*,*,#2184,.T.);
#2905=ORIENTED_EDGE('',*,*,#2180,.T.);
#2906=ORIENTED_EDGE('',*,*,#2170,.T.);
#2907=ORIENTED_EDGE('',*,*,#2185,.T.);
#2908=ORIENTED_EDGE('',*,*,#1891,.F.);
#2909=ORIENTED_EDGE('',*,*,#1894,.T.);
#2910=ORIENTED_EDGE('',*,*,#1974,.T.);
#2911=ORIENTED_EDGE('',*,*,#1979,.T.);
#2912=ORIENTED_EDGE('',*,*,#1968,.T.);
#2913=ORIENTED_EDGE('',*,*,#1888,.F.);
#2914=ORIENTED_EDGE('',*,*,#2185,.F.);
#2915=ORIENTED_EDGE('',*,*,#2172,.F.);
#2916=ORIENTED_EDGE('',*,*,#2052,.F.);
#2917=ORIENTED_EDGE('',*,*,#2049,.F.);
#2918=ORIENTED_EDGE('',*,*,#2043,.T.);
#2919=ORIENTED_EDGE('',*,*,#2174,.T.);
#2920=ORIENTED_EDGE('',*,*,#2138,.T.);
#2921=ORIENTED_EDGE('',*,*,#2132,.T.);
#2922=ORIENTED_EDGE('',*,*,#2186,.T.);
#2923=ORIENTED_EDGE('',*,*,#2040,.F.);
#2924=ORIENTED_EDGE('',*,*,#2187,.F.);
#2925=ORIENTED_EDGE('',*,*,#2188,.T.);
#2926=ORIENTED_EDGE('',*,*,#2189,.F.);
#2927=ORIENTED_EDGE('',*,*,#2190,.T.);
#2928=ORIENTED_EDGE('',*,*,#2191,.F.);
#2929=ORIENTED_EDGE('',*,*,#2192,.T.);
#2930=ORIENTED_EDGE('',*,*,#2193,.F.);
#2931=ORIENTED_EDGE('',*,*,#2194,.T.);
#2932=ORIENTED_EDGE('',*,*,#2195,.T.);
#2933=ORIENTED_EDGE('',*,*,#2187,.T.);
#2934=ORIENTED_EDGE('',*,*,#2196,.T.);
#2935=ORIENTED_EDGE('',*,*,#2141,.T.);
#2936=ORIENTED_EDGE('',*,*,#2179,.F.);
#2937=ORIENTED_EDGE('',*,*,#2197,.F.);
#2938=ORIENTED_EDGE('',*,*,#2082,.F.);
#2939=ORIENTED_EDGE('',*,*,#2169,.T.);
#2940=ORIENTED_EDGE('',*,*,#2167,.T.);
#2941=ORIENTED_EDGE('',*,*,#2165,.T.);
#2942=ORIENTED_EDGE('',*,*,#2163,.T.);
#2943=ORIENTED_EDGE('',*,*,#2161,.T.);
#2944=ORIENTED_EDGE('',*,*,#2159,.T.);
#2945=ORIENTED_EDGE('',*,*,#2157,.T.);
#2946=ORIENTED_EDGE('',*,*,#2155,.T.);
#2947=ORIENTED_EDGE('',*,*,#2153,.T.);
#2948=ORIENTED_EDGE('',*,*,#2151,.T.);
#2949=ORIENTED_EDGE('',*,*,#2149,.T.);
#2950=ORIENTED_EDGE('',*,*,#2147,.T.);
#2951=ORIENTED_EDGE('',*,*,#2145,.T.);
#2952=ORIENTED_EDGE('',*,*,#2143,.T.);
#2953=ORIENTED_EDGE('',*,*,#2083,.F.);
#2954=ORIENTED_EDGE('',*,*,#2197,.T.);
#2955=ORIENTED_EDGE('',*,*,#2198,.F.);
#2956=ORIENTED_EDGE('',*,*,#2199,.F.);
#2957=ORIENTED_EDGE('',*,*,#2200,.F.);
#2958=ORIENTED_EDGE('',*,*,#2069,.F.);
#2959=ORIENTED_EDGE('',*,*,#2201,.F.);
#2960=ORIENTED_EDGE('',*,*,#2202,.F.);
#2961=ORIENTED_EDGE('',*,*,#2203,.F.);
#2962=ORIENTED_EDGE('',*,*,#2201,.T.);
#2963=ORIENTED_EDGE('',*,*,#2068,.F.);
#2964=ORIENTED_EDGE('',*,*,#2204,.F.);
#2965=ORIENTED_EDGE('',*,*,#2205,.F.);
#2966=ORIENTED_EDGE('',*,*,#2204,.T.);
#2967=ORIENTED_EDGE('',*,*,#2067,.F.);
#2968=ORIENTED_EDGE('',*,*,#2206,.F.);
#2969=ORIENTED_EDGE('',*,*,#2207,.F.);
#2970=ORIENTED_EDGE('',*,*,#2206,.T.);
#2971=ORIENTED_EDGE('',*,*,#2066,.F.);
#2972=ORIENTED_EDGE('',*,*,#2208,.F.);
#2973=ORIENTED_EDGE('',*,*,#2209,.F.);
#2974=ORIENTED_EDGE('',*,*,#2208,.T.);
#2975=ORIENTED_EDGE('',*,*,#2065,.F.);
#2976=ORIENTED_EDGE('',*,*,#2210,.F.);
#2977=ORIENTED_EDGE('',*,*,#2211,.F.);
#2978=ORIENTED_EDGE('',*,*,#2210,.T.);
#2979=ORIENTED_EDGE('',*,*,#2064,.F.);
#2980=ORIENTED_EDGE('',*,*,#2212,.F.);
#2981=ORIENTED_EDGE('',*,*,#2213,.F.);
#2982=ORIENTED_EDGE('',*,*,#2214,.T.);
#2983=ORIENTED_EDGE('',*,*,#2073,.F.);
#2984=ORIENTED_EDGE('',*,*,#2215,.F.);
#2985=ORIENTED_EDGE('',*,*,#2216,.F.);
#2986=ORIENTED_EDGE('',*,*,#2060,.T.);
#2987=ORIENTED_EDGE('',*,*,#2125,.F.);
#2988=ORIENTED_EDGE('',*,*,#2217,.F.);
#2989=ORIENTED_EDGE('',*,*,#2218,.F.);
#2990=ORIENTED_EDGE('',*,*,#2217,.T.);
#2991=ORIENTED_EDGE('',*,*,#2124,.F.);
#2992=ORIENTED_EDGE('',*,*,#2219,.F.);
#2993=ORIENTED_EDGE('',*,*,#2220,.F.);
#2994=ORIENTED_EDGE('',*,*,#2219,.T.);
#2995=ORIENTED_EDGE('',*,*,#2123,.F.);
#2996=ORIENTED_EDGE('',*,*,#2221,.F.);
#2997=ORIENTED_EDGE('',*,*,#2034,.T.);
#2998=ORIENTED_EDGE('',*,*,#2111,.F.);
#2999=ORIENTED_EDGE('',*,*,#2222,.F.);
#3000=ORIENTED_EDGE('',*,*,#2221,.T.);
#3001=ORIENTED_EDGE('',*,*,#2122,.F.);
#3002=ORIENTED_EDGE('',*,*,#2038,.T.);
#3003=ORIENTED_EDGE('',*,*,#2223,.F.);
#3004=ORIENTED_EDGE('',*,*,#2113,.T.);
#3005=ORIENTED_EDGE('',*,*,#2121,.F.);
#3006=ORIENTED_EDGE('',*,*,#2224,.F.);
#3007=ORIENTED_EDGE('',*,*,#2225,.F.);
#3008=ORIENTED_EDGE('',*,*,#2224,.T.);
#3009=ORIENTED_EDGE('',*,*,#2120,.F.);
#3010=ORIENTED_EDGE('',*,*,#2226,.F.);
#3011=ORIENTED_EDGE('',*,*,#2227,.F.);
#3012=ORIENTED_EDGE('',*,*,#2226,.T.);
#3013=ORIENTED_EDGE('',*,*,#2119,.F.);
#3014=ORIENTED_EDGE('',*,*,#2228,.F.);
#3015=ORIENTED_EDGE('',*,*,#2177,.F.);
#3016=ORIENTED_EDGE('',*,*,#2194,.F.);
#3017=ORIENTED_EDGE('',*,*,#2188,.F.);
#3018=ORIENTED_EDGE('',*,*,#2229,.F.);
#3019=ORIENTED_EDGE('',*,*,#2230,.T.);
#3020=ORIENTED_EDGE('',*,*,#2231,.T.);
#3021=ORIENTED_EDGE('',*,*,#2232,.T.);
#3022=ORIENTED_EDGE('',*,*,#2233,.T.);
#3023=ORIENTED_EDGE('',*,*,#2234,.T.);
#3024=ORIENTED_EDGE('',*,*,#2235,.T.);
#3025=ORIENTED_EDGE('',*,*,#2236,.T.);
#3026=ORIENTED_EDGE('',*,*,#2237,.T.);
#3027=ORIENTED_EDGE('',*,*,#2238,.T.);
#3028=ORIENTED_EDGE('',*,*,#2239,.T.);
#3029=ORIENTED_EDGE('',*,*,#2240,.T.);
#3030=ORIENTED_EDGE('',*,*,#2241,.T.);
#3031=ORIENTED_EDGE('',*,*,#2242,.T.);
#3032=ORIENTED_EDGE('',*,*,#2243,.T.);
#3033=ORIENTED_EDGE('',*,*,#2244,.T.);
#3034=ORIENTED_EDGE('',*,*,#2245,.T.);
#3035=ORIENTED_EDGE('',*,*,#2246,.T.);
#3036=ORIENTED_EDGE('',*,*,#2247,.T.);
#3037=ORIENTED_EDGE('',*,*,#2248,.T.);
#3038=ORIENTED_EDGE('',*,*,#2249,.T.);
#3039=ORIENTED_EDGE('',*,*,#2250,.T.);
#3040=ORIENTED_EDGE('',*,*,#2251,.T.);
#3041=ORIENTED_EDGE('',*,*,#2252,.T.);
#3042=ORIENTED_EDGE('',*,*,#2253,.T.);
#3043=ORIENTED_EDGE('',*,*,#2254,.T.);
#3044=ORIENTED_EDGE('',*,*,#2255,.T.);
#3045=ORIENTED_EDGE('',*,*,#2256,.T.);
#3046=ORIENTED_EDGE('',*,*,#2257,.T.);
#3047=ORIENTED_EDGE('',*,*,#2258,.T.);
#3048=ORIENTED_EDGE('',*,*,#2259,.T.);
#3049=ORIENTED_EDGE('',*,*,#2260,.T.);
#3050=ORIENTED_EDGE('',*,*,#2261,.T.);
#3051=ORIENTED_EDGE('',*,*,#1898,.F.);
#3052=ORIENTED_EDGE('',*,*,#1855,.F.);
#3053=ORIENTED_EDGE('',*,*,#2262,.F.);
#3054=ORIENTED_EDGE('',*,*,#1870,.T.);
#3055=ORIENTED_EDGE('',*,*,#1871,.T.);
#3056=ORIENTED_EDGE('',*,*,#2262,.T.);
#3057=ORIENTED_EDGE('',*,*,#1854,.F.);
#3058=ORIENTED_EDGE('',*,*,#2263,.F.);
#3059=ORIENTED_EDGE('',*,*,#1872,.T.);
#3060=ORIENTED_EDGE('',*,*,#2263,.T.);
#3061=ORIENTED_EDGE('',*,*,#1853,.F.);
#3062=ORIENTED_EDGE('',*,*,#2264,.F.);
#3063=ORIENTED_EDGE('',*,*,#1873,.T.);
#3064=ORIENTED_EDGE('',*,*,#2264,.T.);
#3065=ORIENTED_EDGE('',*,*,#1852,.F.);
#3066=ORIENTED_EDGE('',*,*,#1897,.F.);
#3067=ORIENTED_EDGE('',*,*,#2255,.F.);
#3068=ORIENTED_EDGE('',*,*,#2265,.T.);
#3069=ORIENTED_EDGE('',*,*,#1884,.T.);
#3070=ORIENTED_EDGE('',*,*,#2266,.F.);
#3071=ORIENTED_EDGE('',*,*,#2256,.F.);
#3072=ORIENTED_EDGE('',*,*,#2266,.T.);
#3073=ORIENTED_EDGE('',*,*,#1883,.T.);
#3074=ORIENTED_EDGE('',*,*,#2267,.F.);
#3075=ORIENTED_EDGE('',*,*,#2257,.F.);
#3076=ORIENTED_EDGE('',*,*,#2267,.T.);
#3077=ORIENTED_EDGE('',*,*,#1882,.T.);
#3078=ORIENTED_EDGE('',*,*,#2268,.F.);
#3079=ORIENTED_EDGE('',*,*,#2258,.F.);
#3080=ORIENTED_EDGE('',*,*,#2268,.T.);
#3081=ORIENTED_EDGE('',*,*,#1881,.T.);
#3082=ORIENTED_EDGE('',*,*,#2269,.F.);
#3083=ORIENTED_EDGE('',*,*,#2259,.F.);
#3084=ORIENTED_EDGE('',*,*,#2269,.T.);
#3085=ORIENTED_EDGE('',*,*,#1880,.T.);
#3086=ORIENTED_EDGE('',*,*,#2270,.F.);
#3087=ORIENTED_EDGE('',*,*,#2260,.F.);
#3088=ORIENTED_EDGE('',*,*,#2270,.T.);
#3089=ORIENTED_EDGE('',*,*,#1879,.T.);
#3090=ORIENTED_EDGE('',*,*,#1907,.T.);
#3091=ORIENTED_EDGE('',*,*,#1887,.T.);
#3092=ORIENTED_EDGE('',*,*,#2271,.F.);
#3093=ORIENTED_EDGE('',*,*,#2261,.F.);
#3094=ORIENTED_EDGE('',*,*,#2271,.T.);
#3095=ORIENTED_EDGE('',*,*,#1886,.T.);
#3096=ORIENTED_EDGE('',*,*,#2272,.F.);
#3097=ORIENTED_EDGE('',*,*,#2254,.F.);
#3098=ORIENTED_EDGE('',*,*,#2272,.T.);
#3099=ORIENTED_EDGE('',*,*,#1885,.T.);
#3100=ORIENTED_EDGE('',*,*,#2265,.F.);
#3101=ORIENTED_EDGE('',*,*,#2247,.F.);
#3102=ORIENTED_EDGE('',*,*,#2273,.T.);
#3103=ORIENTED_EDGE('',*,*,#1929,.F.);
#3104=ORIENTED_EDGE('',*,*,#2274,.F.);
#3105=ORIENTED_EDGE('',*,*,#2248,.F.);
#3106=ORIENTED_EDGE('',*,*,#2274,.T.);
#3107=ORIENTED_EDGE('',*,*,#1928,.F.);
#3108=ORIENTED_EDGE('',*,*,#2275,.F.);
#3109=ORIENTED_EDGE('',*,*,#2249,.F.);
#3110=ORIENTED_EDGE('',*,*,#2275,.T.);
#3111=ORIENTED_EDGE('',*,*,#1927,.F.);
#3112=ORIENTED_EDGE('',*,*,#2276,.F.);
#3113=ORIENTED_EDGE('',*,*,#2250,.F.);
#3114=ORIENTED_EDGE('',*,*,#2276,.T.);
#3115=ORIENTED_EDGE('',*,*,#1926,.F.);
#3116=ORIENTED_EDGE('',*,*,#2277,.F.);
#3117=ORIENTED_EDGE('',*,*,#2251,.F.);
#3118=ORIENTED_EDGE('',*,*,#2277,.T.);
#3119=ORIENTED_EDGE('',*,*,#1925,.F.);
#3120=ORIENTED_EDGE('',*,*,#2278,.F.);
#3121=ORIENTED_EDGE('',*,*,#2252,.F.);
#3122=ORIENTED_EDGE('',*,*,#2278,.T.);
#3123=ORIENTED_EDGE('',*,*,#1924,.F.);
#3124=ORIENTED_EDGE('',*,*,#2279,.F.);
#3125=ORIENTED_EDGE('',*,*,#2253,.F.);
#3126=ORIENTED_EDGE('',*,*,#2279,.T.);
#3127=ORIENTED_EDGE('',*,*,#1923,.F.);
#3128=ORIENTED_EDGE('',*,*,#2280,.F.);
#3129=ORIENTED_EDGE('',*,*,#2246,.F.);
#3130=ORIENTED_EDGE('',*,*,#2280,.T.);
#3131=ORIENTED_EDGE('',*,*,#1922,.F.);
#3132=ORIENTED_EDGE('',*,*,#2273,.F.);
#3133=ORIENTED_EDGE('',*,*,#2239,.F.);
#3134=ORIENTED_EDGE('',*,*,#2281,.T.);
#3135=ORIENTED_EDGE('',*,*,#1937,.F.);
#3136=ORIENTED_EDGE('',*,*,#2282,.F.);
#3137=ORIENTED_EDGE('',*,*,#2240,.F.);
#3138=ORIENTED_EDGE('',*,*,#2282,.T.);
#3139=ORIENTED_EDGE('',*,*,#1936,.F.);
#3140=ORIENTED_EDGE('',*,*,#2283,.F.);
#3141=ORIENTED_EDGE('',*,*,#2241,.F.);
#3142=ORIENTED_EDGE('',*,*,#2283,.T.);
#3143=ORIENTED_EDGE('',*,*,#1935,.F.);
#3144=ORIENTED_EDGE('',*,*,#2284,.F.);
#3145=ORIENTED_EDGE('',*,*,#2242,.F.);
#3146=ORIENTED_EDGE('',*,*,#2284,.T.);
#3147=ORIENTED_EDGE('',*,*,#1934,.F.);
#3148=ORIENTED_EDGE('',*,*,#2285,.F.);
#3149=ORIENTED_EDGE('',*,*,#2243,.F.);
#3150=ORIENTED_EDGE('',*,*,#2285,.T.);
#3151=ORIENTED_EDGE('',*,*,#1933,.F.);
#3152=ORIENTED_EDGE('',*,*,#2286,.F.);
#3153=ORIENTED_EDGE('',*,*,#2244,.F.);
#3154=ORIENTED_EDGE('',*,*,#2286,.T.);
#3155=ORIENTED_EDGE('',*,*,#1932,.F.);
#3156=ORIENTED_EDGE('',*,*,#2287,.F.);
#3157=ORIENTED_EDGE('',*,*,#2245,.F.);
#3158=ORIENTED_EDGE('',*,*,#2287,.T.);
#3159=ORIENTED_EDGE('',*,*,#1931,.F.);
#3160=ORIENTED_EDGE('',*,*,#2288,.F.);
#3161=ORIENTED_EDGE('',*,*,#2238,.F.);
#3162=ORIENTED_EDGE('',*,*,#2288,.T.);
#3163=ORIENTED_EDGE('',*,*,#1930,.F.);
#3164=ORIENTED_EDGE('',*,*,#2281,.F.);
#3165=ORIENTED_EDGE('',*,*,#2231,.F.);
#3166=ORIENTED_EDGE('',*,*,#2289,.T.);
#3167=ORIENTED_EDGE('',*,*,#1945,.F.);
#3168=ORIENTED_EDGE('',*,*,#2290,.F.);
#3169=ORIENTED_EDGE('',*,*,#2232,.F.);
#3170=ORIENTED_EDGE('',*,*,#2290,.T.);
#3171=ORIENTED_EDGE('',*,*,#1944,.F.);
#3172=ORIENTED_EDGE('',*,*,#2291,.F.);
#3173=ORIENTED_EDGE('',*,*,#2233,.F.);
#3174=ORIENTED_EDGE('',*,*,#2291,.T.);
#3175=ORIENTED_EDGE('',*,*,#1943,.F.);
#3176=ORIENTED_EDGE('',*,*,#2292,.F.);
#3177=ORIENTED_EDGE('',*,*,#2234,.F.);
#3178=ORIENTED_EDGE('',*,*,#2292,.T.);
#3179=ORIENTED_EDGE('',*,*,#1942,.F.);
#3180=ORIENTED_EDGE('',*,*,#2293,.F.);
#3181=ORIENTED_EDGE('',*,*,#2235,.F.);
#3182=ORIENTED_EDGE('',*,*,#2293,.T.);
#3183=ORIENTED_EDGE('',*,*,#1941,.F.);
#3184=ORIENTED_EDGE('',*,*,#2294,.F.);
#3185=ORIENTED_EDGE('',*,*,#2236,.F.);
#3186=ORIENTED_EDGE('',*,*,#2294,.T.);
#3187=ORIENTED_EDGE('',*,*,#1940,.F.);
#3188=ORIENTED_EDGE('',*,*,#2295,.F.);
#3189=ORIENTED_EDGE('',*,*,#2237,.F.);
#3190=ORIENTED_EDGE('',*,*,#2295,.T.);
#3191=ORIENTED_EDGE('',*,*,#1939,.F.);
#3192=ORIENTED_EDGE('',*,*,#2296,.F.);
#3193=ORIENTED_EDGE('',*,*,#2230,.F.);
#3194=ORIENTED_EDGE('',*,*,#2296,.T.);
#3195=ORIENTED_EDGE('',*,*,#1938,.F.);
#3196=ORIENTED_EDGE('',*,*,#2289,.F.);
#3197=ORIENTED_EDGE('',*,*,#2193,.T.);
#3198=ORIENTED_EDGE('',*,*,#2297,.T.);
#3199=ORIENTED_EDGE('',*,*,#2189,.T.);
#3200=ORIENTED_EDGE('',*,*,#2298,.T.);
#3201=ORIENTED_EDGE('',*,*,#2299,.F.);
#3202=ORIENTED_EDGE('',*,*,#2300,.F.);
#3203=ORIENTED_EDGE('',*,*,#2301,.F.);
#3204=ORIENTED_EDGE('',*,*,#2302,.F.);
#3205=ORIENTED_EDGE('',*,*,#2303,.T.);
#3206=ORIENTED_EDGE('',*,*,#2304,.T.);
#3207=ORIENTED_EDGE('',*,*,#2305,.F.);
#3208=ORIENTED_EDGE('',*,*,#1918,.F.);
#3209=ORIENTED_EDGE('',*,*,#2306,.F.);
#3210=ORIENTED_EDGE('',*,*,#2298,.F.);
#3211=ORIENTED_EDGE('',*,*,#2307,.F.);
#3212=ORIENTED_EDGE('',*,*,#2303,.F.);
#3213=ORIENTED_EDGE('',*,*,#2191,.T.);
#3214=ORIENTED_EDGE('',*,*,#2176,.T.);
#3215=ORIENTED_EDGE('',*,*,#2308,.T.);
#3216=ORIENTED_EDGE('',*,*,#2309,.T.);
#3217=ORIENTED_EDGE('',*,*,#2310,.T.);
#3218=ORIENTED_EDGE('',*,*,#1919,.F.);
#3219=ORIENTED_EDGE('',*,*,#2305,.T.);
#3220=ORIENTED_EDGE('',*,*,#2302,.T.);
#3221=ORIENTED_EDGE('',*,*,#2307,.T.);
#3222=ORIENTED_EDGE('',*,*,#2301,.T.);
#3223=ORIENTED_EDGE('',*,*,#2076,.F.);
#3224=ORIENTED_EDGE('',*,*,#2311,.T.);
#3225=ORIENTED_EDGE('',*,*,#2312,.T.);
#3226=ORIENTED_EDGE('',*,*,#2311,.F.);
#3227=ORIENTED_EDGE('',*,*,#2041,.F.);
#3228=ORIENTED_EDGE('',*,*,#2313,.F.);
#3229=ORIENTED_EDGE('',*,*,#2314,.F.);
#3230=ORIENTED_EDGE('',*,*,#2315,.T.);
#3231=ORIENTED_EDGE('',*,*,#2309,.F.);
#3232=ORIENTED_EDGE('',*,*,#2312,.F.);
#3233=ORIENTED_EDGE('',*,*,#2316,.T.);
#3234=ORIENTED_EDGE('',*,*,#2317,.F.);
#3235=ORIENTED_EDGE('',*,*,#1920,.F.);
#3236=ORIENTED_EDGE('',*,*,#2310,.F.);
#3237=ORIENTED_EDGE('',*,*,#2315,.F.);
#3238=ORIENTED_EDGE('',*,*,#2318,.F.);
#3239=ORIENTED_EDGE('',*,*,#2229,.T.);
#3240=ORIENTED_EDGE('',*,*,#2195,.F.);
#3241=ORIENTED_EDGE('',*,*,#2319,.T.);
#3242=ORIENTED_EDGE('',*,*,#2320,.T.);
#3243=ORIENTED_EDGE('',*,*,#2321,.F.);
#3244=ORIENTED_EDGE('',*,*,#2322,.F.);
#3245=ORIENTED_EDGE('',*,*,#2323,.F.);
#3246=ORIENTED_EDGE('',*,*,#2324,.T.);
#3247=ORIENTED_EDGE('',*,*,#2323,.T.);
#3248=ORIENTED_EDGE('',*,*,#2116,.F.);
#3249=ORIENTED_EDGE('',*,*,#2299,.T.);
#3250=ORIENTED_EDGE('',*,*,#2306,.T.);
#3251=ORIENTED_EDGE('',*,*,#1917,.F.);
#3252=ORIENTED_EDGE('',*,*,#2325,.F.);
#3253=ORIENTED_EDGE('',*,*,#2326,.F.);
#3254=ORIENTED_EDGE('',*,*,#2327,.F.);
#3255=ORIENTED_EDGE('',*,*,#2320,.F.);
#3256=ORIENTED_EDGE('',*,*,#2324,.F.);
#3257=ORIENTED_EDGE('',*,*,#1916,.F.);
#3258=ORIENTED_EDGE('',*,*,#2328,.F.);
#3259=ORIENTED_EDGE('',*,*,#2326,.T.);
#3260=ORIENTED_EDGE('',*,*,#2329,.T.);
#3261=ORIENTED_EDGE('',*,*,#2178,.T.);
#3262=ORIENTED_EDGE('',*,*,#2318,.T.);
#3263=ORIENTED_EDGE('',*,*,#2198,.T.);
#3264=ORIENTED_EDGE('',*,*,#2330,.T.);
#3265=ORIENTED_EDGE('',*,*,#2331,.T.);
#3266=ORIENTED_EDGE('',*,*,#2108,.F.);
#3267=ORIENTED_EDGE('',*,*,#2321,.T.);
#3268=ORIENTED_EDGE('',*,*,#2327,.T.);
#3269=ORIENTED_EDGE('',*,*,#2328,.T.);
#3270=ORIENTED_EDGE('',*,*,#2325,.T.);
#3271=ORIENTED_EDGE('',*,*,#1915,.F.);
#3272=ORIENTED_EDGE('',*,*,#2332,.T.);
#3273=ORIENTED_EDGE('',*,*,#2333,.T.);
#3274=ORIENTED_EDGE('',*,*,#2334,.T.);
#3275=ORIENTED_EDGE('',*,*,#1921,.F.);
#3276=ORIENTED_EDGE('',*,*,#2317,.T.);
#3277=ORIENTED_EDGE('',*,*,#2314,.T.);
#3278=ORIENTED_EDGE('',*,*,#2313,.T.);
#3279=ORIENTED_EDGE('',*,*,#2186,.F.);
#3280=ORIENTED_EDGE('',*,*,#2135,.F.);
#3281=ORIENTED_EDGE('',*,*,#2089,.F.);
#3282=ORIENTED_EDGE('',*,*,#2335,.T.);
#3283=ORIENTED_EDGE('',*,*,#2336,.T.);
#3284=ORIENTED_EDGE('',*,*,#2335,.F.);
#3285=ORIENTED_EDGE('',*,*,#2106,.F.);
#3286=ORIENTED_EDGE('',*,*,#2331,.F.);
#3287=ORIENTED_EDGE('',*,*,#2334,.F.);
#3288=ORIENTED_EDGE('',*,*,#2337,.F.);
#3289=ORIENTED_EDGE('',*,*,#2332,.F.);
#3290=ORIENTED_EDGE('',*,*,#1914,.F.);
#3291=ORIENTED_EDGE('',*,*,#2333,.F.);
#3292=ORIENTED_EDGE('',*,*,#2336,.F.);
#3293=ORIENTED_EDGE('',*,*,#2330,.F.);
#3294=ORIENTED_EDGE('',*,*,#2337,.T.);
#3295=ORIENTED_EDGE('',*,*,#2338,.T.);
#3296=ORIENTED_EDGE('',*,*,#2339,.F.);
#3297=ORIENTED_EDGE('',*,*,#2340,.T.);
#3298=ORIENTED_EDGE('',*,*,#2056,.F.);
#3299=ORIENTED_EDGE('',*,*,#2341,.T.);
#3300=ORIENTED_EDGE('',*,*,#2192,.F.);
#3301=ORIENTED_EDGE('',*,*,#2342,.F.);
#3302=ORIENTED_EDGE('',*,*,#2183,.F.);
#3303=ORIENTED_EDGE('',*,*,#2343,.T.);
#3304=ORIENTED_EDGE('',*,*,#2213,.T.);
#3305=ORIENTED_EDGE('',*,*,#2344,.T.);
#3306=ORIENTED_EDGE('',*,*,#2345,.F.);
#3307=ORIENTED_EDGE('',*,*,#2202,.T.);
#3308=ORIENTED_EDGE('',*,*,#2203,.T.);
#3309=ORIENTED_EDGE('',*,*,#2205,.T.);
#3310=ORIENTED_EDGE('',*,*,#2207,.T.);
#3311=ORIENTED_EDGE('',*,*,#2209,.T.);
#3312=ORIENTED_EDGE('',*,*,#2211,.T.);
#3313=ORIENTED_EDGE('',*,*,#2346,.T.);
#3314=ORIENTED_EDGE('',*,*,#2347,.F.);
#3315=ORIENTED_EDGE('',*,*,#2078,.F.);
#3316=ORIENTED_EDGE('',*,*,#2057,.F.);
#3317=ORIENTED_EDGE('',*,*,#2340,.F.);
#3318=ORIENTED_EDGE('',*,*,#2055,.F.);
#3319=ORIENTED_EDGE('',*,*,#2348,.T.);
#3320=ORIENTED_EDGE('',*,*,#2297,.F.);
#3321=ORIENTED_EDGE('',*,*,#2341,.F.);
#3322=ORIENTED_EDGE('',*,*,#2182,.F.);
#3323=ORIENTED_EDGE('',*,*,#2074,.F.);
#3324=ORIENTED_EDGE('',*,*,#2214,.F.);
#3325=ORIENTED_EDGE('',*,*,#2343,.F.);
#3326=ORIENTED_EDGE('',*,*,#2184,.F.);
#3327=ORIENTED_EDGE('',*,*,#2342,.T.);
#3328=ORIENTED_EDGE('',*,*,#2308,.F.);
#3329=ORIENTED_EDGE('',*,*,#2181,.F.);
#3330=ORIENTED_EDGE('',*,*,#2349,.F.);
#3331=ORIENTED_EDGE('',*,*,#2304,.F.);
#3332=ORIENTED_EDGE('',*,*,#2350,.T.);
#3333=ORIENTED_EDGE('',*,*,#2349,.T.);
#3334=ORIENTED_EDGE('',*,*,#2350,.F.);
#3335=ORIENTED_EDGE('',*,*,#2351,.F.);
#3336=ORIENTED_EDGE('',*,*,#2329,.F.);
#3337=ORIENTED_EDGE('',*,*,#2352,.T.);
#3338=ORIENTED_EDGE('',*,*,#2351,.T.);
#3339=ORIENTED_EDGE('',*,*,#2352,.F.);
#3340=ORIENTED_EDGE('',*,*,#2353,.F.);
#3341=ORIENTED_EDGE('',*,*,#2316,.F.);
#3342=ORIENTED_EDGE('',*,*,#2354,.T.);
#3343=ORIENTED_EDGE('',*,*,#2353,.T.);
#3344=ORIENTED_EDGE('',*,*,#2354,.F.);
#3345=ORIENTED_EDGE('',*,*,#2355,.F.);
#3346=ORIENTED_EDGE('',*,*,#2338,.F.);
#3347=ORIENTED_EDGE('',*,*,#2356,.T.);
#3348=ORIENTED_EDGE('',*,*,#2355,.T.);
#3349=ORIENTED_EDGE('',*,*,#2356,.F.);
#3350=ORIENTED_EDGE('',*,*,#1949,.F.);
#3351=ORIENTED_EDGE('',*,*,#2357,.T.);
#3352=ORIENTED_EDGE('',*,*,#1841,.F.);
#3353=ORIENTED_EDGE('',*,*,#2358,.F.);
#3354=ORIENTED_EDGE('',*,*,#1948,.F.);
#3355=ORIENTED_EDGE('',*,*,#2359,.T.);
#3356=ORIENTED_EDGE('',*,*,#1842,.F.);
#3357=ORIENTED_EDGE('',*,*,#2357,.F.);
#3358=ORIENTED_EDGE('',*,*,#1947,.F.);
#3359=ORIENTED_EDGE('',*,*,#1956,.T.);
#3360=ORIENTED_EDGE('',*,*,#1843,.F.);
#3361=ORIENTED_EDGE('',*,*,#2359,.F.);
#3362=ORIENTED_EDGE('',*,*,#1862,.T.);
#3363=ORIENTED_EDGE('',*,*,#1954,.F.);
#3364=ORIENTED_EDGE('',*,*,#2360,.T.);
#3365=ORIENTED_EDGE('',*,*,#1836,.F.);
#3366=ORIENTED_EDGE('',*,*,#1953,.F.);
#3367=ORIENTED_EDGE('',*,*,#2361,.T.);
#3368=ORIENTED_EDGE('',*,*,#1837,.F.);
#3369=ORIENTED_EDGE('',*,*,#2360,.F.);
#3370=ORIENTED_EDGE('',*,*,#1952,.F.);
#3371=ORIENTED_EDGE('',*,*,#2362,.T.);
#3372=ORIENTED_EDGE('',*,*,#1838,.F.);
#3373=ORIENTED_EDGE('',*,*,#2361,.F.);
#3374=ORIENTED_EDGE('',*,*,#1951,.F.);
#3375=ORIENTED_EDGE('',*,*,#2363,.T.);
#3376=ORIENTED_EDGE('',*,*,#1839,.F.);
#3377=ORIENTED_EDGE('',*,*,#2362,.F.);
#3378=ORIENTED_EDGE('',*,*,#1950,.F.);
#3379=ORIENTED_EDGE('',*,*,#2358,.T.);
#3380=ORIENTED_EDGE('',*,*,#1840,.F.);
#3381=ORIENTED_EDGE('',*,*,#2363,.F.);
#3382=ORIENTED_EDGE('',*,*,#1833,.T.);
#3383=ORIENTED_EDGE('',*,*,#1858,.F.);
#3384=ORIENTED_EDGE('',*,*,#1900,.F.);
#3385=ORIENTED_EDGE('',*,*,#1867,.T.);
#3386=ORIENTED_EDGE('',*,*,#2364,.T.);
#3387=ORIENTED_EDGE('',*,*,#1848,.F.);
#3388=ORIENTED_EDGE('',*,*,#1955,.F.);
#3389=ORIENTED_EDGE('',*,*,#1877,.T.);
#3390=ORIENTED_EDGE('',*,*,#1895,.F.);
#3391=ORIENTED_EDGE('',*,*,#1849,.F.);
#3392=ORIENTED_EDGE('',*,*,#2364,.F.);
#3393=ORIENTED_EDGE('',*,*,#1876,.T.);
#3394=ORIENTED_EDGE('',*,*,#2084,.F.);
#3395=ORIENTED_EDGE('',*,*,#2199,.T.);
#3396=ORIENTED_EDGE('',*,*,#2319,.F.);
#3397=ORIENTED_EDGE('',*,*,#2365,.F.);
#3398=ORIENTED_EDGE('',*,*,#2085,.F.);
#3399=ORIENTED_EDGE('',*,*,#2365,.T.);
#3400=ORIENTED_EDGE('',*,*,#2196,.F.);
#3401=ORIENTED_EDGE('',*,*,#2366,.F.);
#3402=ORIENTED_EDGE('',*,*,#2110,.F.);
#3403=ORIENTED_EDGE('',*,*,#2114,.T.);
#3404=ORIENTED_EDGE('',*,*,#2223,.T.);
#3405=ORIENTED_EDGE('',*,*,#2225,.T.);
#3406=ORIENTED_EDGE('',*,*,#2227,.T.);
#3407=ORIENTED_EDGE('',*,*,#2367,.T.);
#3408=ORIENTED_EDGE('',*,*,#2086,.F.);
#3409=ORIENTED_EDGE('',*,*,#2366,.T.);
#3410=ORIENTED_EDGE('',*,*,#2190,.F.);
#3411=ORIENTED_EDGE('',*,*,#2348,.F.);
#3412=ORIENTED_EDGE('',*,*,#2054,.F.);
#3413=ORIENTED_EDGE('',*,*,#2061,.T.);
#3414=ORIENTED_EDGE('',*,*,#2216,.T.);
#3415=ORIENTED_EDGE('',*,*,#2218,.T.);
#3416=ORIENTED_EDGE('',*,*,#2220,.T.);
#3417=ORIENTED_EDGE('',*,*,#2222,.T.);
#3418=ORIENTED_EDGE('',*,*,#2025,.T.);
#3419=ORIENTED_EDGE('',*,*,#2087,.F.);
#3420=ORIENTED_EDGE('',*,*,#2367,.F.);
#3421=ORIENTED_EDGE('',*,*,#2228,.T.);
#3422=ORIENTED_EDGE('',*,*,#2118,.F.);
#3423=ORIENTED_EDGE('',*,*,#2030,.T.);
#3424=ORIENTED_EDGE('',*,*,#2032,.T.);
#3425=ORIENTED_EDGE('',*,*,#2117,.T.);
#3426=ORIENTED_EDGE('',*,*,#2322,.T.);
#3427=ORIENTED_EDGE('',*,*,#2107,.F.);
#3428=ORIENTED_EDGE('',*,*,#2368,.F.);
#3429=ORIENTED_EDGE('',*,*,#2344,.F.);
#3430=ORIENTED_EDGE('',*,*,#2215,.T.);
#3431=ORIENTED_EDGE('',*,*,#2072,.F.);
#3432=ORIENTED_EDGE('',*,*,#1996,.T.);
#3433=ORIENTED_EDGE('',*,*,#2077,.T.);
#3434=ORIENTED_EDGE('',*,*,#2300,.T.);
#3435=ORIENTED_EDGE('',*,*,#2115,.F.);
#3436=ORIENTED_EDGE('',*,*,#2369,.F.);
#3437=ORIENTED_EDGE('',*,*,#2346,.F.);
#3438=ORIENTED_EDGE('',*,*,#2212,.T.);
#3439=ORIENTED_EDGE('',*,*,#2063,.F.);
#3440=ORIENTED_EDGE('',*,*,#1961,.T.);
#3441=ORIENTED_EDGE('',*,*,#2079,.T.);
#3442=ORIENTED_EDGE('',*,*,#2347,.T.);
#3443=ORIENTED_EDGE('',*,*,#2339,.T.);
#3444=ORIENTED_EDGE('',*,*,#2369,.T.);
#3445=ORIENTED_EDGE('',*,*,#2062,.T.);
#3446=ORIENTED_EDGE('',*,*,#1957,.T.);
#3447=ORIENTED_EDGE('',*,*,#1965,.T.);
#3448=ORIENTED_EDGE('',*,*,#2001,.T.);
#3449=ORIENTED_EDGE('',*,*,#2070,.T.);
#3450=ORIENTED_EDGE('',*,*,#2200,.T.);
#3451=ORIENTED_EDGE('',*,*,#2345,.T.);
#3452=ORIENTED_EDGE('',*,*,#2368,.T.);
#3453=ORIENTED_EDGE('',*,*,#2071,.T.);
#3454=ORIENTED_EDGE('',*,*,#1997,.T.);
#3455=ORIENTED_EDGE('',*,*,#2005,.T.);
#3456=CYLINDRICAL_SURFACE('',#3738,1.);
#3457=CYLINDRICAL_SURFACE('',#3754,1.);
#3458=CYLINDRICAL_SURFACE('',#3768,1.);
#3459=CYLINDRICAL_SURFACE('',#3770,1.);
#3460=CYLINDRICAL_SURFACE('',#3772,1.);
#3461=CYLINDRICAL_SURFACE('',#3778,1.);
#3462=CYLINDRICAL_SURFACE('',#3811,4.53122164831317);
#3463=CYLINDRICAL_SURFACE('',#3816,4.5);
#3464=CYLINDRICAL_SURFACE('',#3829,4.53122164832227);
#3465=CYLINDRICAL_SURFACE('',#3833,4.53122164831528);
#3466=CYLINDRICAL_SURFACE('',#3842,3.3);
#3467=CYLINDRICAL_SURFACE('',#3846,1.05);
#3468=CYLINDRICAL_SURFACE('',#3868,3.3);
#3469=CYLINDRICAL_SURFACE('',#3882,1.05);
#3470=CYLINDRICAL_SURFACE('',#3888,1.05);
#3471=CYLINDRICAL_SURFACE('',#3891,1.05000000000062);
#3472=CYLINDRICAL_SURFACE('',#3898,1.05);
#3473=CYLINDRICAL_SURFACE('',#3901,1.05000000000061);
#3474=CYLINDRICAL_SURFACE('',#3907,8.);
#3475=CYLINDRICAL_SURFACE('',#3914,8.);
#3476=CYLINDRICAL_SURFACE('',#3917,8.);
#3477=CYLINDRICAL_SURFACE('',#3923,5.3);
#3478=CYLINDRICAL_SURFACE('',#3925,1.);
#3479=CYLINDRICAL_SURFACE('',#3928,1.);
#3480=CYLINDRICAL_SURFACE('',#3931,1.00000000000004);
#3481=CYLINDRICAL_SURFACE('',#3935,0.800000000000001);
#3482=CYLINDRICAL_SURFACE('',#3938,0.800000000000003);
#3483=CYLINDRICAL_SURFACE('',#3941,0.800000000000003);
#3484=CYLINDRICAL_SURFACE('',#3944,0.800000000000005);
#3485=CYLINDRICAL_SURFACE('',#3964,1.);
#3486=CYLINDRICAL_SURFACE('',#3966,1.);
#3487=CYLINDRICAL_SURFACE('',#3967,4.);
#3488=CYLINDRICAL_SURFACE('',#3969,4.);
#3489=CYLINDRICAL_SURFACE('',#3971,4.);
#3490=CYLINDRICAL_SURFACE('',#3973,4.);
#3491=CYLINDRICAL_SURFACE('',#3975,2.2);
#3492=CYLINDRICAL_SURFACE('',#3977,2.2);
#3493=CYLINDRICAL_SURFACE('',#3979,2.20000000000001);
#3494=CYLINDRICAL_SURFACE('',#3981,2.19999999999999);
#3495=CYLINDRICAL_SURFACE('',#3983,2.);
#3496=CYLINDRICAL_SURFACE('',#3985,2.);
#3497=CYLINDRICAL_SURFACE('',#3987,2.);
#3498=CYLINDRICAL_SURFACE('',#3989,2.);
#3499=CYLINDRICAL_SURFACE('',#3991,2.);
#3500=CYLINDRICAL_SURFACE('',#3993,2.);
#3501=CYLINDRICAL_SURFACE('',#3995,2.);
#3502=CYLINDRICAL_SURFACE('',#3997,2.);
#3503=CYLINDRICAL_SURFACE('',#4006,4.15);
#3504=CYLINDRICAL_SURFACE('',#4008,6.);
#3505=CYLINDRICAL_SURFACE('',#4014,4.15);
#3506=CYLINDRICAL_SURFACE('',#4015,8.);
#3507=CYLINDRICAL_SURFACE('',#4020,6.);
#3508=CYLINDRICAL_SURFACE('',#4021,4.15);
#3509=CYLINDRICAL_SURFACE('',#4025,6.);
#3510=CYLINDRICAL_SURFACE('',#4027,6.);
#3511=CYLINDRICAL_SURFACE('',#4029,4.15);
#3512=CYLINDRICAL_SURFACE('',#4038,3.15);
#3513=CYLINDRICAL_SURFACE('',#4039,5.30000000000546);
#3514=CYLINDRICAL_SURFACE('',#4040,1.28);
#3515=CYLINDRICAL_SURFACE('',#4041,5.3);
#3516=CYLINDRICAL_SURFACE('',#4044,2.2);
#3517=CYLINDRICAL_SURFACE('',#4047,2.2);
#3518=CYLINDRICAL_SURFACE('',#4050,2.2);
#3519=CYLINDRICAL_SURFACE('',#4053,2.2);
#3520=CYLINDRICAL_SURFACE('',#4054,5.);
#3521=CYLINDRICAL_SURFACE('',#4056,5.);
#3522=CYLINDRICAL_SURFACE('',#4058,5.);
#3523=CYLINDRICAL_SURFACE('',#4060,5.);
#3524=CYLINDRICAL_SURFACE('',#4066,5.30000000000002);
#3525=CYLINDRICAL_SURFACE('',#4069,3.30000000000002);
#3526=CYLINDRICAL_SURFACE('',#4070,1.28);
#3527=CYLINDRICAL_SURFACE('',#4071,3.30000000000546);
#3528=CYLINDRICAL_SURFACE('',#4072,0.999999999999919);
#3529=ADVANCED_FACE('',(#179),#3456,.T.);
#3530=ADVANCED_FACE('',(#180),#65,.T.);
#3531=ADVANCED_FACE('',(#181),#66,.T.);
#3532=ADVANCED_FACE('',(#182),#67,.F.);
#3533=ADVANCED_FACE('',(#183),#3457,.T.);
#3534=ADVANCED_FACE('',(#184),#68,.T.);
#3535=ADVANCED_FACE('',(#185),#69,.T.);
#3536=ADVANCED_FACE('',(#186),#70,.F.);
#3537=ADVANCED_FACE('',(#187),#3458,.T.);
#3538=ADVANCED_FACE('',(#188),#71,.F.);
#3539=ADVANCED_FACE('',(#189),#3459,.T.);
#3540=ADVANCED_FACE('',(#190),#72,.T.);
#3541=ADVANCED_FACE('',(#191),#3460,.F.);
#3542=ADVANCED_FACE('',(#192),#73,.F.);
#3543=ADVANCED_FACE('',(#193),#74,.F.);
#3544=ADVANCED_FACE('',(#194),#3461,.F.);
#3545=ADVANCED_FACE('',(#195),#75,.F.);
#3546=ADVANCED_FACE('',(#196,#53,#54,#55,#56),#76,.T.);
#3547=ADVANCED_FACE('',(#197),#77,.T.);
#3548=ADVANCED_FACE('',(#198),#78,.T.);
#3549=ADVANCED_FACE('',(#199),#79,.F.);
#3550=ADVANCED_FACE('',(#200),#80,.F.);
#3551=ADVANCED_FACE('',(#201),#81,.F.);
#3552=ADVANCED_FACE('',(#202),#82,.F.);
#3553=ADVANCED_FACE('',(#203),#83,.T.);
#3554=ADVANCED_FACE('',(#204),#3462,.F.);
#3555=ADVANCED_FACE('',(#205),#84,.F.);
#3556=ADVANCED_FACE('',(#206),#85,.F.);
#3557=ADVANCED_FACE('',(#207),#86,.F.);
#3558=ADVANCED_FACE('',(#208),#3463,.F.);
#3559=ADVANCED_FACE('',(#209),#87,.F.);
#3560=ADVANCED_FACE('',(#210),#88,.F.);
#3561=ADVANCED_FACE('',(#211),#89,.T.);
#3562=ADVANCED_FACE('',(#212),#90,.F.);
#3563=ADVANCED_FACE('',(#213),#91,.F.);
#3564=ADVANCED_FACE('',(#214),#92,.F.);
#3565=ADVANCED_FACE('',(#215),#93,.F.);
#3566=ADVANCED_FACE('',(#216),#94,.F.);
#3567=ADVANCED_FACE('',(#217),#95,.F.);
#3568=ADVANCED_FACE('',(#218),#3464,.F.);
#3569=ADVANCED_FACE('',(#219),#96,.F.);
#3570=ADVANCED_FACE('',(#220),#3465,.F.);
#3571=ADVANCED_FACE('',(#221),#97,.F.);
#3572=ADVANCED_FACE('',(#222),#98,.T.);
#3573=ADVANCED_FACE('',(#223),#99,.F.);
#3574=ADVANCED_FACE('',(#224),#100,.F.);
#3575=ADVANCED_FACE('',(#225),#3466,.F.);
#3576=ADVANCED_FACE('',(#226),#101,.F.);
#3577=ADVANCED_FACE('',(#227),#102,.F.);
#3578=ADVANCED_FACE('',(#228),#3467,.F.);
#3579=ADVANCED_FACE('',(#229),#103,.T.);
#3580=ADVANCED_FACE('',(#230),#104,.F.);
#3581=ADVANCED_FACE('',(#231),#105,.F.);
#3582=ADVANCED_FACE('',(#232),#106,.T.);
#3583=ADVANCED_FACE('',(#233),#107,.F.);
#3584=ADVANCED_FACE('',(#234),#3468,.F.);
#3585=ADVANCED_FACE('',(#235),#108,.F.);
#3586=ADVANCED_FACE('',(#236),#109,.T.);
#3587=ADVANCED_FACE('',(#237),#110,.F.);
#3588=ADVANCED_FACE('',(#238),#111,.F.);
#3589=ADVANCED_FACE('',(#239),#112,.F.);
#3590=ADVANCED_FACE('',(#240),#113,.F.);
#3591=ADVANCED_FACE('',(#241),#114,.T.);
#3592=ADVANCED_FACE('',(#242),#3469,.F.);
#3593=ADVANCED_FACE('',(#243),#115,.F.);
#3594=ADVANCED_FACE('',(#244),#116,.F.);
#3595=ADVANCED_FACE('',(#245),#3470,.F.);
#3596=ADVANCED_FACE('',(#246),#117,.F.);
#3597=ADVANCED_FACE('',(#247),#3471,.F.);
#3598=ADVANCED_FACE('',(#248),#118,.F.);
#3599=ADVANCED_FACE('',(#249),#119,.F.);
#3600=ADVANCED_FACE('',(#250),#120,.F.);
#3601=ADVANCED_FACE('',(#251),#121,.F.);
#3602=ADVANCED_FACE('',(#252),#122,.F.);
#3603=ADVANCED_FACE('',(#253),#3472,.F.);
#3604=ADVANCED_FACE('',(#254),#123,.F.);
#3605=ADVANCED_FACE('',(#255),#3473,.F.);
#3606=ADVANCED_FACE('',(#256),#124,.F.);
#3607=ADVANCED_FACE('',(#257),#125,.F.);
#3608=ADVANCED_FACE('',(#258),#126,.F.);
#3609=ADVANCED_FACE('',(#259),#127,.F.);
#3610=ADVANCED_FACE('',(#260),#3474,.T.);
#3611=ADVANCED_FACE('',(#261),#128,.T.);
#3612=ADVANCED_FACE('',(#262),#129,.T.);
#3613=ADVANCED_FACE('',(#263),#130,.F.);
#3614=ADVANCED_FACE('',(#264),#3475,.T.);
#3615=ADVANCED_FACE('',(#265),#3476,.T.);
#3616=ADVANCED_FACE('',(#266),#29,.F.);
#3617=ADVANCED_FACE('',(#267),#131,.T.);
#3618=ADVANCED_FACE('',(#268),#3477,.T.);
#3619=ADVANCED_FACE('',(#269),#3478,.F.);
#3620=ADVANCED_FACE('',(#270),#132,.F.);
#3621=ADVANCED_FACE('',(#271),#3479,.F.);
#3622=ADVANCED_FACE('',(#272),#133,.F.);
#3623=ADVANCED_FACE('',(#273),#3480,.F.);
#3624=ADVANCED_FACE('',(#274),#134,.F.);
#3625=ADVANCED_FACE('',(#275),#135,.F.);
#3626=ADVANCED_FACE('',(#276),#3481,.F.);
#3627=ADVANCED_FACE('',(#277),#136,.F.);
#3628=ADVANCED_FACE('',(#278),#3482,.F.);
#3629=ADVANCED_FACE('',(#279),#137,.F.);
#3630=ADVANCED_FACE('',(#280),#3483,.F.);
#3631=ADVANCED_FACE('',(#281),#138,.F.);
#3632=ADVANCED_FACE('',(#282),#3484,.F.);
#3633=ADVANCED_FACE('',(#283,#57,#58,#59,#60),#139,.T.);
#3634=ADVANCED_FACE('',(#284),#140,.F.);
#3635=ADVANCED_FACE('',(#285),#3485,.F.);
#3636=ADVANCED_FACE('',(#286),#141,.F.);
#3637=ADVANCED_FACE('',(#287),#3486,.F.);
#3638=ADVANCED_FACE('',(#288),#3487,.F.);
#3639=ADVANCED_FACE('',(#289),#142,.F.);
#3640=ADVANCED_FACE('',(#290),#3488,.F.);
#3641=ADVANCED_FACE('',(#291),#143,.F.);
#3642=ADVANCED_FACE('',(#292),#3489,.F.);
#3643=ADVANCED_FACE('',(#293),#144,.F.);
#3644=ADVANCED_FACE('',(#294),#3490,.F.);
#3645=ADVANCED_FACE('',(#295),#145,.F.);
#3646=ADVANCED_FACE('',(#296),#3491,.F.);
#3647=ADVANCED_FACE('',(#297),#146,.F.);
#3648=ADVANCED_FACE('',(#298),#3492,.F.);
#3649=ADVANCED_FACE('',(#299),#147,.F.);
#3650=ADVANCED_FACE('',(#300),#3493,.F.);
#3651=ADVANCED_FACE('',(#301),#148,.F.);
#3652=ADVANCED_FACE('',(#302),#3494,.F.);
#3653=ADVANCED_FACE('',(#303),#149,.F.);
#3654=ADVANCED_FACE('',(#304),#3495,.F.);
#3655=ADVANCED_FACE('',(#305),#150,.F.);
#3656=ADVANCED_FACE('',(#306),#3496,.F.);
#3657=ADVANCED_FACE('',(#307),#151,.F.);
#3658=ADVANCED_FACE('',(#308),#3497,.F.);
#3659=ADVANCED_FACE('',(#309),#152,.F.);
#3660=ADVANCED_FACE('',(#310),#3498,.F.);
#3661=ADVANCED_FACE('',(#311),#153,.F.);
#3662=ADVANCED_FACE('',(#312),#3499,.F.);
#3663=ADVANCED_FACE('',(#313),#154,.F.);
#3664=ADVANCED_FACE('',(#314),#3500,.F.);
#3665=ADVANCED_FACE('',(#315),#155,.F.);
#3666=ADVANCED_FACE('',(#316),#3501,.F.);
#3667=ADVANCED_FACE('',(#317),#156,.F.);
#3668=ADVANCED_FACE('',(#318),#3502,.F.);
#3669=ADVANCED_FACE('',(#319),#157,.F.);
#3670=ADVANCED_FACE('',(#320),#30,.F.);
#3671=ADVANCED_FACE('',(#321),#31,.T.);
#3672=ADVANCED_FACE('',(#322,#61),#158,.T.);
#3673=ADVANCED_FACE('',(#323),#3503,.T.);
#3674=ADVANCED_FACE('',(#324),#32,.F.);
#3675=ADVANCED_FACE('',(#325),#3504,.F.);
#3676=ADVANCED_FACE('',(#326),#33,.T.);
#3677=ADVANCED_FACE('',(#327,#62),#159,.T.);
#3678=ADVANCED_FACE('',(#328),#3505,.T.);
#3679=ADVANCED_FACE('',(#329),#3506,.T.);
#3680=ADVANCED_FACE('',(#330),#34,.T.);
#3681=ADVANCED_FACE('',(#331),#3507,.F.);
#3682=ADVANCED_FACE('',(#332),#3508,.T.);
#3683=ADVANCED_FACE('',(#333,#63),#160,.T.);
#3684=ADVANCED_FACE('',(#334),#35,.F.);
#3685=ADVANCED_FACE('',(#335),#3509,.F.);
#3686=ADVANCED_FACE('',(#336),#3510,.F.);
#3687=ADVANCED_FACE('',(#337),#36,.T.);
#3688=ADVANCED_FACE('',(#338),#3511,.T.);
#3689=ADVANCED_FACE('',(#339,#64),#161,.T.);
#3690=ADVANCED_FACE('',(#340),#162,.T.);
#3691=ADVANCED_FACE('',(#341),#3512,.F.);
#3692=ADVANCED_FACE('',(#342),#3513,.T.);
#3693=ADVANCED_FACE('',(#343),#3514,.F.);
#3694=ADVANCED_FACE('',(#344),#3515,.T.);
#3695=ADVANCED_FACE('',(#345),#163,.T.);
#3696=ADVANCED_FACE('',(#346),#3516,.F.);
#3697=ADVANCED_FACE('',(#347),#164,.T.);
#3698=ADVANCED_FACE('',(#348),#3517,.F.);
#3699=ADVANCED_FACE('',(#349),#165,.T.);
#3700=ADVANCED_FACE('',(#350),#3518,.F.);
#3701=ADVANCED_FACE('',(#351),#166,.T.);
#3702=ADVANCED_FACE('',(#352),#3519,.F.);
#3703=ADVANCED_FACE('',(#353),#3520,.T.);
#3704=ADVANCED_FACE('',(#354),#167,.T.);
#3705=ADVANCED_FACE('',(#355),#3521,.T.);
#3706=ADVANCED_FACE('',(#356),#168,.T.);
#3707=ADVANCED_FACE('',(#357),#3522,.T.);
#3708=ADVANCED_FACE('',(#358),#169,.T.);
#3709=ADVANCED_FACE('',(#359),#3523,.T.);
#3710=ADVANCED_FACE('',(#360),#170,.T.);
#3711=ADVANCED_FACE('',(#361),#171,.T.);
#3712=ADVANCED_FACE('',(#362),#172,.T.);
#3713=ADVANCED_FACE('',(#363),#173,.T.);
#3714=ADVANCED_FACE('',(#364),#174,.T.);
#3715=ADVANCED_FACE('',(#365),#3524,.T.);
#3716=ADVANCED_FACE('',(#366),#175,.T.);
#3717=ADVANCED_FACE('',(#367),#176,.F.);
#3718=ADVANCED_FACE('',(#368),#3525,.F.);
#3719=ADVANCED_FACE('',(#369),#3526,.F.);
#3720=ADVANCED_FACE('',(#370),#3527,.F.);
#3721=ADVANCED_FACE('',(#371),#3528,.F.);
#3722=ADVANCED_FACE('',(#372),#177,.T.);
#3723=ADVANCED_FACE('',(#373),#178,.T.);
#3724=CLOSED_SHELL('',(#3529,#3530,#3531,#3532,#3533,#3534,#3535,#3536,
#3537,#3538,#3539,#3540,#3541,#3542,#3543,#3544,#3545,#3546,#3547,#3548,
#3549,#3550,#3551,#3552,#3553,#3554,#3555,#3556,#3557,#3558,#3559,#3560,
#3561,#3562,#3563,#3564,#3565,#3566,#3567,#3568,#3569,#3570,#3571,#3572,
#3573,#3574,#3575,#3576,#3577,#3578,#3579,#3580,#3581,#3582,#3583,#3584,
#3585,#3586,#3587,#3588,#3589,#3590,#3591,#3592,#3593,#3594,#3595,#3596,
#3597,#3598,#3599,#3600,#3601,#3602,#3603,#3604,#3605,#3606,#3607,#3608,
#3609,#3610,#3611,#3612,#3613,#3614,#3615,#3616,#3617,#3618,#3619,#3620,
#3621,#3622,#3623,#3624,#3625,#3626,#3627,#3628,#3629,#3630,#3631,#3632,
#3633,#3634,#3635,#3636,#3637,#3638,#3639,#3640,#3641,#3642,#3643,#3644,
#3645,#3646,#3647,#3648,#3649,#3650,#3651,#3652,#3653,#3654,#3655,#3656,
#3657,#3658,#3659,#3660,#3661,#3662,#3663,#3664,#3665,#3666,#3667,#3668,
#3669,#3670,#3671,#3672,#3673,#3674,#3675,#3676,#3677,#3678,#3679,#3680,
#3681,#3682,#3683,#3684,#3685,#3686,#3687,#3688,#3689,#3690,#3691,#3692,
#3693,#3694,#3695,#3696,#3697,#3698,#3699,#3700,#3701,#3702,#3703,#3704,
#3705,#3706,#3707,#3708,#3709,#3710,#3711,#3712,#3713,#3714,#3715,#3716,
#3717,#3718,#3719,#3720,#3721,#3722,#3723));
#3725=DERIVED_UNIT_ELEMENT(#3727,1.);
#3726=DERIVED_UNIT_ELEMENT(#6644,-3.);
#3727=(
MASS_UNIT()
NAMED_UNIT(*)
SI_UNIT(.KILO.,.GRAM.)
);
#3728=DERIVED_UNIT((#3725,#3726));
#3729=MEASURE_REPRESENTATION_ITEM('density measure',
POSITIVE_RATIO_MEASURE(7850.),#3728);
#3730=PROPERTY_DEFINITION_REPRESENTATION(#3735,#3732);
#3731=PROPERTY_DEFINITION_REPRESENTATION(#3736,#3733);
#3732=REPRESENTATION('material name',(#3734),#6641);
#3733=REPRESENTATION('density',(#3729),#6641);
#3734=DESCRIPTIVE_REPRESENTATION_ITEM('Steel','Steel');
#3735=PROPERTY_DEFINITION('material property','material name',#6651);
#3736=PROPERTY_DEFINITION('material property','density of part',#6651);
#3737=AXIS2_PLACEMENT_3D('',#5130,#4075,#4076);
#3738=AXIS2_PLACEMENT_3D('',#5131,#4077,#4078);
#3739=AXIS2_PLACEMENT_3D('',#5134,#4079,#4080);
#3740=AXIS2_PLACEMENT_3D('',#5138,#4082,#4083);
#3741=AXIS2_PLACEMENT_3D('',#5140,#4084,#4085);
#3742=AXIS2_PLACEMENT_3D('',#5142,#4087,#4088);
#3743=AXIS2_PLACEMENT_3D('',#5148,#4092,#4093);
#3744=AXIS2_PLACEMENT_3D('',#5154,#4096,#4097);
#3745=AXIS2_PLACEMENT_3D('',#5158,#4099,#4100);
#3746=AXIS2_PLACEMENT_3D('',#5162,#4102,#4103);
#3747=AXIS2_PLACEMENT_3D('',#5166,#4105,#4106);
#3748=AXIS2_PLACEMENT_3D('',#5172,#4109,#4110);
#3749=AXIS2_PLACEMENT_3D('',#5180,#4114,#4115);
#3750=AXIS2_PLACEMENT_3D('',#5184,#4117,#4118);
#3751=AXIS2_PLACEMENT_3D('',#5188,#4120,#4121);
#3752=AXIS2_PLACEMENT_3D('',#5192,#4123,#4124);
#3753=AXIS2_PLACEMENT_3D('',#5196,#4127,#4128);
#3754=AXIS2_PLACEMENT_3D('',#5204,#4133,#4134);
#3755=AXIS2_PLACEMENT_3D('',#5207,#4135,#4136);
#3756=AXIS2_PLACEMENT_3D('',#5211,#4139,#4140);
#3757=AXIS2_PLACEMENT_3D('',#5212,#4141,#4142);
#3758=AXIS2_PLACEMENT_3D('',#5218,#4145,#4146);
#3759=AXIS2_PLACEMENT_3D('',#5222,#4148,#4149);
#3760=AXIS2_PLACEMENT_3D('',#5226,#4151,#4152);
#3761=AXIS2_PLACEMENT_3D('',#5230,#4154,#4155);
#3762=AXIS2_PLACEMENT_3D('',#5239,#4160,#4161);
#3763=AXIS2_PLACEMENT_3D('',#5243,#4163,#4164);
#3764=AXIS2_PLACEMENT_3D('',#5247,#4166,#4167);
#3765=AXIS2_PLACEMENT_3D('',#5251,#4169,#4170);
#3766=AXIS2_PLACEMENT_3D('',#5253,#4172,#4173);
#3767=AXIS2_PLACEMENT_3D('',#5262,#4178,#4179);
#3768=AXIS2_PLACEMENT_3D('',#5268,#4183,#4184);
#3769=AXIS2_PLACEMENT_3D('',#5271,#4187,#4188);
#3770=AXIS2_PLACEMENT_3D('',#5273,#4190,#4191);
#3771=AXIS2_PLACEMENT_3D('',#5276,#4194,#4195);
#3772=AXIS2_PLACEMENT_3D('',#5278,#4197,#4198);
#3773=AXIS2_PLACEMENT_3D('',#5281,#4199,#4200);
#3774=AXIS2_PLACEMENT_3D('',#5285,#4202,#4203);
#3775=AXIS2_PLACEMENT_3D('',#5287,#4205,#4206);
#3776=AXIS2_PLACEMENT_3D('',#5290,#4208,#4209);
#3777=AXIS2_PLACEMENT_3D('',#5293,#4212,#4213);
#3778=AXIS2_PLACEMENT_3D('',#5297,#4216,#4217);
#3779=AXIS2_PLACEMENT_3D('',#5298,#4218,#4219);
#3780=AXIS2_PLACEMENT_3D('',#5299,#4220,#4221);
#3781=AXIS2_PLACEMENT_3D('',#5303,#4224,#4225);
#3782=AXIS2_PLACEMENT_3D('',#5306,#4226,#4227);
#3783=AXIS2_PLACEMENT_3D('',#5310,#4229,#4230);
#3784=AXIS2_PLACEMENT_3D('',#5314,#4232,#4233);
#3785=AXIS2_PLACEMENT_3D('',#5318,#4235,#4236);
#3786=AXIS2_PLACEMENT_3D('',#5324,#4239,#4240);
#3787=AXIS2_PLACEMENT_3D('',#5328,#4242,#4243);
#3788=AXIS2_PLACEMENT_3D('',#5332,#4245,#4246);
#3789=AXIS2_PLACEMENT_3D('',#5335,#4248,#4249);
#3790=AXIS2_PLACEMENT_3D('',#5340,#4251,#4252);
#3791=AXIS2_PLACEMENT_3D('',#5344,#4254,#4255);
#3792=AXIS2_PLACEMENT_3D('',#5348,#4257,#4258);
#3793=AXIS2_PLACEMENT_3D('',#5351,#4260,#4261);
#3794=AXIS2_PLACEMENT_3D('',#5356,#4263,#4264);
#3795=AXIS2_PLACEMENT_3D('',#5360,#4266,#4267);
#3796=AXIS2_PLACEMENT_3D('',#5364,#4269,#4270);
#3797=AXIS2_PLACEMENT_3D('',#5367,#4272,#4273);
#3798=AXIS2_PLACEMENT_3D('',#5371,#4275,#4276);
#3799=AXIS2_PLACEMENT_3D('',#5375,#4278,#4279);
#3800=AXIS2_PLACEMENT_3D('',#5379,#4281,#4282);
#3801=AXIS2_PLACEMENT_3D('',#5383,#4284,#4285);
#3802=AXIS2_PLACEMENT_3D('',#5385,#4287,#4288);
#3803=AXIS2_PLACEMENT_3D('',#5387,#4290,#4291);
#3804=AXIS2_PLACEMENT_3D('',#5389,#4293,#4294);
#3805=AXIS2_PLACEMENT_3D('',#5398,#4299,#4300);
#3806=AXIS2_PLACEMENT_3D('',#5407,#4305,#4306);
#3807=AXIS2_PLACEMENT_3D('',#5410,#4309,#4310);
#3808=AXIS2_PLACEMENT_3D('',#5412,#4312,#4313);
#3809=AXIS2_PLACEMENT_3D('',#5416,#4315,#4316);
#3810=AXIS2_PLACEMENT_3D('',#5423,#4320,#4321);
#3811=AXIS2_PLACEMENT_3D('',#5424,#4322,#4323);
#3812=AXIS2_PLACEMENT_3D('',#5426,#4324,#4325);
#3813=AXIS2_PLACEMENT_3D('',#5428,#4327,#4328);
#3814=AXIS2_PLACEMENT_3D('',#5434,#4332,#4333);
#3815=AXIS2_PLACEMENT_3D('',#5436,#4335,#4336);
#3816=AXIS2_PLACEMENT_3D('',#5445,#4341,#4342);
#3817=AXIS2_PLACEMENT_3D('',#5447,#4343,#4344);
#3818=AXIS2_PLACEMENT_3D('',#5450,#4346,#4347);
#3819=AXIS2_PLACEMENT_3D('',#5451,#4348,#4349);
#3820=AXIS2_PLACEMENT_3D('',#5457,#4353,#4354);
#3821=AXIS2_PLACEMENT_3D('',#5463,#4358,#4359);
#3822=AXIS2_PLACEMENT_3D('',#5470,#4363,#4364);
#3823=AXIS2_PLACEMENT_3D('',#5471,#4365,#4366);
#3824=AXIS2_PLACEMENT_3D('',#5480,#4371,#4372);
#3825=AXIS2_PLACEMENT_3D('',#5489,#4377,#4378);
#3826=AXIS2_PLACEMENT_3D('',#5492,#4381,#4382);
#3827=AXIS2_PLACEMENT_3D('',#5494,#4384,#4385);
#3828=AXIS2_PLACEMENT_3D('',#5503,#4390,#4391);
#3829=AXIS2_PLACEMENT_3D('',#5509,#4395,#4396);
#3830=AXIS2_PLACEMENT_3D('',#5511,#4397,#4398);
#3831=AXIS2_PLACEMENT_3D('',#5514,#4400,#4401);
#3832=AXIS2_PLACEMENT_3D('',#5515,#4402,#4403);
#3833=AXIS2_PLACEMENT_3D('',#5521,#4407,#4408);
#3834=AXIS2_PLACEMENT_3D('',#5523,#4409,#4410);
#3835=AXIS2_PLACEMENT_3D('',#5526,#4412,#4413);
#3836=AXIS2_PLACEMENT_3D('',#5527,#4414,#4415);
#3837=AXIS2_PLACEMENT_3D('',#5533,#4419,#4420);
#3838=AXIS2_PLACEMENT_3D('',#5538,#4422,#4423);
#3839=AXIS2_PLACEMENT_3D('',#5544,#4427,#4428);
#3840=AXIS2_PLACEMENT_3D('',#5545,#4429,#4430);
#3841=AXIS2_PLACEMENT_3D('',#5554,#4435,#4436);
#3842=AXIS2_PLACEMENT_3D('',#5560,#4440,#4441);
#3843=AXIS2_PLACEMENT_3D('',#5564,#4443,#4444);
#3844=AXIS2_PLACEMENT_3D('',#5566,#4446,#4447);
#3845=AXIS2_PLACEMENT_3D('',#5575,#4452,#4453);
#3846=AXIS2_PLACEMENT_3D('',#5581,#4457,#4458);
#3847=AXIS2_PLACEMENT_3D('',#5585,#4460,#4461);
#3848=AXIS2_PLACEMENT_3D('',#5586,#4462,#4463);
#3849=AXIS2_PLACEMENT_3D('',#5587,#4464,#4465);
#3850=AXIS2_PLACEMENT_3D('',#5593,#4468,#4469);
#3851=AXIS2_PLACEMENT_3D('',#5599,#4473,#4474);
#3852=AXIS2_PLACEMENT_3D('',#5605,#4478,#4479);
#3853=AXIS2_PLACEMENT_3D('',#5609,#4481,#4482);
#3854=AXIS2_PLACEMENT_3D('',#5613,#4484,#4485);
#3855=AXIS2_PLACEMENT_3D('',#5617,#4487,#4488);
#3856=AXIS2_PLACEMENT_3D('',#5621,#4490,#4491);
#3857=AXIS2_PLACEMENT_3D('',#5626,#4494,#4495);
#3858=AXIS2_PLACEMENT_3D('',#5630,#4497,#4498);
#3859=AXIS2_PLACEMENT_3D('',#5636,#4502,#4503);
#3860=AXIS2_PLACEMENT_3D('',#5638,#4505,#4506);
#3861=AXIS2_PLACEMENT_3D('',#5646,#4510,#4511);
#3862=AXIS2_PLACEMENT_3D('',#5650,#4513,#4514);
#3863=AXIS2_PLACEMENT_3D('',#5654,#4517,#4518);
#3864=AXIS2_PLACEMENT_3D('',#5664,#4523,#4524);
#3865=AXIS2_PLACEMENT_3D('',#5668,#4526,#4527);
#3866=AXIS2_PLACEMENT_3D('',#5680,#4533,#4534);
#3867=AXIS2_PLACEMENT_3D('',#5684,#4536,#4537);
#3868=AXIS2_PLACEMENT_3D('',#5688,#4540,#4541);
#3869=AXIS2_PLACEMENT_3D('',#5691,#4543,#4544);
#3870=AXIS2_PLACEMENT_3D('',#5692,#4545,#4546);
#3871=AXIS2_PLACEMENT_3D('',#5696,#4549,#4550);
#3872=AXIS2_PLACEMENT_3D('',#5702,#4554,#4555);
#3873=AXIS2_PLACEMENT_3D('',#5708,#4559,#4560);
#3874=AXIS2_PLACEMENT_3D('',#5717,#4565,#4566);
#3875=AXIS2_PLACEMENT_3D('',#5720,#4568,#4569);
#3876=AXIS2_PLACEMENT_3D('',#5724,#4571,#4572);
#3877=AXIS2_PLACEMENT_3D('',#5727,#4574,#4575);
#3878=AXIS2_PLACEMENT_3D('',#5728,#4576,#4577);
#3879=AXIS2_PLACEMENT_3D('',#5737,#4582,#4583);
#3880=AXIS2_PLACEMENT_3D('',#5739,#4584,#4585);
#3881=AXIS2_PLACEMENT_3D('',#5747,#4590,#4591);
#3882=AXIS2_PLACEMENT_3D('',#5750,#4594,#4595);
#3883=AXIS2_PLACEMENT_3D('',#5752,#4596,#4597);
#3884=AXIS2_PLACEMENT_3D('',#5754,#4598,#4599);
#3885=AXIS2_PLACEMENT_3D('',#5756,#4601,#4602);
#3886=AXIS2_PLACEMENT_3D('',#5758,#4603,#4604);
#3887=AXIS2_PLACEMENT_3D('',#5762,#4607,#4608);
#3888=AXIS2_PLACEMENT_3D('',#5766,#4611,#4612);
#3889=AXIS2_PLACEMENT_3D('',#5768,#4613,#4614);
#3890=AXIS2_PLACEMENT_3D('',#5770,#4616,#4617);
#3891=AXIS2_PLACEMENT_3D('',#5774,#4620,#4621);
#3892=AXIS2_PLACEMENT_3D('',#5776,#4622,#4623);
#3893=AXIS2_PLACEMENT_3D('',#5778,#4625,#4626);
#3894=AXIS2_PLACEMENT_3D('',#5782,#4629,#4630);
#3895=AXIS2_PLACEMENT_3D('',#5786,#4633,#4634);
#3896=AXIS2_PLACEMENT_3D('',#5790,#4637,#4638);
#3897=AXIS2_PLACEMENT_3D('',#5794,#4641,#4642);
#3898=AXIS2_PLACEMENT_3D('',#5798,#4645,#4646);
#3899=AXIS2_PLACEMENT_3D('',#5800,#4647,#4648);
#3900=AXIS2_PLACEMENT_3D('',#5802,#4650,#4651);
#3901=AXIS2_PLACEMENT_3D('',#5806,#4654,#4655);
#3902=AXIS2_PLACEMENT_3D('',#5808,#4656,#4657);
#3903=AXIS2_PLACEMENT_3D('',#5810,#4659,#4660);
#3904=AXIS2_PLACEMENT_3D('',#5814,#4663,#4664);
#3905=AXIS2_PLACEMENT_3D('',#5816,#4666,#4667);
#3906=AXIS2_PLACEMENT_3D('',#5822,#4671,#4672);
#3907=AXIS2_PLACEMENT_3D('',#5825,#4675,#4676);
#3908=AXIS2_PLACEMENT_3D('',#5829,#4678,#4679);
#3909=AXIS2_PLACEMENT_3D('',#5833,#4681,#4682);
#3910=AXIS2_PLACEMENT_3D('',#5835,#4684,#4685);
#3911=AXIS2_PLACEMENT_3D('',#5839,#4688,#4689);
#3912=AXIS2_PLACEMENT_3D('',#5844,#4692,#4693);
#3913=AXIS2_PLACEMENT_3D('',#5846,#4695,#4696);
#3914=AXIS2_PLACEMENT_3D('',#5848,#4698,#4699);
#3915=AXIS2_PLACEMENT_3D('',#5851,#4700,#4701);
#3916=AXIS2_PLACEMENT_3D('',#5855,#4703,#4704);
#3917=AXIS2_PLACEMENT_3D('',#5857,#4706,#4707);
#3918=AXIS2_PLACEMENT_3D('',#5859,#4708,#4709);
#3919=AXIS2_PLACEMENT_3D('',#5862,#4711,#4712);
#3920=AXIS2_PLACEMENT_3D('',#5913,#4714,#4715);
#3921=AXIS2_PLACEMENT_3D('',#5914,#4716,#4717);
#3922=AXIS2_PLACEMENT_3D('',#5915,#4718,#4719);
#3923=AXIS2_PLACEMENT_3D('',#5917,#4721,#4722);
#3924=AXIS2_PLACEMENT_3D('',#5919,#4723,#4724);
#3925=AXIS2_PLACEMENT_3D('',#5921,#4726,#4727);
#3926=AXIS2_PLACEMENT_3D('',#5926,#4730,#4731);
#3927=AXIS2_PLACEMENT_3D('',#5927,#4732,#4733);
#3928=AXIS2_PLACEMENT_3D('',#5931,#4736,#4737);
#3929=AXIS2_PLACEMENT_3D('',#5933,#4738,#4739);
#3930=AXIS2_PLACEMENT_3D('',#5935,#4741,#4742);
#3931=AXIS2_PLACEMENT_3D('',#5939,#4745,#4746);
#3932=AXIS2_PLACEMENT_3D('',#5941,#4747,#4748);
#3933=AXIS2_PLACEMENT_3D('',#5943,#4750,#4751);
#3934=AXIS2_PLACEMENT_3D('',#5947,#4754,#4755);
#3935=AXIS2_PLACEMENT_3D('',#5953,#4759,#4760);
#3936=AXIS2_PLACEMENT_3D('',#5955,#4761,#4762);
#3937=AXIS2_PLACEMENT_3D('',#5957,#4764,#4765);
#3938=AXIS2_PLACEMENT_3D('',#5961,#4768,#4769);
#3939=AXIS2_PLACEMENT_3D('',#5963,#4770,#4771);
#3940=AXIS2_PLACEMENT_3D('',#5965,#4773,#4774);
#3941=AXIS2_PLACEMENT_3D('',#5967,#4776,#4777);
#3942=AXIS2_PLACEMENT_3D('',#5969,#4778,#4779);
#3943=AXIS2_PLACEMENT_3D('',#5971,#4781,#4782);
#3944=AXIS2_PLACEMENT_3D('',#5975,#4785,#4786);
#3945=AXIS2_PLACEMENT_3D('',#5977,#4787,#4788);
#3946=AXIS2_PLACEMENT_3D('',#5979,#4790,#4791);
#3947=AXIS2_PLACEMENT_3D('',#5985,#4794,#4795);
#3948=AXIS2_PLACEMENT_3D('',#5989,#4797,#4798);
#3949=AXIS2_PLACEMENT_3D('',#5993,#4800,#4801);
#3950=AXIS2_PLACEMENT_3D('',#5996,#4803,#4804);
#3951=AXIS2_PLACEMENT_3D('',#6001,#4806,#4807);
#3952=AXIS2_PLACEMENT_3D('',#6005,#4809,#4810);
#3953=AXIS2_PLACEMENT_3D('',#6009,#4812,#4813);
#3954=AXIS2_PLACEMENT_3D('',#6012,#4815,#4816);
#3955=AXIS2_PLACEMENT_3D('',#6017,#4818,#4819);
#3956=AXIS2_PLACEMENT_3D('',#6021,#4821,#4822);
#3957=AXIS2_PLACEMENT_3D('',#6025,#4824,#4825);
#3958=AXIS2_PLACEMENT_3D('',#6028,#4827,#4828);
#3959=AXIS2_PLACEMENT_3D('',#6033,#4830,#4831);
#3960=AXIS2_PLACEMENT_3D('',#6037,#4833,#4834);
#3961=AXIS2_PLACEMENT_3D('',#6041,#4836,#4837);
#3962=AXIS2_PLACEMENT_3D('',#6044,#4839,#4840);
#3963=AXIS2_PLACEMENT_3D('',#6045,#4841,#4842);
#3964=AXIS2_PLACEMENT_3D('',#6047,#4844,#4845);
#3965=AXIS2_PLACEMENT_3D('',#6049,#4847,#4848);
#3966=AXIS2_PLACEMENT_3D('',#6051,#4850,#4851);
#3967=AXIS2_PLACEMENT_3D('',#6052,#4852,#4853);
#3968=AXIS2_PLACEMENT_3D('',#6055,#4856,#4857);
#3969=AXIS2_PLACEMENT_3D('',#6057,#4859,#4860);
#3970=AXIS2_PLACEMENT_3D('',#6059,#4862,#4863);
#3971=AXIS2_PLACEMENT_3D('',#6061,#4865,#4866);
#3972=AXIS2_PLACEMENT_3D('',#6063,#4868,#4869);
#3973=AXIS2_PLACEMENT_3D('',#6065,#4871,#4872);
#3974=AXIS2_PLACEMENT_3D('',#6067,#4874,#4875);
#3975=AXIS2_PLACEMENT_3D('',#6068,#4876,#4877);
#3976=AXIS2_PLACEMENT_3D('',#6071,#4880,#4881);
#3977=AXIS2_PLACEMENT_3D('',#6073,#4883,#4884);
#3978=AXIS2_PLACEMENT_3D('',#6075,#4886,#4887);
#3979=AXIS2_PLACEMENT_3D('',#6077,#4889,#4890);
#3980=AXIS2_PLACEMENT_3D('',#6079,#4892,#4893);
#3981=AXIS2_PLACEMENT_3D('',#6081,#4895,#4896);
#3982=AXIS2_PLACEMENT_3D('',#6083,#4898,#4899);
#3983=AXIS2_PLACEMENT_3D('',#6084,#4900,#4901);
#3984=AXIS2_PLACEMENT_3D('',#6087,#4904,#4905);
#3985=AXIS2_PLACEMENT_3D('',#6089,#4907,#4908);
#3986=AXIS2_PLACEMENT_3D('',#6091,#4910,#4911);
#3987=AXIS2_PLACEMENT_3D('',#6093,#4913,#4914);
#3988=AXIS2_PLACEMENT_3D('',#6095,#4916,#4917);
#3989=AXIS2_PLACEMENT_3D('',#6097,#4919,#4920);
#3990=AXIS2_PLACEMENT_3D('',#6099,#4922,#4923);
#3991=AXIS2_PLACEMENT_3D('',#6100,#4924,#4925);
#3992=AXIS2_PLACEMENT_3D('',#6103,#4928,#4929);
#3993=AXIS2_PLACEMENT_3D('',#6105,#4931,#4932);
#3994=AXIS2_PLACEMENT_3D('',#6107,#4934,#4935);
#3995=AXIS2_PLACEMENT_3D('',#6109,#4937,#4938);
#3996=AXIS2_PLACEMENT_3D('',#6111,#4940,#4941);
#3997=AXIS2_PLACEMENT_3D('',#6113,#4943,#4944);
#3998=AXIS2_PLACEMENT_3D('',#6115,#4946,#4947);
#3999=AXIS2_PLACEMENT_3D('',#6158,#4948,#4949);
#4000=AXIS2_PLACEMENT_3D('',#6201,#4950,#4951);
#4001=AXIS2_PLACEMENT_3D('',#6202,#4952,#4953);
#4002=AXIS2_PLACEMENT_3D('',#6203,#4954,#4955);
#4003=AXIS2_PLACEMENT_3D('',#6204,#4956,#4957);
#4004=AXIS2_PLACEMENT_3D('',#6208,#4959,#4960);
#4005=AXIS2_PLACEMENT_3D('',#6210,#4961,#4962);
#4006=AXIS2_PLACEMENT_3D('',#6211,#4963,#4964);
#4007=AXIS2_PLACEMENT_3D('',#6290,#4965,#4966);
#4008=AXIS2_PLACEMENT_3D('',#6291,#4967,#4968);
#4009=AXIS2_PLACEMENT_3D('',#6309,#4970,#4971);
#4010=AXIS2_PLACEMENT_3D('',#6341,#4972,#4973);
#4011=AXIS2_PLACEMENT_3D('',#6342,#4974,#4975);
#4012=AXIS2_PLACEMENT_3D('',#6345,#4977,#4978);
#4013=AXIS2_PLACEMENT_3D('',#6347,#4979,#4980);
#4014=AXIS2_PLACEMENT_3D('',#6348,#4981,#4982);
#4015=AXIS2_PLACEMENT_3D('',#6363,#4983,#4984);
#4016=AXIS2_PLACEMENT_3D('',#6364,#4985,#4986);
#4017=AXIS2_PLACEMENT_3D('',#6410,#4988,#4989);
#4018=AXIS2_PLACEMENT_3D('',#6411,#4990,#4991);
#4019=AXIS2_PLACEMENT_3D('',#6412,#4992,#4993);
#4020=AXIS2_PLACEMENT_3D('',#6413,#4994,#4995);
#4021=AXIS2_PLACEMENT_3D('',#6424,#4996,#4997);
#4022=AXIS2_PLACEMENT_3D('',#6441,#4998,#4999);
#4023=AXIS2_PLACEMENT_3D('',#6448,#5000,#5001);
#4024=AXIS2_PLACEMENT_3D('',#6451,#5003,#5004);
#4025=AXIS2_PLACEMENT_3D('',#6494,#5005,#5006);
#4026=AXIS2_PLACEMENT_3D('',#6498,#5008,#5009);
#4027=AXIS2_PLACEMENT_3D('',#6513,#5010,#5011);
#4028=AXIS2_PLACEMENT_3D('',#6531,#5013,#5014);
#4029=AXIS2_PLACEMENT_3D('',#6562,#5015,#5016);
#4030=AXIS2_PLACEMENT_3D('',#6563,#5017,#5018);
#4031=AXIS2_PLACEMENT_3D('',#6564,#5019,#5020);
#4032=AXIS2_PLACEMENT_3D('',#6566,#5021,#5022);
#4033=AXIS2_PLACEMENT_3D('',#6567,#5023,#5024);
#4034=AXIS2_PLACEMENT_3D('',#6571,#5026,#5027);
#4035=AXIS2_PLACEMENT_3D('',#6574,#5030,#5031);
#4036=AXIS2_PLACEMENT_3D('',#6576,#5032,#5033);
#4037=AXIS2_PLACEMENT_3D('',#6578,#5035,#5036);
#4038=AXIS2_PLACEMENT_3D('',#6579,#5037,#5038);
#4039=AXIS2_PLACEMENT_3D('',#6581,#5040,#5041);
#4040=AXIS2_PLACEMENT_3D('',#6583,#5043,#5044);
#4041=AXIS2_PLACEMENT_3D('',#6584,#5045,#5046);
#4042=AXIS2_PLACEMENT_3D('',#6585,#5047,#5048);
#4043=AXIS2_PLACEMENT_3D('',#6587,#5049,#5050);
#4044=AXIS2_PLACEMENT_3D('',#6588,#5051,#5052);
#4045=AXIS2_PLACEMENT_3D('',#6590,#5054,#5055);
#4046=AXIS2_PLACEMENT_3D('',#6592,#5056,#5057);
#4047=AXIS2_PLACEMENT_3D('',#6593,#5058,#5059);
#4048=AXIS2_PLACEMENT_3D('',#6595,#5061,#5062);
#4049=AXIS2_PLACEMENT_3D('',#6597,#5063,#5064);
#4050=AXIS2_PLACEMENT_3D('',#6598,#5065,#5066);
#4051=AXIS2_PLACEMENT_3D('',#6600,#5068,#5069);
#4052=AXIS2_PLACEMENT_3D('',#6602,#5070,#5071);
#4053=AXIS2_PLACEMENT_3D('',#6603,#5072,#5073);
#4054=AXIS2_PLACEMENT_3D('',#6605,#5075,#5076);
#4055=AXIS2_PLACEMENT_3D('',#6608,#5079,#5080);
#4056=AXIS2_PLACEMENT_3D('',#6610,#5082,#5083);
#4057=AXIS2_PLACEMENT_3D('',#6611,#5084,#5085);
#4058=AXIS2_PLACEMENT_3D('',#6613,#5087,#5088);
#4059=AXIS2_PLACEMENT_3D('',#6615,#5090,#5091);
#4060=AXIS2_PLACEMENT_3D('',#6617,#5093,#5094);
#4061=AXIS2_PLACEMENT_3D('',#6619,#5096,#5097);
#4062=AXIS2_PLACEMENT_3D('',#6620,#5098,#5099);
#4063=AXIS2_PLACEMENT_3D('',#6621,#5100,#5101);
#4064=AXIS2_PLACEMENT_3D('',#6623,#5103,#5104);
#4065=AXIS2_PLACEMENT_3D('',#6624,#5105,#5106);
#4066=AXIS2_PLACEMENT_3D('',#6626,#5108,#5109);
#4067=AXIS2_PLACEMENT_3D('',#6628,#5111,#5112);
#4068=AXIS2_PLACEMENT_3D('',#6630,#5114,#5115);
#4069=AXIS2_PLACEMENT_3D('',#6631,#5116,#5117);
#4070=AXIS2_PLACEMENT_3D('',#6632,#5118,#5119);
#4071=AXIS2_PLACEMENT_3D('',#6634,#5121,#5122);
#4072=AXIS2_PLACEMENT_3D('',#6635,#5123,#5124);
#4073=AXIS2_PLACEMENT_3D('',#6637,#5126,#5127);
#4074=AXIS2_PLACEMENT_3D('',#6638,#5128,#5129);
#4075=DIRECTION('axis',(0.,0.,1.));
#4076=DIRECTION('refdir',(1.,0.,0.));
#4077=DIRECTION('center_axis',(-3.70074341541718E-16,0.,-1.));
#4078=DIRECTION('ref_axis',(0.707106781186549,0.707106781186546,0.));
#4079=DIRECTION('center_axis',(0.,0.,1.));
#4080=DIRECTION('ref_axis',(0.707106781186549,0.707106781186546,0.));
#4081=DIRECTION('',(3.70074341541718E-16,0.,1.));
#4082=DIRECTION('center_axis',(0.,0.,-1.));
#4083=DIRECTION('ref_axis',(0.707106781186549,0.707106781186546,0.));
#4084=DIRECTION('center_axis',(0.,0.,1.));
#4085=DIRECTION('ref_axis',(0.707106781186549,0.707106781186546,0.));
#4086=DIRECTION('',(-3.70074341541718E-16,0.,-1.));
#4087=DIRECTION('center_axis',(0.,1.,0.));
#4088=DIRECTION('ref_axis',(1.,0.,0.));
#4089=DIRECTION('',(-1.,0.,0.));
#4090=DIRECTION('',(0.,0.,1.));
#4091=DIRECTION('',(1.,0.,0.));
#4092=DIRECTION('center_axis',(0.,0.,-1.));
#4093=DIRECTION('ref_axis',(1.,0.,0.));
#4094=DIRECTION('',(0.,-1.,0.));
#4095=DIRECTION('',(-1.,-1.32881271648732E-16,0.));
#4096=DIRECTION('center_axis',(0.,0.,-1.));
#4097=DIRECTION('ref_axis',(-2.22044604925031E-16,-1.,0.));
#4098=DIRECTION('',(0.,1.,0.));
#4099=DIRECTION('center_axis',(0.,0.,-1.));
#4100=DIRECTION('ref_axis',(-1.,-5.55111512312578E-16,0.));
#4101=DIRECTION('',(1.,-3.3220317912183E-17,0.));
#4102=DIRECTION('center_axis',(0.,0.,-1.));
#4103=DIRECTION('ref_axis',(8.88178419700125E-16,1.,0.));
#4104=DIRECTION('',(-2.04649405460858E-16,-1.,0.));
#4105=DIRECTION('center_axis',(0.,0.,-1.));
#4106=DIRECTION('ref_axis',(1.,4.44089209850063E-16,0.));
#4107=DIRECTION('',(-1.,-1.32881271648732E-16,0.));
#4108=DIRECTION('',(0.,1.,0.));
#4109=DIRECTION('center_axis',(0.,0.,1.));
#4110=DIRECTION('ref_axis',(-0.707106781186551,0.707106781186544,0.));
#4111=DIRECTION('',(-1.,0.,0.));
#4112=DIRECTION('',(0.,-1.,0.));
#4113=DIRECTION('',(1.,0.,0.));
#4114=DIRECTION('center_axis',(0.,0.,1.));
#4115=DIRECTION('ref_axis',(-0.707106781186548,-0.707106781186547,0.));
#4116=DIRECTION('',(0.,1.,0.));
#4117=DIRECTION('center_axis',(0.,0.,1.));
#4118=DIRECTION('ref_axis',(0.,1.,0.));
#4119=DIRECTION('',(-1.,0.,0.));
#4120=DIRECTION('center_axis',(0.,0.,1.));
#4121=DIRECTION('ref_axis',(-1.,-2.22044604925032E-15,0.));
#4122=DIRECTION('',(0.,-1.,0.));
#4123=DIRECTION('center_axis',(0.,0.,1.));
#4124=DIRECTION('ref_axis',(0.707106781186548,-0.707106781186548,0.));
#4125=DIRECTION('',(1.,0.,0.));
#4126=DIRECTION('',(0.,1.,0.));
#4127=DIRECTION('center_axis',(-1.,0.,3.70074341541718E-16));
#4128=DIRECTION('ref_axis',(-3.70074341541718E-16,0.,-1.));
#4129=DIRECTION('',(0.,-1.,0.));
#4130=DIRECTION('',(3.70074341541718E-16,0.,1.));
#4131=DIRECTION('',(0.,-1.,0.));
#4132=DIRECTION('',(3.70074341541718E-16,4.91759491086307E-32,1.));
#4133=DIRECTION('center_axis',(-1.48029736616688E-15,0.,1.));
#4134=DIRECTION('ref_axis',(-0.707106781186551,0.707106781186544,0.));
#4135=DIRECTION('center_axis',(0.,0.,-1.));
#4136=DIRECTION('ref_axis',(-0.707106781186551,0.707106781186544,0.));
#4137=DIRECTION('',(1.48029736616688E-15,0.,-1.));
#4138=DIRECTION('',(-1.48029736616688E-15,0.,1.));
#4139=DIRECTION('center_axis',(0.,0.,1.));
#4140=DIRECTION('ref_axis',(-0.707106781186551,0.707106781186544,0.));
#4141=DIRECTION('center_axis',(0.,0.,1.));
#4142=DIRECTION('ref_axis',(-1.,0.,0.));
#4143=DIRECTION('',(-4.58769844886428E-17,-1.,0.));
#4144=DIRECTION('',(-1.,0.,0.));
#4145=DIRECTION('center_axis',(0.,0.,-1.));
#4146=DIRECTION('ref_axis',(0.707106781186548,-0.707106781186548,0.));
#4147=DIRECTION('',(0.,-1.,0.));
#4148=DIRECTION('center_axis',(0.,0.,1.));
#4149=DIRECTION('ref_axis',(-1.11022302462516E-15,1.,0.));
#4150=DIRECTION('',(-1.,0.,0.));
#4151=DIRECTION('center_axis',(0.,0.,1.));
#4152=DIRECTION('ref_axis',(1.,1.11022302462516E-15,0.));
#4153=DIRECTION('',(0.,1.,0.));
#4154=DIRECTION('center_axis',(0.,0.,-1.));
#4155=DIRECTION('ref_axis',(-0.707106781186548,-0.707106781186547,0.));
#4156=DIRECTION('',(-1.,0.,0.));
#4157=DIRECTION('',(0.,1.,0.));
#4158=DIRECTION('',(1.,0.,0.));
#4159=DIRECTION('',(-1.,0.,0.));
#4160=DIRECTION('center_axis',(0.,0.,-1.));
#4161=DIRECTION('ref_axis',(0.,-1.,0.));
#4162=DIRECTION('',(-2.04649405460858E-16,-1.,0.));
#4163=DIRECTION('center_axis',(0.,0.,-1.));
#4164=DIRECTION('ref_axis',(1.,-1.38777878078145E-16,0.));
#4165=DIRECTION('',(1.,0.,0.));
#4166=DIRECTION('center_axis',(0.,0.,-1.));
#4167=DIRECTION('ref_axis',(0.,1.,0.));
#4168=DIRECTION('',(0.,1.,0.));
#4169=DIRECTION('center_axis',(0.,0.,-1.));
#4170=DIRECTION('ref_axis',(-1.,0.,0.));
#4171=DIRECTION('',(-1.,0.,0.));
#4172=DIRECTION('center_axis',(0.,-1.,0.));
#4173=DIRECTION('ref_axis',(0.,0.,-1.));
#4174=DIRECTION('',(0.,0.,1.));
#4175=DIRECTION('',(1.,0.,0.));
#4176=DIRECTION('',(0.,0.,1.));
#4177=DIRECTION('',(1.,0.,0.));
#4178=DIRECTION('center_axis',(-1.,-1.39532825823818E-13,0.));
#4179=DIRECTION('ref_axis',(1.39532825823818E-13,-1.,0.));
#4180=DIRECTION('',(1.39532825823818E-13,-1.,0.));
#4181=DIRECTION('',(0.,0.,1.));
#4182=DIRECTION('',(1.39532825823818E-13,-1.,0.));
#4183=DIRECTION('center_axis',(0.,0.,-1.));
#4184=DIRECTION('ref_axis',(-0.707106781186548,-0.707106781186547,0.));
#4185=DIRECTION('',(0.,0.,1.));
#4186=DIRECTION('',(0.,0.,-1.));
#4187=DIRECTION('center_axis',(1.,0.,0.));
#4188=DIRECTION('ref_axis',(0.,-1.,0.));
#4189=DIRECTION('',(0.,0.,-1.));
#4190=DIRECTION('center_axis',(0.,0.,-1.));
#4191=DIRECTION('ref_axis',(0.707106781186548,-0.707106781186548,0.));
#4192=DIRECTION('',(0.,0.,1.));
#4193=DIRECTION('',(0.,0.,-1.));
#4194=DIRECTION('center_axis',(0.,-1.,0.));
#4195=DIRECTION('ref_axis',(-1.,0.,0.));
#4196=DIRECTION('',(0.,0.,-1.));
#4197=DIRECTION('center_axis',(-1.48029736616688E-15,0.,1.));
#4198=DIRECTION('ref_axis',(0.707106781186546,-0.707106781186549,0.));
#4199=DIRECTION('center_axis',(0.,0.,-1.));
#4200=DIRECTION('ref_axis',(0.707106781186546,-0.707106781186549,0.));
#4201=DIRECTION('',(1.48029736616688E-15,0.,-1.));
#4202=DIRECTION('center_axis',(0.,0.,-1.));
#4203=DIRECTION('ref_axis',(0.707106781186546,-0.707106781186549,0.));
#4204=DIRECTION('',(-1.48029736616688E-15,0.,1.));
#4205=DIRECTION('center_axis',(0.,0.,1.));
#4206=DIRECTION('ref_axis',(-1.,0.,0.));
#4207=DIRECTION('',(-1.,0.,0.));
#4208=DIRECTION('center_axis',(0.,0.,-1.));
#4209=DIRECTION('ref_axis',(-0.707106781186546,-0.707106781186549,0.));
#4210=DIRECTION('',(-1.,0.,0.));
#4211=DIRECTION('',(0.,-1.,0.));
#4212=DIRECTION('center_axis',(0.,-1.,0.));
#4213=DIRECTION('ref_axis',(0.,0.,-1.));
#4214=DIRECTION('',(1.,0.,0.));
#4215=DIRECTION('',(-3.70074341541718E-16,0.,-1.));
#4216=DIRECTION('center_axis',(-3.70074341541718E-16,0.,-1.));
#4217=DIRECTION('ref_axis',(-0.707106781186546,-0.707106781186549,0.));
#4218=DIRECTION('center_axis',(0.,0.,-1.));
#4219=DIRECTION('ref_axis',(-0.707106781186546,-0.707106781186549,0.));
#4220=DIRECTION('center_axis',(1.,0.,1.48029736616688E-15));
#4221=DIRECTION('ref_axis',(-1.48029736616688E-15,0.,1.));
#4222=DIRECTION('',(1.48029736616688E-15,1.96703796434523E-31,-1.));
#4223=DIRECTION('',(0.,1.,0.));
#4224=DIRECTION('center_axis',(0.,0.,-1.));
#4225=DIRECTION('ref_axis',(1.77635683940025E-16,1.,0.));
#4226=DIRECTION('center_axis',(0.,0.,1.));
#4227=DIRECTION('ref_axis',(1.,0.,0.));
#4228=DIRECTION('',(1.,7.22096186817732E-17,0.));
#4229=DIRECTION('center_axis',(0.,0.,1.));
#4230=DIRECTION('ref_axis',(1.,0.,0.));
#4231=DIRECTION('',(-3.5527136788005E-16,-1.,0.));
#4232=DIRECTION('center_axis',(0.,0.,1.));
#4233=DIRECTION('ref_axis',(1.,0.,0.));
#4234=DIRECTION('',(-1.,-2.16628856059185E-16,0.));
#4235=DIRECTION('center_axis',(0.,0.,1.));
#4236=DIRECTION('ref_axis',(1.,0.,0.));
#4237=DIRECTION('',(1.77635683940025E-16,1.,0.));
#4238=DIRECTION('',(0.,-1.,0.));
#4239=DIRECTION('center_axis',(0.,0.,1.));
#4240=DIRECTION('ref_axis',(-1.,4.44720018386783E-15,0.));
#4241=DIRECTION('',(1.,-6.4051328343759E-16,0.));
#4242=DIRECTION('center_axis',(0.,0.,1.));
#4243=DIRECTION('ref_axis',(2.01858731750028E-15,-1.,0.));
#4244=DIRECTION('',(0.,1.,0.));
#4245=DIRECTION('center_axis',(0.,0.,1.));
#4246=DIRECTION('ref_axis',(1.,0.,0.));
#4247=DIRECTION('',(-1.,2.1350442781253E-16,0.));
#4248=DIRECTION('center_axis',(0.,0.,1.));
#4249=DIRECTION('ref_axis',(0.,1.,0.));
#4250=DIRECTION('',(-1.,0.,0.));
#4251=DIRECTION('center_axis',(0.,0.,1.));
#4252=DIRECTION('ref_axis',(0.,1.,0.));
#4253=DIRECTION('',(0.,-1.,0.));
#4254=DIRECTION('center_axis',(0.,0.,1.));
#4255=DIRECTION('ref_axis',(-1.,0.,0.));
#4256=DIRECTION('',(1.,0.,0.));
#4257=DIRECTION('center_axis',(0.,0.,1.));
#4258=DIRECTION('ref_axis',(0.,-1.,0.));
#4259=DIRECTION('',(0.,1.,0.));
#4260=DIRECTION('center_axis',(0.,0.,1.));
#4261=DIRECTION('ref_axis',(1.,0.,0.));
#4262=DIRECTION('',(-1.,0.,0.));
#4263=DIRECTION('center_axis',(0.,0.,1.));
#4264=DIRECTION('ref_axis',(0.,1.,0.));
#4265=DIRECTION('',(0.,-1.,0.));
#4266=DIRECTION('center_axis',(0.,0.,1.));
#4267=DIRECTION('ref_axis',(-1.,-1.11022302462516E-15,0.));
#4268=DIRECTION('',(1.,0.,0.));
#4269=DIRECTION('center_axis',(0.,0.,1.));
#4270=DIRECTION('ref_axis',(0.,-1.,0.));
#4271=DIRECTION('',(0.,1.,0.));
#4272=DIRECTION('center_axis',(0.,0.,1.));
#4273=DIRECTION('ref_axis',(1.,1.11022302462516E-15,0.));
#4274=DIRECTION('',(1.,1.32881271648732E-16,0.));
#4275=DIRECTION('center_axis',(0.,0.,1.));
#4276=DIRECTION('ref_axis',(1.,4.44089209850063E-16,0.));
#4277=DIRECTION('',(2.04649405460858E-16,1.,0.));
#4278=DIRECTION('center_axis',(0.,0.,1.));
#4279=DIRECTION('ref_axis',(8.88178419700125E-16,1.,0.));
#4280=DIRECTION('',(-1.,3.3220317912183E-17,0.));
#4281=DIRECTION('center_axis',(0.,0.,1.));
#4282=DIRECTION('ref_axis',(-1.,-5.55111512312578E-16,0.));
#4283=DIRECTION('',(0.,-1.,0.));
#4284=DIRECTION('center_axis',(0.,0.,1.));
#4285=DIRECTION('ref_axis',(-2.22044604925031E-16,-1.,0.));
#4286=DIRECTION('',(1.,1.32881271648732E-16,0.));
#4287=DIRECTION('center_axis',(0.,1.,0.));
#4288=DIRECTION('ref_axis',(1.,0.,0.));
#4289=DIRECTION('',(0.,0.,-1.));
#4290=DIRECTION('center_axis',(1.32881271648732E-16,-1.,0.));
#4291=DIRECTION('ref_axis',(-1.,-1.32881271648732E-16,0.));
#4292=DIRECTION('',(0.,0.,-1.));
#4293=DIRECTION('center_axis',(-1.,0.,0.));
#4294=DIRECTION('ref_axis',(0.,-1.,0.));
#4295=DIRECTION('',(0.,-1.,0.));
#4296=DIRECTION('',(0.,0.,-1.));
#4297=DIRECTION('',(0.,-1.,0.));
#4298=DIRECTION('',(0.,0.,1.));
#4299=DIRECTION('center_axis',(1.,0.,0.));
#4300=DIRECTION('ref_axis',(0.,1.,0.));
#4301=DIRECTION('',(0.,1.,0.));
#4302=DIRECTION('',(0.,0.,1.));
#4303=DIRECTION('',(0.,1.,0.));
#4304=DIRECTION('',(0.,0.,1.));
#4305=DIRECTION('center_axis',(-3.96232875908369E-16,-1.,0.));
#4306=DIRECTION('ref_axis',(1.,-3.96232875908369E-16,0.));
#4307=DIRECTION('',(1.,-3.96232875908369E-16,0.));
#4308=DIRECTION('',(1.,-3.96232875908369E-16,0.));
#4309=DIRECTION('center_axis',(0.,0.,1.));
#4310=DIRECTION('ref_axis',(1.,0.,0.));
#4311=DIRECTION('',(-1.,-2.16628856059185E-16,0.));
#4312=DIRECTION('center_axis',(0.,0.,-1.));
#4313=DIRECTION('ref_axis',(1.,0.,0.));
#4314=DIRECTION('',(1.77635683940025E-16,1.,0.));
#4315=DIRECTION('center_axis',(0.,0.,-1.));
#4316=DIRECTION('ref_axis',(-1.,8.3790416952842E-16,0.));
#4317=DIRECTION('',(-1.,-2.16628856059185E-16,0.));
#4318=DIRECTION('',(-0.00253218173476305,0.999996794022692,0.));
#4319=DIRECTION('',(1.,-1.21970221416555E-12,0.));
#4320=DIRECTION('center_axis',(0.,0.,1.));
#4321=DIRECTION('ref_axis',(-1.04365590236282E-6,-0.999999999999455,0.));
#4322=DIRECTION('center_axis',(0.,0.,1.));
#4323=DIRECTION('ref_axis',(-1.04365590236282E-6,-0.999999999999455,0.));
#4324=DIRECTION('center_axis',(0.,0.,1.));
#4325=DIRECTION('ref_axis',(-1.04365590236282E-6,-0.999999999999455,0.));
#4326=DIRECTION('',(0.,0.,1.));
#4327=DIRECTION('center_axis',(0.999996794022692,0.00253218173476305,0.));
#4328=DIRECTION('ref_axis',(-0.00253218173476305,0.999996794022692,0.));
#4329=DIRECTION('',(-0.00253218173476305,0.999996794022692,0.));
#4330=DIRECTION('',(0.,0.,1.));
#4331=DIRECTION('',(0.,0.,1.));
#4332=DIRECTION('center_axis',(-1.21970221416555E-12,-1.,0.));
#4333=DIRECTION('ref_axis',(1.,-1.21970221416555E-12,0.));
#4334=DIRECTION('',(1.,-1.21970221416555E-12,0.));
#4335=DIRECTION('center_axis',(1.,0.,0.));
#4336=DIRECTION('ref_axis',(0.,1.,0.));
#4337=DIRECTION('',(0.,1.,0.));
#4338=DIRECTION('',(0.,0.,1.));
#4339=DIRECTION('',(0.,1.,0.));
#4340=DIRECTION('',(0.,-1.04002156873551E-15,1.));
#4341=DIRECTION('center_axis',(0.,0.,1.));
#4342=DIRECTION('ref_axis',(1.,-2.96059473233375E-15,0.));
#4343=DIRECTION('center_axis',(0.,0.,1.));
#4344=DIRECTION('ref_axis',(1.,-2.96059473233375E-15,0.));
#4345=DIRECTION('',(0.,0.,1.));
#4346=DIRECTION('center_axis',(0.,0.,1.));
#4347=DIRECTION('ref_axis',(1.,-2.96059473233375E-15,0.));
#4348=DIRECTION('center_axis',(6.20000197227759E-13,-1.,0.));
#4349=DIRECTION('ref_axis',(1.,6.20000197227759E-13,0.));
#4350=DIRECTION('',(1.,6.20000197227759E-13,0.));
#4351=DIRECTION('',(0.,0.,1.));
#4352=DIRECTION('',(1.,6.20000197227759E-13,0.));
#4353=DIRECTION('center_axis',(-1.,0.,0.));
#4354=DIRECTION('ref_axis',(0.,-1.,0.));
#4355=DIRECTION('',(0.,-1.,0.));
#4356=DIRECTION('',(0.,0.,-1.));
#4357=DIRECTION('',(0.,-1.,0.));
#4358=DIRECTION('center_axis',(0.,0.,-1.));
#4359=DIRECTION('ref_axis',(1.,0.,0.));
#4360=DIRECTION('',(-3.5527136788005E-16,-1.,0.));
#4361=DIRECTION('',(-1.,0.,0.));
#4362=DIRECTION('',(-1.,-2.16628856059185E-16,0.));
#4363=DIRECTION('center_axis',(0.,0.,-1.));
#4364=DIRECTION('ref_axis',(1.43525368529074E-6,-0.99999999999897,0.));
#4365=DIRECTION('center_axis',(-1.,-1.11022302462516E-15,0.));
#4366=DIRECTION('ref_axis',(1.11022302462516E-15,-1.,0.));
#4367=DIRECTION('',(1.11022302462516E-15,-1.,0.));
#4368=DIRECTION('',(0.,0.,-1.));
#4369=DIRECTION('',(1.11022302462516E-15,-1.,0.));
#4370=DIRECTION('',(0.,0.,1.));
#4371=DIRECTION('center_axis',(1.,1.38777878078144E-15,0.));
#4372=DIRECTION('ref_axis',(-1.38777878078144E-15,1.,0.));
#4373=DIRECTION('',(-1.38777878078144E-15,1.,0.));
#4374=DIRECTION('',(0.,0.,1.));
#4375=DIRECTION('',(-1.38777878078144E-15,1.,0.));
#4376=DIRECTION('',(0.,0.,1.));
#4377=DIRECTION('center_axis',(-5.28635991593466E-16,-1.,0.));
#4378=DIRECTION('ref_axis',(1.,-5.28635991593466E-16,0.));
#4379=DIRECTION('',(1.,-5.28635991593466E-16,0.));
#4380=DIRECTION('',(1.,-5.28635991593466E-16,0.));
#4381=DIRECTION('center_axis',(0.,0.,1.));
#4382=DIRECTION('ref_axis',(1.,0.,0.));
#4383=DIRECTION('',(-1.,-2.16628856059185E-16,0.));
#4384=DIRECTION('center_axis',(-1.11022302462516E-15,-1.,0.));
#4385=DIRECTION('ref_axis',(1.,-1.11022302462516E-15,0.));
#4386=DIRECTION('',(1.,-1.11022302462516E-15,0.));
#4387=DIRECTION('',(0.,0.,1.));
#4388=DIRECTION('',(1.,-1.11022302462516E-15,0.));
#4389=DIRECTION('',(0.,0.,1.));
#4390=DIRECTION('center_axis',(-1.,-1.39532825823818E-13,0.));
#4391=DIRECTION('ref_axis',(1.39532825823818E-13,-1.,0.));
#4392=DIRECTION('',(1.39532825823818E-13,-1.,0.));
#4393=DIRECTION('',(0.,0.,1.));
#4394=DIRECTION('',(1.39532825823818E-13,-1.,0.));
#4395=DIRECTION('center_axis',(0.,0.,1.));
#4396=DIRECTION('ref_axis',(-0.999999999999996,8.54387608858938E-8,0.));
#4397=DIRECTION('center_axis',(0.,0.,1.));
#4398=DIRECTION('ref_axis',(-0.999999999999996,8.54387608858938E-8,0.));
#4399=DIRECTION('',(0.,0.,1.));
#4400=DIRECTION('center_axis',(0.,0.,1.));
#4401=DIRECTION('ref_axis',(-0.999999999999996,8.54387608858938E-8,0.));
#4402=DIRECTION('center_axis',(-1.90127989120309E-13,1.,0.));
#4403=DIRECTION('ref_axis',(-1.,-1.90127989120309E-13,0.));
#4404=DIRECTION('',(-1.,-1.90127989120309E-13,0.));
#4405=DIRECTION('',(0.,0.,1.));
#4406=DIRECTION('',(-1.,-1.90127989120309E-13,0.));
#4407=DIRECTION('center_axis',(0.,0.,1.));
#4408=DIRECTION('ref_axis',(-2.82052918820596E-6,0.999999999996022,0.));
#4409=DIRECTION('center_axis',(0.,0.,1.));
#4410=DIRECTION('ref_axis',(-2.82052918820596E-6,0.999999999996022,0.));
#4411=DIRECTION('',(0.,0.,1.));
#4412=DIRECTION('center_axis',(0.,0.,1.));
#4413=DIRECTION('ref_axis',(-2.82052918820596E-6,0.999999999996022,0.));
#4414=DIRECTION('center_axis',(1.,1.37495079325187E-15,0.));
#4415=DIRECTION('ref_axis',(-1.37495079325187E-15,1.,0.));
#4416=DIRECTION('',(-1.37495079325187E-15,1.,0.));
#4417=DIRECTION('',(7.14989240465969E-31,-5.20010784367755E-16,-1.));
#4418=DIRECTION('',(-1.37495079325187E-15,1.,0.));
#4419=DIRECTION('center_axis',(0.,0.,-1.));
#4420=DIRECTION('ref_axis',(1.,0.,0.));
#4421=DIRECTION('',(1.,7.22096186817732E-17,0.));
#4422=DIRECTION('center_axis',(0.,0.,-1.));
#4423=DIRECTION('ref_axis',(0.,1.,0.));
#4424=DIRECTION('',(1.77635683940025E-16,1.,0.));
#4425=DIRECTION('',(1.,0.,0.));
#4426=DIRECTION('',(-3.5527136788005E-16,-1.,0.));
#4427=DIRECTION('center_axis',(0.,0.,-1.));
#4428=DIRECTION('ref_axis',(1.,2.09476042382104E-15,0.));
#4429=DIRECTION('center_axis',(1.,0.,0.));
#4430=DIRECTION('ref_axis',(0.,1.,0.));
#4431=DIRECTION('',(0.,1.,0.));
#4432=DIRECTION('',(0.,2.60005392183877E-16,-1.));
#4433=DIRECTION('',(0.,1.,0.));
#4434=DIRECTION('',(0.,-1.95004044137908E-16,1.));
#4435=DIRECTION('center_axis',(0.,0.,1.));
#4436=DIRECTION('ref_axis',(1.,0.,0.));
#4437=DIRECTION('',(-1.,0.,0.));
#4438=DIRECTION('',(1.,0.,0.));
#4439=DIRECTION('',(-3.5527136788005E-16,-1.,0.));
#4440=DIRECTION('center_axis',(0.,0.,1.));
#4441=DIRECTION('ref_axis',(-1.,8.3790416952842E-16,0.));
#4442=DIRECTION('',(0.,0.,1.));
#4443=DIRECTION('center_axis',(0.,0.,1.));
#4444=DIRECTION('ref_axis',(-1.,0.,0.));
#4445=DIRECTION('',(0.,0.,1.));
#4446=DIRECTION('center_axis',(0.,-1.,0.));
#4447=DIRECTION('ref_axis',(0.,0.,-1.));
#4448=DIRECTION('',(0.,0.,1.));
#4449=DIRECTION('',(1.,0.,0.));
#4450=DIRECTION('',(0.,0.,-1.));
#4451=DIRECTION('',(1.,0.,0.));
#4452=DIRECTION('center_axis',(0.,0.,-1.));
#4453=DIRECTION('ref_axis',(0.,1.,0.));
#4454=DIRECTION('',(1.,0.,0.));
#4455=DIRECTION('',(1.77635683940025E-16,1.,0.));
#4456=DIRECTION('',(1.77635683940025E-16,1.,0.));
#4457=DIRECTION('center_axis',(1.,0.,0.));
#4458=DIRECTION('ref_axis',(0.,0.,-1.));
#4459=DIRECTION('',(1.,0.,0.));
#4460=DIRECTION('center_axis',(1.,-1.77635683940025E-16,0.));
#4461=DIRECTION('ref_axis',(0.,0.,-1.));
#4462=DIRECTION('center_axis',(1.,-1.77635683940025E-16,0.));
#4463=DIRECTION('ref_axis',(0.,-0.989743318610787,-0.142857142857144));
#4464=DIRECTION('center_axis',(0.,0.,-1.));
#4465=DIRECTION('ref_axis',(-1.,0.,0.));
#4466=DIRECTION('',(1.,0.,0.));
#4467=DIRECTION('',(-3.5527136788005E-16,-1.,0.));
#4468=DIRECTION('center_axis',(0.,0.,-1.));
#4469=DIRECTION('ref_axis',(1.43525368529074E-6,-0.99999999999897,0.));
#4470=DIRECTION('',(-1.,-2.16628856059185E-16,0.));
#4471=DIRECTION('',(0.,1.,0.));
#4472=DIRECTION('',(1.,2.16628856059185E-16,0.));
#4473=DIRECTION('center_axis',(0.,-1.,-1.04002156873551E-15));
#4474=DIRECTION('ref_axis',(-9.35271272290722E-32,-1.04002156873551E-15,
1.));
#4475=DIRECTION('',(3.6948988534942E-31,1.04002156873551E-15,-1.));
#4476=DIRECTION('',(-1.,0.,0.));
#4477=DIRECTION('',(-3.6948988534942E-31,-1.04002156873551E-15,1.));
#4478=DIRECTION('center_axis',(2.16628856059185E-16,-1.,0.));
#4479=DIRECTION('ref_axis',(1.,2.16628856059185E-16,0.));
#4480=DIRECTION('',(1.,2.16628856059185E-16,0.));
#4481=DIRECTION('center_axis',(2.16628856059185E-16,-1.,0.));
#4482=DIRECTION('ref_axis',(0.274000945027657,0.,-0.961729422511317));
#4483=DIRECTION('',(3.94857547306444E-14,8.55375387793304E-30,1.));
#4484=DIRECTION('center_axis',(2.16628856059185E-16,-1.,0.));
#4485=DIRECTION('ref_axis',(1.,0.,4.44089209850044E-15));
#4486=DIRECTION('',(-1.,-2.16628856059185E-16,0.));
#4487=DIRECTION('center_axis',(2.16628856059185E-16,-1.,0.));
#4488=DIRECTION('ref_axis',(-3.33066907387547E-15,0.,1.));
#4489=DIRECTION('',(-1.29887351087646E-15,-2.81373482826745E-31,-1.));
#4490=DIRECTION('center_axis',(2.16628856059185E-16,-1.,0.));
#4491=DIRECTION('ref_axis',(-1.,0.,-2.22044604925031E-15));
#4492=DIRECTION('',(1.,2.16628856059185E-16,0.));
#4493=DIRECTION('',(1.,2.16628856059185E-16,0.));
#4494=DIRECTION('center_axis',(2.16628856059185E-16,-1.,0.));
#4495=DIRECTION('ref_axis',(1.,0.,-8.67361737988404E-16));
#4496=DIRECTION('',(-1.,-2.16628856059185E-16,0.));
#4497=DIRECTION('center_axis',(2.16628856059185E-16,-1.,0.));
#4498=DIRECTION('ref_axis',(0.,0.,1.));
#4499=DIRECTION('',(1.,2.16628856059185E-16,0.));
#4500=DIRECTION('',(1.,2.16628856059185E-16,0.));
#4501=DIRECTION('',(0.,0.,1.));
#4502=DIRECTION('center_axis',(2.16628856059185E-16,-1.,0.));
#4503=DIRECTION('ref_axis',(1.,0.,0.));
#4504=DIRECTION('',(1.,2.16628856059185E-16,0.));
#4505=DIRECTION('center_axis',(0.,0.,-1.));
#4506=DIRECTION('ref_axis',(-1.,0.,0.));
#4507=DIRECTION('',(-1.77635683940025E-16,-1.,0.));
#4508=DIRECTION('',(-1.,0.,0.));
#4509=DIRECTION('',(1.77635683940025E-16,1.,0.));
#4510=DIRECTION('center_axis',(0.,0.,-1.));
#4511=DIRECTION('ref_axis',(0.,1.,0.));
#4512=DIRECTION('',(1.,7.22096186817732E-17,0.));
#4513=DIRECTION('center_axis',(0.,0.,-1.));
#4514=DIRECTION('ref_axis',(1.,2.09476042382104E-15,0.));
#4515=DIRECTION('',(-3.5527136788005E-16,-1.,0.));
#4516=DIRECTION('',(-1.,0.,0.));
#4517=DIRECTION('center_axis',(-1.,1.77635683940025E-16,0.));
#4518=DIRECTION('ref_axis',(-1.77635683940025E-16,-1.,0.));
#4519=DIRECTION('',(0.,0.,1.));
#4520=DIRECTION('',(-1.77635683940025E-16,-1.,0.));
#4521=DIRECTION('',(0.,0.,-1.));
#4522=DIRECTION('',(1.77635683940025E-16,1.,0.));
#4523=DIRECTION('center_axis',(-1.,1.77635683940025E-16,0.));
#4524=DIRECTION('ref_axis',(0.,0.,1.));
#4525=DIRECTION('',(1.2560739669475E-16,0.707106781186815,-0.70710678118628));
#4526=DIRECTION('center_axis',(-1.,1.77635683940025E-16,0.));
#4527=DIRECTION('ref_axis',(0.,0.707106781186497,0.707106781186598));
#4528=DIRECTION('',(-2.41917344267777E-28,-1.36187357687353E-12,-1.));
#4529=DIRECTION('',(1.77635683940025E-16,1.,0.));
#4530=DIRECTION('',(0.,0.,-1.));
#4531=DIRECTION('',(-1.77635683940025E-16,-1.,0.));
#4532=DIRECTION('',(0.,0.,-1.));
#4533=DIRECTION('center_axis',(-1.,1.77635683940025E-16,0.));
#4534=DIRECTION('ref_axis',(0.,1.,0.));
#4535=DIRECTION('',(-1.25607396694654E-16,-0.70710678118628,-0.707106781186815));
#4536=DIRECTION('center_axis',(-1.,1.77635683940025E-16,0.));
#4537=DIRECTION('ref_axis',(0.,0.707106781186599,-0.707106781186496));
#4538=DIRECTION('',(-1.77635683940025E-16,-1.,1.23012711128467E-12));
#4539=DIRECTION('',(0.,0.,-1.));
#4540=DIRECTION('center_axis',(0.,0.,1.));
#4541=DIRECTION('ref_axis',(0.,1.,0.));
#4542=DIRECTION('',(0.,0.,1.));
#4543=DIRECTION('center_axis',(0.,0.,1.));
#4544=DIRECTION('ref_axis',(8.3790416952842E-16,1.,0.));
#4545=DIRECTION('center_axis',(-7.22096186817732E-17,1.,0.));
#4546=DIRECTION('ref_axis',(-1.,-7.22096186817732E-17,0.));
#4547=DIRECTION('',(0.,0.,1.));
#4548=DIRECTION('',(-1.,-7.22096186817732E-17,0.));
#4549=DIRECTION('center_axis',(0.,0.,-1.));
#4550=DIRECTION('ref_axis',(-1.,0.,0.));
#4551=DIRECTION('',(1.,0.,0.));
#4552=DIRECTION('',(-3.5527136788005E-16,-1.,0.));
#4553=DIRECTION('',(-1.,0.,0.));
#4554=DIRECTION('center_axis',(0.,-1.,-1.95004044137908E-16));
#4555=DIRECTION('ref_axis',(-9.3527127229072E-32,-1.95004044137908E-16,
1.));
#4556=DIRECTION('',(6.92793535030162E-32,1.95004044137908E-16,-1.));
#4557=DIRECTION('',(-1.,0.,0.));
#4558=DIRECTION('',(-6.92793535030162E-32,-1.95004044137908E-16,1.));
#4559=DIRECTION('center_axis',(1.,-3.5527136788005E-16,0.));
#4560=DIRECTION('ref_axis',(3.5527136788005E-16,1.,0.));
#4561=DIRECTION('',(0.,0.,1.));
#4562=DIRECTION('',(3.5527136788005E-16,1.,0.));
#4563=DIRECTION('',(0.,0.,1.));
#4564=DIRECTION('',(1.8474494267471E-31,5.20010784367755E-16,1.));
#4565=DIRECTION('center_axis',(1.,-3.5527136788005E-16,0.));
#4566=DIRECTION('ref_axis',(0.,1.,5.55111512312575E-15));
#4567=DIRECTION('',(-3.5527136788005E-16,-1.,0.));
#4568=DIRECTION('center_axis',(1.,-3.5527136788005E-16,0.));
#4569=DIRECTION('ref_axis',(0.,-2.25514051876984E-15,1.));
#4570=DIRECTION('',(-9.2372471337355E-32,-2.60005392183877E-16,1.));
#4571=DIRECTION('center_axis',(1.,-3.5527136788005E-16,0.));
#4572=DIRECTION('ref_axis',(0.,1.,5.55111512312576E-15));
#4573=DIRECTION('',(-3.5527136788005E-16,-1.,1.86592104979018E-16));
#4574=DIRECTION('center_axis',(1.,-3.5527136788005E-16,0.));
#4575=DIRECTION('ref_axis',(0.,-2.77555756156289E-15,1.));
#4576=DIRECTION('center_axis',(0.,2.38757639704335E-16,1.));
#4577=DIRECTION('ref_axis',(0.,-1.,2.38757639704335E-16));
#4578=DIRECTION('',(-1.77635683940025E-16,-1.,0.));
#4579=DIRECTION('',(1.,0.,0.));
#4580=DIRECTION('',(0.,-1.,2.38757639704335E-16));
#4581=DIRECTION('',(1.,0.,0.));
#4582=DIRECTION('center_axis',(0.,-1.,-6.93889390390722E-16));
#4583=DIRECTION('ref_axis',(0.,6.93889390390722E-16,-1.));
#4584=DIRECTION('center_axis',(0.,-1.,-6.93889390390722E-16));
#4585=DIRECTION('ref_axis',(-0.707106781186547,1.96261557335472E-16,0.707106781186548));
#4586=DIRECTION('',(0.,6.93889390390722E-16,-1.));
#4587=DIRECTION('',(-1.23259516440783E-31,-6.93889390390722E-16,1.));
#4588=DIRECTION('',(1.,0.,0.));
#4589=DIRECTION('',(1.23259516440783E-31,6.93889390390722E-16,-1.));
#4590=DIRECTION('center_axis',(-1.,0.,0.));
#4591=DIRECTION('ref_axis',(0.,-1.,0.));
#4592=DIRECTION('',(-1.77635683940025E-16,-1.,0.));
#4593=DIRECTION('',(0.,0.,1.));
#4594=DIRECTION('center_axis',(1.,0.,0.));
#4595=DIRECTION('ref_axis',(0.,-1.,0.));
#4596=DIRECTION('center_axis',(1.,-1.77635683940025E-16,0.));
#4597=DIRECTION('ref_axis',(0.,-1.,0.));
#4598=DIRECTION('center_axis',(-1.,1.77635683940025E-16,0.));
#4599=DIRECTION('ref_axis',(0.,-1.,0.));
#4600=DIRECTION('',(1.,0.,0.));
#4601=DIRECTION('center_axis',(0.,1.,0.));
#4602=DIRECTION('ref_axis',(0.,0.,1.));
#4603=DIRECTION('center_axis',(0.,1.,0.));
#4604=DIRECTION('ref_axis',(-0.707106781186547,1.96261557335472E-16,0.707106781186548));
#4605=DIRECTION('',(0.,0.,1.));
#4606=DIRECTION('',(1.,0.,0.));
#4607=DIRECTION('center_axis',(0.,0.,1.));
#4608=DIRECTION('ref_axis',(0.,-1.,0.));
#4609=DIRECTION('',(-1.77635683940025E-16,-1.,0.));
#4610=DIRECTION('',(1.,0.,0.));
#4611=DIRECTION('center_axis',(1.,0.,0.));
#4612=DIRECTION('ref_axis',(0.,0.,1.));
#4613=DIRECTION('center_axis',(1.,-1.77635683940025E-16,0.));
#4614=DIRECTION('ref_axis',(0.,0.,1.));
#4615=DIRECTION('',(1.,0.,0.));
#4616=DIRECTION('center_axis',(0.,0.70710678118628,0.707106781186815));
#4617=DIRECTION('ref_axis',(8.10590354802674E-49,-0.707106781186815,0.70710678118628));
#4618=DIRECTION('',(-1.2560739669475E-16,-0.707106781186815,0.70710678118628));
#4619=DIRECTION('',(1.,0.,0.));
#4620=DIRECTION('center_axis',(1.,0.,0.));
#4621=DIRECTION('ref_axis',(0.,0.707106781186497,0.707106781186598));
#4622=DIRECTION('center_axis',(1.,-1.77635683940025E-16,0.));
#4623=DIRECTION('ref_axis',(0.,0.707106781186497,0.707106781186598));
#4624=DIRECTION('',(1.,0.,0.));
#4625=DIRECTION('center_axis',(0.,1.,-1.36187357687353E-12));
#4626=DIRECTION('ref_axis',(-1.35470186057357E-47,1.36187357687353E-12,
1.));
#4627=DIRECTION('',(2.41917344267777E-28,1.36187357687353E-12,1.));
#4628=DIRECTION('',(1.,0.,0.));
#4629=DIRECTION('center_axis',(0.,0.,1.));
#4630=DIRECTION('ref_axis',(0.,-1.,0.));
#4631=DIRECTION('',(-1.77635683940025E-16,-1.,0.));
#4632=DIRECTION('',(1.,0.,0.));
#4633=DIRECTION('center_axis',(0.,1.,0.));
#4634=DIRECTION('ref_axis',(0.,0.,1.));
#4635=DIRECTION('',(0.,0.,1.));
#4636=DIRECTION('',(1.,0.,0.));
#4637=DIRECTION('center_axis',(0.,0.,-1.));
#4638=DIRECTION('ref_axis',(0.,1.,0.));
#4639=DIRECTION('',(1.77635683940025E-16,1.,0.));
#4640=DIRECTION('',(1.,0.,0.));
#4641=DIRECTION('center_axis',(0.,1.,0.));
#4642=DIRECTION('ref_axis',(0.,0.,1.));
#4643=DIRECTION('',(0.,0.,1.));
#4644=DIRECTION('',(1.,0.,0.));
#4645=DIRECTION('center_axis',(1.,0.,0.));
#4646=DIRECTION('ref_axis',(0.,1.,0.));
#4647=DIRECTION('center_axis',(1.,-1.77635683940025E-16,0.));
#4648=DIRECTION('ref_axis',(0.,1.,0.));
#4649=DIRECTION('',(1.,0.,0.));
#4650=DIRECTION('center_axis',(0.,0.707106781186815,-0.70710678118628));
#4651=DIRECTION('ref_axis',(-6.61897255083895E-33,0.70710678118628,0.707106781186815));
#4652=DIRECTION('',(1.25607396694654E-16,0.70710678118628,0.707106781186815));
#4653=DIRECTION('',(1.,0.,0.));
#4654=DIRECTION('center_axis',(1.,0.,0.));
#4655=DIRECTION('ref_axis',(0.,0.707106781186599,-0.707106781186496));
#4656=DIRECTION('center_axis',(1.,-1.77635683940025E-16,0.));
#4657=DIRECTION('ref_axis',(0.,0.707106781186599,-0.707106781186496));
#4658=DIRECTION('',(1.,0.,0.));
#4659=DIRECTION('center_axis',(0.,-1.23012711128467E-12,-1.));
#4660=DIRECTION('ref_axis',(3.66062087668634E-32,1.,-1.23012711128467E-12));
#4661=DIRECTION('',(1.77635683940025E-16,1.,-1.23012711128467E-12));
#4662=DIRECTION('',(1.,0.,0.));
#4663=DIRECTION('center_axis',(0.,1.,0.));
#4664=DIRECTION('ref_axis',(0.,0.,1.));
#4665=DIRECTION('',(0.,0.,1.));
#4666=DIRECTION('center_axis',(0.,-1.,-6.93889390390722E-16));
#4667=DIRECTION('ref_axis',(0.,6.93889390390722E-16,-1.));
#4668=DIRECTION('',(1.,0.,0.));
#4669=DIRECTION('',(1.23259516440783E-31,6.93889390390722E-16,-1.));
#4670=DIRECTION('',(0.,0.,-1.));
#4671=DIRECTION('center_axis',(0.,0.,1.));
#4672=DIRECTION('ref_axis',(0.,-1.,0.));
#4673=DIRECTION('',(-1.77635683940025E-16,-1.,0.));
#4674=DIRECTION('',(1.77635683940025E-16,1.,0.));
#4675=DIRECTION('center_axis',(-1.77635683940025E-16,-1.,0.));
#4676=DIRECTION('ref_axis',(-0.707106781186547,1.96261557335472E-16,0.707106781186548));
#4677=DIRECTION('',(-1.77635683940025E-16,-1.,0.));
#4678=DIRECTION('center_axis',(0.31977864415818,-0.947492278987199,0.));
#4679=DIRECTION('ref_axis',(-0.947492278987199,-0.31977864415818,0.));
#4680=DIRECTION('',(1.77635683940025E-16,1.,0.));
#4681=DIRECTION('center_axis',(0.31977864415818,0.947492278987199,3.28727419933194E-18));
#4682=DIRECTION('ref_axis',(-0.947492278987199,0.31977864415818,0.));
#4683=DIRECTION('',(-1.77635683940025E-16,-1.,0.));
#4684=DIRECTION('center_axis',(-1.,1.77635683940025E-16,0.));
#4685=DIRECTION('ref_axis',(-1.77635683940025E-16,-1.,0.));
#4686=DIRECTION('',(1.77635683940025E-16,1.,0.));
#4687=DIRECTION('',(0.,0.,1.));
#4688=DIRECTION('center_axis',(0.,0.,-1.));
#4689=DIRECTION('ref_axis',(-1.,0.,0.));
#4690=DIRECTION('',(0.,-1.,0.));
#4691=DIRECTION('',(-1.,-2.16628856059185E-16,0.));
#4692=DIRECTION('center_axis',(0.,0.,-1.));
#4693=DIRECTION('ref_axis',(-1.,8.3790416952842E-16,0.));
#4694=DIRECTION('',(-1.77635683940025E-16,-1.,0.));
#4695=DIRECTION('center_axis',(-1.,1.77635683940025E-16,0.));
#4696=DIRECTION('ref_axis',(-1.77635683940025E-16,-1.,0.));
#4697=DIRECTION('',(-1.77635683940025E-16,-1.,0.));
#4698=DIRECTION('center_axis',(3.5527136788005E-16,1.,0.));
#4699=DIRECTION('ref_axis',(0.707106781186548,0.,0.707106781186547));
#4700=DIRECTION('center_axis',(-0.319778644158178,0.9474922789872,0.));
#4701=DIRECTION('ref_axis',(0.9474922789872,0.319778644158178,0.));
#4702=DIRECTION('',(-3.5527136788005E-16,-1.,0.));
#4703=DIRECTION('center_axis',(-0.3197786441576,-0.947492278987395,0.));
#4704=DIRECTION('ref_axis',(0.947492278987395,-0.3197786441576,0.));
#4705=DIRECTION('',(3.5527136788005E-16,1.,0.));
#4706=DIRECTION('center_axis',(1.,2.16628856059185E-16,0.));
#4707=DIRECTION('ref_axis',(1.96261557335472E-16,-0.707106781186547,0.707106781186548));
#4708=DIRECTION('center_axis',(-0.947492278987199,0.319778644158179,-2.62981935946538E-16));
#4709=DIRECTION('ref_axis',(-0.319778644158179,-0.947492278987199,0.));
#4710=DIRECTION('',(1.,2.16628856059185E-16,0.));
#4711=DIRECTION('center_axis',(0.947492278987395,0.3197786441576,0.));
#4712=DIRECTION('ref_axis',(0.319778644157599,-0.947492278987395,0.));
#4713=DIRECTION('',(-1.,-2.16628856059185E-16,0.));
#4714=DIRECTION('center_axis',(0.9474922789872,-0.319778644158177,4.43782016909779E-16));
#4715=DIRECTION('ref_axis',(0.319778644158177,0.9474922789872,0.));
#4716=DIRECTION('center_axis',(-4.18952084764209E-16,-4.18952084764209E-16,
1.));
#4717=DIRECTION('ref_axis',(1.,-4.18952084764208E-16,4.18952084764208E-16));
#4718=DIRECTION('center_axis',(-1.,1.77635683940025E-16,0.));
#4719=DIRECTION('ref_axis',(-1.77635683940025E-16,-1.,0.));
#4720=DIRECTION('',(0.,0.,1.));
#4721=DIRECTION('center_axis',(0.,0.,1.));
#4722=DIRECTION('ref_axis',(0.,1.,0.));
#4723=DIRECTION('center_axis',(0.,0.,1.));
#4724=DIRECTION('ref_axis',(8.3790416952842E-16,1.,0.));
#4725=DIRECTION('',(0.,0.,1.));
#4726=DIRECTION('center_axis',(0.,1.,0.));
#4727=DIRECTION('ref_axis',(-1.,0.,-2.22044604925031E-15));
#4728=DIRECTION('',(0.,-1.,0.));
#4729=DIRECTION('',(0.,1.,0.));
#4730=DIRECTION('center_axis',(-2.16628856059185E-16,1.,0.));
#4731=DIRECTION('ref_axis',(-1.,0.,-2.22044604925031E-15));
#4732=DIRECTION('center_axis',(-1.,0.,1.29887351087646E-15));
#4733=DIRECTION('ref_axis',(1.29887351087646E-15,-5.25261540272261E-31,
1.));
#4734=DIRECTION('',(1.29887351087646E-15,2.81373482826745E-31,1.));
#4735=DIRECTION('',(0.,1.,0.));
#4736=DIRECTION('center_axis',(0.,1.,0.));
#4737=DIRECTION('ref_axis',(-3.33066907387547E-15,0.,1.));
#4738=DIRECTION('center_axis',(-2.16628856059185E-16,1.,0.));
#4739=DIRECTION('ref_axis',(-3.33066907387547E-15,0.,1.));
#4740=DIRECTION('',(0.,1.,0.));
#4741=DIRECTION('center_axis',(0.,0.,1.));
#4742=DIRECTION('ref_axis',(1.,-8.0946548110365E-31,0.));
#4743=DIRECTION('',(1.,2.16628856059185E-16,0.));
#4744=DIRECTION('',(0.,1.,0.));
#4745=DIRECTION('center_axis',(0.,1.,0.));
#4746=DIRECTION('ref_axis',(1.,0.,4.44089209850044E-15));
#4747=DIRECTION('center_axis',(-2.16628856059185E-16,1.,0.));
#4748=DIRECTION('ref_axis',(1.,0.,4.44089209850044E-15));
#4749=DIRECTION('',(0.,1.,0.));
#4750=DIRECTION('center_axis',(1.,0.,-3.94857547306444E-14));
#4751=DIRECTION('ref_axis',(-3.94857547306444E-14,4.42423569827958E-31,
-1.));
#4752=DIRECTION('',(-3.94857547306444E-14,-8.55375387793304E-30,-1.));
#4753=DIRECTION('',(0.,1.,0.));
#4754=DIRECTION('center_axis',(0.,0.,1.));
#4755=DIRECTION('ref_axis',(1.,-1.04326236485929E-30,0.));
#4756=DIRECTION('',(1.,2.16628856059185E-16,0.));
#4757=DIRECTION('',(0.,1.,0.));
#4758=DIRECTION('',(0.,1.,0.));
#4759=DIRECTION('center_axis',(-1.,0.,0.));
#4760=DIRECTION('ref_axis',(0.,-2.77555756156289E-15,1.));
#4761=DIRECTION('center_axis',(-1.,3.5527136788005E-16,0.));
#4762=DIRECTION('ref_axis',(0.,-2.77555756156289E-15,1.));
#4763=DIRECTION('',(-1.,0.,0.));
#4764=DIRECTION('center_axis',(0.,1.86592104979018E-16,1.));
#4765=DIRECTION('ref_axis',(-3.57775454081208E-46,1.,-1.86592104979018E-16));
#4766=DIRECTION('',(3.5527136788005E-16,1.,-1.86592104979018E-16));
#4767=DIRECTION('',(-1.,0.,0.));
#4768=DIRECTION('center_axis',(-1.,0.,0.));
#4769=DIRECTION('ref_axis',(0.,1.,5.55111512312576E-15));
#4770=DIRECTION('center_axis',(-1.,3.5527136788005E-16,0.));
#4771=DIRECTION('ref_axis',(0.,1.,5.55111512312576E-15));
#4772=DIRECTION('',(-1.,0.,0.));
#4773=DIRECTION('center_axis',(0.,1.,2.60005392183877E-16));
#4774=DIRECTION('ref_axis',(9.35271272290517E-32,2.60005392183877E-16,-1.));
#4775=DIRECTION('',(9.2372471337355E-32,2.60005392183877E-16,-1.));
#4776=DIRECTION('center_axis',(-1.,0.,0.));
#4777=DIRECTION('ref_axis',(0.,-2.25514051876984E-15,1.));
#4778=DIRECTION('center_axis',(-1.,3.5527136788005E-16,0.));
#4779=DIRECTION('ref_axis',(0.,-2.25514051876984E-15,1.));
#4780=DIRECTION('',(-1.,0.,0.));
#4781=DIRECTION('center_axis',(0.,0.,1.));
#4782=DIRECTION('ref_axis',(-3.75024893554742E-46,1.,0.));
#4783=DIRECTION('',(3.5527136788005E-16,1.,0.));
#4784=DIRECTION('',(-1.,0.,0.));
#4785=DIRECTION('center_axis',(-1.,0.,0.));
#4786=DIRECTION('ref_axis',(0.,1.,5.55111512312575E-15));
#4787=DIRECTION('center_axis',(-1.,3.5527136788005E-16,0.));
#4788=DIRECTION('ref_axis',(0.,1.,5.55111512312575E-15));
#4789=DIRECTION('',(-1.,0.,0.));
#4790=DIRECTION('center_axis',(0.,0.,1.));
#4791=DIRECTION('ref_axis',(-1.77635683940025E-16,-1.,0.));
#4792=DIRECTION('',(1.,7.22096186817732E-17,0.));
#4793=DIRECTION('',(1.,0.,0.));
#4794=DIRECTION('center_axis',(0.,0.,-1.));
#4795=DIRECTION('ref_axis',(1.,1.11022302462516E-15,0.));
#4796=DIRECTION('',(0.,-1.,0.));
#4797=DIRECTION('center_axis',(0.,0.,-1.));
#4798=DIRECTION('ref_axis',(0.,-1.,0.));
#4799=DIRECTION('',(-1.,0.,0.));
#4800=DIRECTION('center_axis',(0.,0.,-1.));
#4801=DIRECTION('ref_axis',(-1.,-1.11022302462516E-15,0.));
#4802=DIRECTION('',(0.,1.,0.));
#4803=DIRECTION('center_axis',(0.,0.,-1.));
#4804=DIRECTION('ref_axis',(0.,1.,0.));
#4805=DIRECTION('',(1.,0.,0.));
#4806=DIRECTION('center_axis',(0.,0.,-1.));
#4807=DIRECTION('ref_axis',(1.,0.,0.));
#4808=DIRECTION('',(0.,-1.,0.));
#4809=DIRECTION('center_axis',(0.,0.,-1.));
#4810=DIRECTION('ref_axis',(0.,-1.,0.));
#4811=DIRECTION('',(-1.,0.,0.));
#4812=DIRECTION('center_axis',(0.,0.,-1.));
#4813=DIRECTION('ref_axis',(-1.,0.,0.));
#4814=DIRECTION('',(0.,1.,0.));
#4815=DIRECTION('center_axis',(0.,0.,-1.));
#4816=DIRECTION('ref_axis',(0.,1.,0.));
#4817=DIRECTION('',(0.,1.,0.));
#4818=DIRECTION('center_axis',(0.,0.,-1.));
#4819=DIRECTION('ref_axis',(0.,1.,0.));
#4820=DIRECTION('',(1.,-2.1350442781253E-16,0.));
#4821=DIRECTION('center_axis',(0.,0.,-1.));
#4822=DIRECTION('ref_axis',(1.,0.,0.));
#4823=DIRECTION('',(0.,-1.,0.));
#4824=DIRECTION('center_axis',(0.,0.,-1.));
#4825=DIRECTION('ref_axis',(2.01858731750028E-15,-1.,0.));
#4826=DIRECTION('',(-1.,6.4051328343759E-16,0.));
#4827=DIRECTION('center_axis',(0.,0.,-1.));
#4828=DIRECTION('ref_axis',(-1.,4.44720018386783E-15,0.));
#4829=DIRECTION('',(0.,1.,0.));
#4830=DIRECTION('center_axis',(0.,0.,-1.));
#4831=DIRECTION('ref_axis',(0.,1.,0.));
#4832=DIRECTION('',(1.,0.,0.));
#4833=DIRECTION('center_axis',(0.,0.,-1.));
#4834=DIRECTION('ref_axis',(1.,-1.38777878078145E-16,0.));
#4835=DIRECTION('',(-2.04649405460858E-16,-1.,0.));
#4836=DIRECTION('center_axis',(0.,0.,-1.));
#4837=DIRECTION('ref_axis',(0.,-1.,0.));
#4838=DIRECTION('',(-1.,0.,0.));
#4839=DIRECTION('center_axis',(0.,0.,-1.));
#4840=DIRECTION('ref_axis',(-1.,0.,0.));
#4841=DIRECTION('center_axis',(-1.,0.,0.));
#4842=DIRECTION('ref_axis',(0.,1.,0.));
#4843=DIRECTION('',(0.,0.,-1.));
#4844=DIRECTION('center_axis',(0.,0.,-1.));
#4845=DIRECTION('ref_axis',(-1.11022302462516E-15,1.,0.));
#4846=DIRECTION('',(0.,0.,-1.));
#4847=DIRECTION('center_axis',(0.,1.,0.));
#4848=DIRECTION('ref_axis',(1.,0.,0.));
#4849=DIRECTION('',(0.,0.,-1.));
#4850=DIRECTION('center_axis',(0.,0.,-1.));
#4851=DIRECTION('ref_axis',(1.,1.11022302462516E-15,0.));
#4852=DIRECTION('center_axis',(0.,0.,-1.));
#4853=DIRECTION('ref_axis',(0.,1.,0.));
#4854=DIRECTION('',(0.,0.,-1.));
#4855=DIRECTION('',(0.,0.,-1.));
#4856=DIRECTION('center_axis',(0.,1.,0.));
#4857=DIRECTION('ref_axis',(1.,0.,0.));
#4858=DIRECTION('',(0.,0.,-1.));
#4859=DIRECTION('center_axis',(0.,0.,-1.));
#4860=DIRECTION('ref_axis',(1.,-1.38777878078145E-16,0.));
#4861=DIRECTION('',(0.,0.,-1.));
#4862=DIRECTION('center_axis',(1.,-2.04649405460858E-16,0.));
#4863=DIRECTION('ref_axis',(-2.04649405460858E-16,-1.,0.));
#4864=DIRECTION('',(0.,0.,-1.));
#4865=DIRECTION('center_axis',(0.,0.,-1.));
#4866=DIRECTION('ref_axis',(0.,-1.,0.));
#4867=DIRECTION('',(0.,0.,-1.));
#4868=DIRECTION('center_axis',(0.,-1.,0.));
#4869=DIRECTION('ref_axis',(-1.,0.,0.));
#4870=DIRECTION('',(0.,0.,-1.));
#4871=DIRECTION('center_axis',(0.,0.,-1.));
#4872=DIRECTION('ref_axis',(-1.,0.,0.));
#4873=DIRECTION('',(0.,0.,-1.));
#4874=DIRECTION('center_axis',(-1.,0.,0.));
#4875=DIRECTION('ref_axis',(0.,1.,0.));
#4876=DIRECTION('center_axis',(0.,0.,-1.));
#4877=DIRECTION('ref_axis',(0.,1.,0.));
#4878=DIRECTION('',(0.,0.,-1.));
#4879=DIRECTION('',(0.,0.,-1.));
#4880=DIRECTION('center_axis',(2.1350442781253E-16,1.,0.));
#4881=DIRECTION('ref_axis',(1.,-2.1350442781253E-16,0.));
#4882=DIRECTION('',(0.,0.,-1.));
#4883=DIRECTION('center_axis',(0.,0.,-1.));
#4884=DIRECTION('ref_axis',(1.,0.,0.));
#4885=DIRECTION('',(0.,0.,-1.));
#4886=DIRECTION('center_axis',(1.,0.,0.));
#4887=DIRECTION('ref_axis',(0.,-1.,0.));
#4888=DIRECTION('',(0.,0.,-1.));
#4889=DIRECTION('center_axis',(0.,0.,-1.));
#4890=DIRECTION('ref_axis',(2.01858731750028E-15,-1.,0.));
#4891=DIRECTION('',(0.,0.,-1.));
#4892=DIRECTION('center_axis',(-6.4051328343759E-16,-1.,0.));
#4893=DIRECTION('ref_axis',(-1.,6.4051328343759E-16,0.));
#4894=DIRECTION('',(0.,0.,-1.));
#4895=DIRECTION('center_axis',(0.,0.,-1.));
#4896=DIRECTION('ref_axis',(-1.,4.44720018386783E-15,0.));
#4897=DIRECTION('',(0.,0.,-1.));
#4898=DIRECTION('center_axis',(-1.,0.,0.));
#4899=DIRECTION('ref_axis',(0.,1.,0.));
#4900=DIRECTION('center_axis',(0.,0.,-1.));
#4901=DIRECTION('ref_axis',(1.,0.,0.));
#4902=DIRECTION('',(0.,0.,-1.));
#4903=DIRECTION('',(0.,0.,-1.));
#4904=DIRECTION('center_axis',(1.,0.,0.));
#4905=DIRECTION('ref_axis',(0.,-1.,0.));
#4906=DIRECTION('',(0.,0.,-1.));
#4907=DIRECTION('center_axis',(0.,0.,-1.));
#4908=DIRECTION('ref_axis',(0.,-1.,0.));
#4909=DIRECTION('',(0.,0.,-1.));
#4910=DIRECTION('center_axis',(0.,-1.,0.));
#4911=DIRECTION('ref_axis',(-1.,0.,0.));
#4912=DIRECTION('',(0.,0.,-1.));
#4913=DIRECTION('center_axis',(0.,0.,-1.));
#4914=DIRECTION('ref_axis',(-1.,0.,0.));
#4915=DIRECTION('',(0.,0.,-1.));
#4916=DIRECTION('center_axis',(-1.,0.,0.));
#4917=DIRECTION('ref_axis',(0.,1.,0.));
#4918=DIRECTION('',(0.,0.,-1.));
#4919=DIRECTION('center_axis',(0.,0.,-1.));
#4920=DIRECTION('ref_axis',(0.,1.,0.));
#4921=DIRECTION('',(0.,0.,-1.));
#4922=DIRECTION('center_axis',(0.,1.,0.));
#4923=DIRECTION('ref_axis',(1.,0.,0.));
#4924=DIRECTION('center_axis',(0.,0.,-1.));
#4925=DIRECTION('ref_axis',(1.,1.11022302462516E-15,0.));
#4926=DIRECTION('',(0.,0.,-1.));
#4927=DIRECTION('',(0.,0.,-1.));
#4928=DIRECTION('center_axis',(1.,0.,0.));
#4929=DIRECTION('ref_axis',(0.,-1.,0.));
#4930=DIRECTION('',(0.,0.,-1.));
#4931=DIRECTION('center_axis',(0.,0.,-1.));
#4932=DIRECTION('ref_axis',(0.,-1.,0.));
#4933=DIRECTION('',(0.,0.,-1.));
#4934=DIRECTION('center_axis',(0.,-1.,0.));
#4935=DIRECTION('ref_axis',(-1.,0.,0.));
#4936=DIRECTION('',(0.,0.,-1.));
#4937=DIRECTION('center_axis',(0.,0.,-1.));
#4938=DIRECTION('ref_axis',(-1.,-1.11022302462516E-15,0.));
#4939=DIRECTION('',(0.,0.,-1.));
#4940=DIRECTION('center_axis',(-1.,0.,0.));
#4941=DIRECTION('ref_axis',(0.,1.,0.));
#4942=DIRECTION('',(0.,0.,-1.));
#4943=DIRECTION('center_axis',(0.,0.,-1.));
#4944=DIRECTION('ref_axis',(0.,1.,0.));
#4945=DIRECTION('',(0.,0.,-1.));
#4946=DIRECTION('center_axis',(0.,1.,0.));
#4947=DIRECTION('ref_axis',(1.,0.,0.));
#4948=DIRECTION('center_axis',(0.,0.,1.));
#4949=DIRECTION('ref_axis',(0.,-1.,0.));
#4950=DIRECTION('center_axis',(-0.410364677328109,-0.911921505175417,0.));
#4951=DIRECTION('ref_axis',(0.911921505175416,-0.410364677328109,0.));
#4952=DIRECTION('center_axis',(0.,0.,1.));
#4953=DIRECTION('ref_axis',(0.,-1.,0.));
#4954=DIRECTION('center_axis',(0.911921505175417,0.410364677328108,0.));
#4955=DIRECTION('ref_axis',(0.410364677328108,-0.911921505175417,0.));
#4956=DIRECTION('center_axis',(0.,0.,-1.));
#4957=DIRECTION('ref_axis',(1.,0.,0.));
#4958=DIRECTION('',(1.,2.16628856059185E-16,0.));
#4959=DIRECTION('center_axis',(0.,0.,-1.));
#4960=DIRECTION('ref_axis',(1.,0.,0.));
#4961=DIRECTION('center_axis',(0.,0.,1.));
#4962=DIRECTION('ref_axis',(1.,0.,0.));
#4963=DIRECTION('center_axis',(0.,0.,-1.));
#4964=DIRECTION('ref_axis',(-1.83697019872103E-16,1.,0.));
#4965=DIRECTION('center_axis',(0.,0.,1.));
#4966=DIRECTION('ref_axis',(-1.,0.,0.));
#4967=DIRECTION('center_axis',(1.,2.16628856059185E-16,0.));
#4968=DIRECTION('ref_axis',(1.96261557335472E-16,-0.707106781186547,0.707106781186548));
#4969=DIRECTION('',(1.,2.16628856059185E-16,0.));
#4970=DIRECTION('center_axis',(-0.911921505175107,0.410364677328797,-2.61736570609644E-16));
#4971=DIRECTION('ref_axis',(-0.410364677328797,-0.911921505175107,0.));
#4972=DIRECTION('center_axis',(0.410364677328798,-0.911921505175106,0.));
#4973=DIRECTION('ref_axis',(-0.911921505175106,-0.410364677328798,0.));
#4974=DIRECTION('center_axis',(0.,0.,-1.));
#4975=DIRECTION('ref_axis',(1.,0.,0.));
#4976=DIRECTION('',(-1.77635683940025E-16,-1.,0.));
#4977=DIRECTION('center_axis',(0.,0.,-1.));
#4978=DIRECTION('ref_axis',(1.,0.,0.));
#4979=DIRECTION('center_axis',(0.,0.,1.));
#4980=DIRECTION('ref_axis',(1.,0.,0.));
#4981=DIRECTION('center_axis',(0.,0.,-1.));
#4982=DIRECTION('ref_axis',(1.,0.,0.));
#4983=DIRECTION('center_axis',(-1.,-7.22096186817732E-17,0.));
#4984=DIRECTION('ref_axis',(0.,0.707106781186548,0.707106781186548));
#4985=DIRECTION('center_axis',(-0.947492278987199,-0.319778644158179,0.));
#4986=DIRECTION('ref_axis',(-0.319778644158179,0.947492278987199,0.));
#4987=DIRECTION('',(-1.,-7.22096186817732E-17,0.));
#4988=DIRECTION('center_axis',(0.911921505175108,-0.410364677328795,4.41680462903772E-16));
#4989=DIRECTION('ref_axis',(0.410364677328795,0.911921505175108,0.));
#4990=DIRECTION('center_axis',(-4.18952084764209E-16,-4.18952084764209E-16,
1.));
#4991=DIRECTION('ref_axis',(1.,-4.18952084764208E-16,4.18952084764208E-16));
#4992=DIRECTION('center_axis',(-0.410364677328796,0.911921505175108,0.));
#4993=DIRECTION('ref_axis',(0.911921505175107,0.410364677328796,0.));
#4994=DIRECTION('center_axis',(3.5527136788005E-16,1.,0.));
#4995=DIRECTION('ref_axis',(0.707106781186548,0.,0.707106781186547));
#4996=DIRECTION('center_axis',(0.,0.,-1.));
#4997=DIRECTION('ref_axis',(5.0532154980743E-16,-1.,0.));
#4998=DIRECTION('center_axis',(0.,0.,-1.));
#4999=DIRECTION('ref_axis',(1.,0.,0.));
#5000=DIRECTION('center_axis',(0.,0.,-1.));
#5001=DIRECTION('ref_axis',(1.,0.,0.));
#5002=DIRECTION('',(-1.,-7.22096186817732E-17,0.));
#5003=DIRECTION('center_axis',(0.,0.,1.));
#5004=DIRECTION('ref_axis',(1.,0.,0.));
#5005=DIRECTION('center_axis',(-1.,-7.22096186817732E-17,0.));
#5006=DIRECTION('ref_axis',(0.,0.707106781186547,0.707106781186547));
#5007=DIRECTION('',(-1.,-7.22096186817732E-17,0.));
#5008=DIRECTION('center_axis',(-0.911921505175107,-0.410364677328797,0.));
#5009=DIRECTION('ref_axis',(-0.410364677328797,0.911921505175107,0.));
#5010=DIRECTION('center_axis',(-1.77635683940025E-16,-1.,0.));
#5011=DIRECTION('ref_axis',(-0.707106781186547,1.96261557335472E-16,0.707106781186548));
#5012=DIRECTION('',(-1.77635683940025E-16,-1.,0.));
#5013=DIRECTION('center_axis',(0.410364677328798,0.911921505175106,3.27170713262078E-18));
#5014=DIRECTION('ref_axis',(-0.911921505175106,0.410364677328798,0.));
#5015=DIRECTION('center_axis',(0.,0.,-1.));
#5016=DIRECTION('ref_axis',(1.,0.,0.));
#5017=DIRECTION('center_axis',(0.,0.,-1.));
#5018=DIRECTION('ref_axis',(1.,0.,0.));
#5019=DIRECTION('center_axis',(0.,0.,-1.));
#5020=DIRECTION('ref_axis',(1.,0.,0.));
#5021=DIRECTION('center_axis',(0.,0.,1.));
#5022=DIRECTION('ref_axis',(1.,0.,0.));
#5023=DIRECTION('center_axis',(2.16628856059185E-16,-1.,0.));
#5024=DIRECTION('ref_axis',(1.,2.16628856059185E-16,0.));
#5025=DIRECTION('',(-1.,-2.16628856059185E-16,0.));
#5026=DIRECTION('center_axis',(-2.16628856059185E-16,1.,0.));
#5027=DIRECTION('ref_axis',(1.,0.,0.));
#5028=DIRECTION('',(0.,0.,1.));
#5029=DIRECTION('',(0.,0.,1.));
#5030=DIRECTION('center_axis',(-2.16628856059185E-16,1.,0.));
#5031=DIRECTION('ref_axis',(0.,0.,1.));
#5032=DIRECTION('center_axis',(-2.16628856059185E-16,1.,0.));
#5033=DIRECTION('ref_axis',(1.,0.,-8.67361737988404E-16));
#5034=DIRECTION('',(-1.,-2.16628856059185E-16,0.));
#5035=DIRECTION('center_axis',(-2.16628856059185E-16,1.,0.));
#5036=DIRECTION('ref_axis',(0.274000945027657,0.,-0.961729422511317));
#5037=DIRECTION('center_axis',(0.,1.,0.));
#5038=DIRECTION('ref_axis',(1.,0.,0.));
#5039=DIRECTION('',(0.,-1.,0.));
#5040=DIRECTION('center_axis',(0.,0.,1.));
#5041=DIRECTION('ref_axis',(1.43525368529074E-6,-0.99999999999897,0.));
#5042=DIRECTION('',(0.,0.,1.));
#5043=DIRECTION('center_axis',(0.,1.,0.));
#5044=DIRECTION('ref_axis',(0.,0.,1.));
#5045=DIRECTION('center_axis',(0.,0.,1.));
#5046=DIRECTION('ref_axis',(-1.,8.3790416952842E-16,0.));
#5047=DIRECTION('center_axis',(0.,0.,-1.));
#5048=DIRECTION('ref_axis',(1.,0.,0.));
#5049=DIRECTION('center_axis',(0.,0.,1.));
#5050=DIRECTION('ref_axis',(1.,0.,0.));
#5051=DIRECTION('center_axis',(0.,0.,1.));
#5052=DIRECTION('ref_axis',(1.,0.,0.));
#5053=DIRECTION('',(0.,0.,1.));
#5054=DIRECTION('center_axis',(0.,0.,-1.));
#5055=DIRECTION('ref_axis',(1.,0.,0.));
#5056=DIRECTION('center_axis',(0.,0.,1.));
#5057=DIRECTION('ref_axis',(1.,0.,0.));
#5058=DIRECTION('center_axis',(0.,0.,1.));
#5059=DIRECTION('ref_axis',(1.,0.,0.));
#5060=DIRECTION('',(0.,0.,1.));
#5061=DIRECTION('center_axis',(0.,0.,-1.));
#5062=DIRECTION('ref_axis',(1.,0.,0.));
#5063=DIRECTION('center_axis',(0.,0.,1.));
#5064=DIRECTION('ref_axis',(1.,0.,0.));
#5065=DIRECTION('center_axis',(0.,0.,1.));
#5066=DIRECTION('ref_axis',(1.,0.,0.));
#5067=DIRECTION('',(0.,0.,1.));
#5068=DIRECTION('center_axis',(0.,0.,-1.));
#5069=DIRECTION('ref_axis',(1.,0.,0.));
#5070=DIRECTION('center_axis',(0.,0.,1.));
#5071=DIRECTION('ref_axis',(1.,0.,0.));
#5072=DIRECTION('center_axis',(0.,0.,1.));
#5073=DIRECTION('ref_axis',(1.,0.,0.));
#5074=DIRECTION('',(0.,0.,1.));
#5075=DIRECTION('center_axis',(0.,0.,-1.));
#5076=DIRECTION('ref_axis',(8.88178419700125E-16,1.,0.));
#5077=DIRECTION('',(0.,0.,-1.));
#5078=DIRECTION('',(0.,0.,-1.));
#5079=DIRECTION('center_axis',(1.,-2.04649405460858E-16,0.));
#5080=DIRECTION('ref_axis',(-2.04649405460858E-16,-1.,0.));
#5081=DIRECTION('',(0.,0.,-1.));
#5082=DIRECTION('center_axis',(0.,0.,-1.));
#5083=DIRECTION('ref_axis',(1.,4.44089209850063E-16,0.));
#5084=DIRECTION('center_axis',(1.32881271648732E-16,-1.,0.));
#5085=DIRECTION('ref_axis',(-1.,-1.32881271648732E-16,0.));
#5086=DIRECTION('',(0.,0.,-1.));
#5087=DIRECTION('center_axis',(0.,0.,-1.));
#5088=DIRECTION('ref_axis',(-2.22044604925031E-16,-1.,0.));
#5089=DIRECTION('',(0.,0.,-1.));
#5090=DIRECTION('center_axis',(-1.,0.,0.));
#5091=DIRECTION('ref_axis',(0.,1.,0.));
#5092=DIRECTION('',(0.,0.,-1.));
#5093=DIRECTION('center_axis',(0.,0.,-1.));
#5094=DIRECTION('ref_axis',(-1.,-5.55111512312578E-16,0.));
#5095=DIRECTION('',(0.,0.,-1.));
#5096=DIRECTION('center_axis',(3.3220317912183E-17,1.,0.));
#5097=DIRECTION('ref_axis',(1.,-3.3220317912183E-17,0.));
#5098=DIRECTION('center_axis',(1.,0.,0.));
#5099=DIRECTION('ref_axis',(0.,-1.,0.));
#5100=DIRECTION('center_axis',(-1.,0.,0.));
#5101=DIRECTION('ref_axis',(0.,1.,0.));
#5102=DIRECTION('',(0.,0.,-1.));
#5103=DIRECTION('center_axis',(0.,-1.,0.));
#5104=DIRECTION('ref_axis',(-1.,0.,0.));
#5105=DIRECTION('center_axis',(-7.22096186817732E-17,1.,0.));
#5106=DIRECTION('ref_axis',(-1.,-7.22096186817732E-17,0.));
#5107=DIRECTION('',(0.,0.,1.));
#5108=DIRECTION('center_axis',(0.,0.,1.));
#5109=DIRECTION('ref_axis',(1.,2.09476042382104E-15,0.));
#5110=DIRECTION('',(0.,0.,1.));
#5111=DIRECTION('center_axis',(1.,-3.5527136788005E-16,0.));
#5112=DIRECTION('ref_axis',(3.5527136788005E-16,1.,0.));
#5113=DIRECTION('',(-1.8474494267471E-31,-5.20010784367755E-16,-1.));
#5114=DIRECTION('center_axis',(0.,1.,-5.20010784367755E-16));
#5115=DIRECTION('ref_axis',(9.35271272290377E-32,-5.20010784367755E-16,
-1.));
#5116=DIRECTION('center_axis',(0.,0.,1.));
#5117=DIRECTION('ref_axis',(1.,2.09476042382104E-15,0.));
#5118=DIRECTION('center_axis',(0.,1.,0.));
#5119=DIRECTION('ref_axis',(1.,0.,-8.67361737988404E-16));
#5120=DIRECTION('',(0.,1.,0.));
#5121=DIRECTION('center_axis',(0.,0.,1.));
#5122=DIRECTION('ref_axis',(1.43525368529074E-6,-0.99999999999897,0.));
#5123=DIRECTION('center_axis',(0.,1.,0.));
#5124=DIRECTION('ref_axis',(0.274000945027657,0.,-0.961729422511317));
#5125=DIRECTION('',(0.,1.,0.));
#5126=DIRECTION('center_axis',(0.,0.,-1.));
#5127=DIRECTION('ref_axis',(-1.,0.,0.));
#5128=DIRECTION('center_axis',(0.,0.,-1.));
#5129=DIRECTION('ref_axis',(-1.,0.,0.));
#5130=CARTESIAN_POINT('',(0.,0.,0.));
#5131=CARTESIAN_POINT('Origin',(0.999999999999916,-21.9410000000001,22.35));
#5132=CARTESIAN_POINT('',(1.99999999999991,-21.9410000000001,21.2));
#5133=CARTESIAN_POINT('',(0.999999999999916,-20.9410000000001,21.2));
#5134=CARTESIAN_POINT('Origin',(0.999999999999916,-21.9410000000001,21.2));
#5135=CARTESIAN_POINT('',(0.999999999999917,-20.9410000000001,22.7));
#5136=CARTESIAN_POINT('',(0.999999999999916,-20.9410000000001,22.35));
#5137=CARTESIAN_POINT('',(1.86602540378436,-21.4410000000001,22.7));
#5138=CARTESIAN_POINT('Origin',(0.999999999999916,-21.9410000000001,22.7));
#5139=CARTESIAN_POINT('',(1.99999999999992,-21.9410000000001,22.7));
#5140=CARTESIAN_POINT('Origin',(0.999999999999916,-21.9410000000001,22.7));
#5141=CARTESIAN_POINT('',(1.99999999999992,-21.9410000000001,22.35));
#5142=CARTESIAN_POINT('Origin',(-8.30000000000011,-20.9410000000001,22.));
#5143=CARTESIAN_POINT('',(-8.60000000000011,-20.9410000000001,21.2));
#5144=CARTESIAN_POINT('',(0.349999999999893,-20.9410000000001,21.2));
#5145=CARTESIAN_POINT('',(-8.60000000000011,-20.9410000000001,22.7));
#5146=CARTESIAN_POINT('',(-8.60000000000011,-20.9410000000001,22.));
#5147=CARTESIAN_POINT('',(17.7999999999999,-20.9410000000001,22.7));
#5148=CARTESIAN_POINT('Origin',(8.99999999999989,-6.59100000000007,21.2));
#5149=CARTESIAN_POINT('',(1.99999999999992,-22.4410000000001,21.2));
#5150=CARTESIAN_POINT('',(1.99999999999991,-13.7660000000001,21.2));
#5151=CARTESIAN_POINT('',(-7.71000000000011,-22.4410000000001,21.2));
#5152=CARTESIAN_POINT('',(25.7099999999999,-22.4410000000001,21.2));
#5153=CARTESIAN_POINT('',(-12.7100000000001,-17.4410000000001,21.2));
#5154=CARTESIAN_POINT('Origin',(-7.71000000000011,-17.4410000000001,21.2));
#5155=CARTESIAN_POINT('',(-12.7100000000001,4.25899999999993,21.2));
#5156=CARTESIAN_POINT('',(-12.7100000000001,-17.4410000000001,21.2));
#5157=CARTESIAN_POINT('',(-7.71000000000011,9.25899999999994,21.2));
#5158=CARTESIAN_POINT('Origin',(-7.71000000000011,4.25899999999994,21.2));
#5159=CARTESIAN_POINT('',(25.7099999999999,9.25899999999994,21.2));
#5160=CARTESIAN_POINT('',(-7.71000000000011,9.25899999999994,21.2));
#5161=CARTESIAN_POINT('',(30.7099999999999,4.25899999999994,21.2));
#5162=CARTESIAN_POINT('Origin',(25.7099999999999,4.25899999999994,21.2));
#5163=CARTESIAN_POINT('',(30.7099999999999,-17.4410000000001,21.2));
#5164=CARTESIAN_POINT('',(30.7099999999999,4.25899999999994,21.2));
#5165=CARTESIAN_POINT('',(25.7099999999999,-22.4410000000001,21.2));
#5166=CARTESIAN_POINT('Origin',(25.7099999999999,-17.4410000000001,21.2));
#5167=CARTESIAN_POINT('',(15.9999999999999,-22.4410000000001,21.2));
#5168=CARTESIAN_POINT('',(25.7099999999999,-22.4410000000001,21.2));
#5169=CARTESIAN_POINT('',(15.9999999999999,-21.9410000000001,21.2));
#5170=CARTESIAN_POINT('',(15.9999999999999,-13.7660000000001,21.2));
#5171=CARTESIAN_POINT('',(16.9999999999999,-20.9410000000001,21.2));
#5172=CARTESIAN_POINT('Origin',(16.9999999999999,-21.9410000000001,21.2));
#5173=CARTESIAN_POINT('',(26.5999999999999,-20.9410000000001,21.2));
#5174=CARTESIAN_POINT('',(0.349999999999893,-20.9410000000001,21.2));
#5175=CARTESIAN_POINT('',(26.5999999999999,3.25899999999994,21.2));
#5176=CARTESIAN_POINT('',(26.5999999999999,-13.6160000000001,21.2));
#5177=CARTESIAN_POINT('',(15.0310519988859,3.25899999999994,21.2));
#5178=CARTESIAN_POINT('',(17.6499999999999,3.25899999999994,21.2));
#5179=CARTESIAN_POINT('',(14.0310519988859,4.25899999999994,21.2));
#5180=CARTESIAN_POINT('Origin',(15.0310519988859,4.25899999999994,21.2));
#5181=CARTESIAN_POINT('',(14.0310519988859,6.20405517219084,21.2));
#5182=CARTESIAN_POINT('',(14.0310519988859,6.20405517219084,21.2));
#5183=CARTESIAN_POINT('',(13.0310519988859,7.20405517219084,21.2));
#5184=CARTESIAN_POINT('Origin',(13.0310519988859,6.20405517219084,21.2));
#5185=CARTESIAN_POINT('',(5.00000005960464,7.20405517219085,21.2));
#5186=CARTESIAN_POINT('',(5.00000005960464,7.20405517219084,21.2));
#5187=CARTESIAN_POINT('',(4.00000005960464,6.20405517219084,21.2));
#5188=CARTESIAN_POINT('Origin',(5.00000005960464,6.20405517219085,21.2));
#5189=CARTESIAN_POINT('',(4.00000005960464,4.25899999999994,21.2));
#5190=CARTESIAN_POINT('',(4.00000005960464,2.95899999999994,21.2));
#5191=CARTESIAN_POINT('',(3.00000005960464,3.25899999999994,21.2));
#5192=CARTESIAN_POINT('Origin',(3.00000005960464,4.25899999999994,21.2));
#5193=CARTESIAN_POINT('',(-8.60000000000011,3.25899999999994,21.2));
#5194=CARTESIAN_POINT('',(6.50000002980227,3.25899999999994,21.2));
#5195=CARTESIAN_POINT('',(-8.60000000000011,-1.81600000000006,21.2));
#5196=CARTESIAN_POINT('Origin',(1.99999999999992,-20.9410000000001,22.7));
#5197=CARTESIAN_POINT('',(1.99999999999992,-23.9410000000001,22.7));
#5198=CARTESIAN_POINT('',(1.99999999999992,-20.9410000000001,22.7));
#5199=CARTESIAN_POINT('',(1.99999999999992,-23.9410000000001,22.));
#5200=CARTESIAN_POINT('',(1.99999999999992,-23.9410000000001,22.325));
#5201=CARTESIAN_POINT('',(1.99999999999992,-22.4410000000001,22.));
#5202=CARTESIAN_POINT('',(1.99999999999992,-24.9161515484622,22.));
#5203=CARTESIAN_POINT('',(1.99999999999992,-22.4410000000001,22.35));
#5204=CARTESIAN_POINT('Origin',(16.9999999999999,-21.9410000000001,21.6));
#5205=CARTESIAN_POINT('',(16.1339745962155,-21.4410000000001,22.7));
#5206=CARTESIAN_POINT('',(16.9999999999999,-20.9410000000001,22.7));
#5207=CARTESIAN_POINT('Origin',(16.9999999999999,-21.9410000000001,22.7));
#5208=CARTESIAN_POINT('',(16.9999999999999,-20.9410000000001,21.6));
#5209=CARTESIAN_POINT('',(15.9999999999999,-21.9410000000001,22.7));
#5210=CARTESIAN_POINT('',(15.9999999999999,-21.9410000000001,21.6));
#5211=CARTESIAN_POINT('Origin',(16.9999999999999,-21.9410000000001,22.7));
#5212=CARTESIAN_POINT('Origin',(8.99999999999989,-6.59100000000007,22.7));
#5213=CARTESIAN_POINT('',(-8.60000000000011,3.25899999999994,22.7));
#5214=CARTESIAN_POINT('',(-8.60000000000011,-13.7660000000001,22.7));
#5215=CARTESIAN_POINT('',(3.00000005960464,3.25899999999994,22.7));
#5216=CARTESIAN_POINT('',(0.199999999999891,3.25899999999994,22.7));
#5217=CARTESIAN_POINT('',(4.00000005960464,4.25899999999994,22.7));
#5218=CARTESIAN_POINT('Origin',(3.00000005960464,4.25899999999994,22.7));
#5219=CARTESIAN_POINT('',(4.00000005960464,6.20405517219084,22.7));
#5220=CARTESIAN_POINT('',(4.00000005960464,-1.66600000000006,22.7));
#5221=CARTESIAN_POINT('',(5.00000005960464,7.20405517219084,22.7));
#5222=CARTESIAN_POINT('Origin',(5.00000005960464,6.20405517219084,22.7));
#5223=CARTESIAN_POINT('',(13.0310519988859,7.20405517219084,22.7));
#5224=CARTESIAN_POINT('',(7.00000002980227,7.20405517219084,22.7));
#5225=CARTESIAN_POINT('',(14.0310519988859,6.20405517219084,22.7));
#5226=CARTESIAN_POINT('Origin',(13.0310519988859,6.20405517219084,22.7));
#5227=CARTESIAN_POINT('',(14.0310519988859,4.25899999999994,22.7));
#5228=CARTESIAN_POINT('',(14.0310519988859,-0.193472413904611,22.7));
#5229=CARTESIAN_POINT('',(15.0310519988859,3.25899999999994,22.7));
#5230=CARTESIAN_POINT('Origin',(15.0310519988859,4.25899999999994,22.7));
#5231=CARTESIAN_POINT('',(26.5999999999999,3.25899999999994,22.7));
#5232=CARTESIAN_POINT('',(11.5155259994429,3.25899999999994,22.7));
#5233=CARTESIAN_POINT('',(26.5999999999999,-20.9410000000001,22.7));
#5234=CARTESIAN_POINT('',(26.5999999999999,-1.66600000000006,22.7));
#5235=CARTESIAN_POINT('',(17.7999999999999,-20.9410000000001,22.7));
#5236=CARTESIAN_POINT('',(25.7099999999999,-21.4410000000001,22.7));
#5237=CARTESIAN_POINT('',(25.7099999999999,-21.4410000000001,22.7));
#5238=CARTESIAN_POINT('',(29.7099999999999,-17.4410000000001,22.7));
#5239=CARTESIAN_POINT('Origin',(25.7099999999999,-17.4410000000001,22.7));
#5240=CARTESIAN_POINT('',(29.7099999999999,4.25899999999994,22.7));
#5241=CARTESIAN_POINT('',(29.7099999999999,4.25899999999994,22.7));
#5242=CARTESIAN_POINT('',(25.7099999999999,8.25899999999994,22.7));
#5243=CARTESIAN_POINT('Origin',(25.7099999999999,4.25899999999994,22.7));
#5244=CARTESIAN_POINT('',(-7.71000000000011,8.25899999999994,22.7));
#5245=CARTESIAN_POINT('',(-7.71000000000011,8.25899999999994,22.7));
#5246=CARTESIAN_POINT('',(-11.7100000000001,4.25899999999993,22.7));
#5247=CARTESIAN_POINT('Origin',(-7.71000000000011,4.25899999999993,22.7));
#5248=CARTESIAN_POINT('',(-11.7100000000001,-17.4410000000001,22.7));
#5249=CARTESIAN_POINT('',(-11.7100000000001,-17.4410000000001,22.7));
#5250=CARTESIAN_POINT('',(-7.71000000000011,-21.4410000000001,22.7));
#5251=CARTESIAN_POINT('Origin',(-7.71000000000011,-17.4410000000001,22.7));
#5252=CARTESIAN_POINT('',(25.7099999999999,-21.4410000000001,22.7));
#5253=CARTESIAN_POINT('Origin',(-22.5541762648515,-1.47400656777645,9.5));
#5254=CARTESIAN_POINT('',(-21.3229546165338,-1.47400656777645,7.5));
#5255=CARTESIAN_POINT('',(-21.3229546165338,-1.47400656777645,9.5));
#5256=CARTESIAN_POINT('',(-21.3229546165338,-1.47400656777645,9.));
#5257=CARTESIAN_POINT('',(-22.5541762648515,-1.47400656777645,9.5));
#5258=CARTESIAN_POINT('',(-21.0110535638457,-1.47400656777645,9.5));
#5259=CARTESIAN_POINT('',(-22.5541762648515,-1.47400656777645,7.5));
#5260=CARTESIAN_POINT('',(-22.5541762648533,-1.47400656777645,8.5));
#5261=CARTESIAN_POINT('',(-22.5541762648515,-1.47400656777645,7.5));
#5262=CARTESIAN_POINT('Origin',(-22.5541762648539,2.5461999999999,7.5));
#5263=CARTESIAN_POINT('',(-22.5541762648491,-31.591304128358,9.5));
#5264=CARTESIAN_POINT('',(-22.5541762648491,-31.591304128358,9.5));
#5265=CARTESIAN_POINT('',(-22.5541762648491,-31.591304128358,7.5));
#5266=CARTESIAN_POINT('',(-22.5541762648491,-31.591304128358,7.5));
#5267=CARTESIAN_POINT('',(-22.5541762648532,-2.02255154846465,7.5));
#5268=CARTESIAN_POINT('Origin',(15.0310519988859,4.25899999999994,23.));
#5269=CARTESIAN_POINT('',(15.0310519988859,3.25899999999994,23.));
#5270=CARTESIAN_POINT('',(14.0310519988859,4.25899999999994,23.));
#5271=CARTESIAN_POINT('Origin',(14.0310519988859,6.20405517219084,24.));
#5272=CARTESIAN_POINT('',(14.0310519988859,6.20405517219084,22.));
#5273=CARTESIAN_POINT('Origin',(3.00000005960464,4.25899999999994,23.));
#5274=CARTESIAN_POINT('',(4.00000005960464,4.25899999999994,23.));
#5275=CARTESIAN_POINT('',(3.00000005960464,3.25899999999994,23.));
#5276=CARTESIAN_POINT('Origin',(4.00000005960464,3.25899999999994,22.));
#5277=CARTESIAN_POINT('',(-8.60000000000011,3.25899999999994,24.));
#5278=CARTESIAN_POINT('Origin',(14.9999999999999,-23.9410000000001,21.575));
#5279=CARTESIAN_POINT('',(15.9999999999999,-23.9410000000001,22.7));
#5280=CARTESIAN_POINT('',(14.9999999999999,-24.9410000000001,22.7));
#5281=CARTESIAN_POINT('Origin',(14.9999999999999,-23.9410000000001,22.7));
#5282=CARTESIAN_POINT('',(15.9999999999999,-23.9410000000001,22.));
#5283=CARTESIAN_POINT('',(15.9999999999999,-23.9410000000001,21.575));
#5284=CARTESIAN_POINT('',(14.9999999999999,-24.9410000000001,22.));
#5285=CARTESIAN_POINT('Origin',(14.9999999999999,-23.9410000000001,22.));
#5286=CARTESIAN_POINT('',(14.9999999999999,-24.9410000000001,21.575));
#5287=CARTESIAN_POINT('Origin',(15.9999999999999,-20.9410000000001,22.7));
#5288=CARTESIAN_POINT('',(2.99999999999992,-24.9410000000001,22.7));
#5289=CARTESIAN_POINT('',(15.9999999999999,-24.9410000000001,22.7));
#5290=CARTESIAN_POINT('Origin',(2.99999999999992,-23.9410000000001,22.7));
#5291=CARTESIAN_POINT('',(25.7099999999999,-21.4410000000001,22.7));
#5292=CARTESIAN_POINT('',(15.9999999999999,-20.9410000000001,22.7));
#5293=CARTESIAN_POINT('Origin',(8.99999999999992,-24.9410000000001,21.95));
#5294=CARTESIAN_POINT('',(2.99999999999992,-24.9410000000001,22.));
#5295=CARTESIAN_POINT('',(-3.16147730826695,-24.9410000000001,22.));
#5296=CARTESIAN_POINT('',(2.99999999999992,-24.9410000000001,22.325));
#5297=CARTESIAN_POINT('Origin',(2.99999999999992,-23.9410000000001,22.325));
#5298=CARTESIAN_POINT('Origin',(2.99999999999992,-23.9410000000001,22.));
#5299=CARTESIAN_POINT('Origin',(15.9999999999999,-20.9410000000001,21.2));
#5300=CARTESIAN_POINT('',(15.9999999999999,-22.4410000000001,22.));
#5301=CARTESIAN_POINT('',(15.9999999999999,-22.4410000000001,21.6));
#5302=CARTESIAN_POINT('',(15.9999999999999,-24.9161515484622,22.));
#5303=CARTESIAN_POINT('Origin',(-15.3229546165338,-28.8913030969243,22.));
#5304=CARTESIAN_POINT('',(-15.3229546165338,14.3668748397023,22.));
#5305=CARTESIAN_POINT('',(-13.9756999648998,15.7086969030752,22.));
#5306=CARTESIAN_POINT('Origin',(-17.5,17.9,22.));
#5307=CARTESIAN_POINT('',(36.9756999648993,15.7086969030757,22.));
#5308=CARTESIAN_POINT('',(28.1020491888579,15.7086969030757,22.));
#5309=CARTESIAN_POINT('',(40.7770453834662,13.7592578134469,22.));
#5310=CARTESIAN_POINT('Origin',(40.5,17.9,22.));
#5311=CARTESIAN_POINT('',(40.7770453834662,-26.959257813447,22.));
#5312=CARTESIAN_POINT('',(40.7770453834662,-19.0913030969243,22.));
#5313=CARTESIAN_POINT('',(36.9865746072609,-28.8913030969243,22.));
#5314=CARTESIAN_POINT('Origin',(40.5,-31.1,22.));
#5315=CARTESIAN_POINT('',(-13.986574607261,-28.8913030969243,22.));
#5316=CARTESIAN_POINT('',(-2.64795461653245,-28.8913030969243,22.));
#5317=CARTESIAN_POINT('',(-15.3229546165338,-27.5668748397024,22.));
#5318=CARTESIAN_POINT('Origin',(-17.5,-31.1,22.));
#5319=CARTESIAN_POINT('',(-15.3229546165338,5.90869690307572,22.));
#5320=CARTESIAN_POINT('',(32.2099999999999,2.54799999999993,22.));
#5321=CARTESIAN_POINT('',(32.2099999999999,-0.0520000000000742,22.));
#5322=CARTESIAN_POINT('',(32.2099999999999,-14.4716515484622,22.));
#5323=CARTESIAN_POINT('',(34.4099999999999,-2.25200000000008,22.));
#5324=CARTESIAN_POINT('Origin',(34.4099999999999,-0.0520000000000842,22.));
#5325=CARTESIAN_POINT('',(37.0099999999999,-2.25200000000008,22.));
#5326=CARTESIAN_POINT('',(10.843522691733,-2.25200000000006,22.));
#5327=CARTESIAN_POINT('',(39.2099999999999,-0.0520000000000753,22.));
#5328=CARTESIAN_POINT('Origin',(37.0099999999999,-0.0520000000000712,22.));
#5329=CARTESIAN_POINT('',(39.2099999999999,2.54799999999993,22.));
#5330=CARTESIAN_POINT('',(39.2099999999999,-13.1716515484622,22.));
#5331=CARTESIAN_POINT('',(37.0099999999999,4.74799999999992,22.));
#5332=CARTESIAN_POINT('Origin',(37.0099999999999,2.54799999999993,22.));
#5333=CARTESIAN_POINT('',(34.4099999999999,4.74799999999992,22.));
#5334=CARTESIAN_POINT('',(9.54352269173303,4.74799999999993,22.));
#5335=CARTESIAN_POINT('Origin',(34.4099999999999,2.54799999999993,22.));
#5336=CARTESIAN_POINT('',(37.2099999999999,-3.09100000000007,22.));
#5337=CARTESIAN_POINT('',(34.2099999999999,-3.09100000000007,22.));
#5338=CARTESIAN_POINT('',(9.44352269173303,-3.09100000000007,22.));
#5339=CARTESIAN_POINT('',(32.2099999999999,-5.09100000000007,22.));
#5340=CARTESIAN_POINT('Origin',(34.2099999999999,-5.09100000000007,22.));
#5341=CARTESIAN_POINT('',(32.2099999999999,-8.09100000000006,22.));
#5342=CARTESIAN_POINT('',(32.2099999999999,-18.4911515484622,22.));
#5343=CARTESIAN_POINT('',(34.2099999999999,-10.0910000000001,22.));
#5344=CARTESIAN_POINT('Origin',(34.2099999999999,-8.09100000000006,22.));
#5345=CARTESIAN_POINT('',(37.2099999999999,-10.0910000000001,22.));
#5346=CARTESIAN_POINT('',(10.943522691733,-10.0910000000001,22.));
#5347=CARTESIAN_POINT('',(39.2099999999999,-8.09100000000005,22.));
#5348=CARTESIAN_POINT('Origin',(37.2099999999999,-8.09100000000005,22.));
#5349=CARTESIAN_POINT('',(39.2099999999999,-5.09100000000006,22.));
#5350=CARTESIAN_POINT('',(39.2099999999999,-16.9911515484622,22.));
#5351=CARTESIAN_POINT('Origin',(37.2099999999999,-5.09100000000006,22.));
#5352=CARTESIAN_POINT('',(37.2099999999999,-11.0910000000001,22.));
#5353=CARTESIAN_POINT('',(34.2099999999999,-11.0910000000001,22.));
#5354=CARTESIAN_POINT('',(9.44352269173303,-11.0910000000001,22.));
#5355=CARTESIAN_POINT('',(32.2099999999999,-13.0910000000001,22.));
#5356=CARTESIAN_POINT('Origin',(34.2099999999999,-13.0910000000001,22.));
#5357=CARTESIAN_POINT('',(32.2099999999999,-16.0910000000001,22.));
#5358=CARTESIAN_POINT('',(32.2099999999999,-22.4911515484622,22.));
#5359=CARTESIAN_POINT('',(34.2099999999999,-18.0910000000001,22.));
#5360=CARTESIAN_POINT('Origin',(34.2099999999999,-16.0910000000001,22.));
#5361=CARTESIAN_POINT('',(37.2099999999999,-18.0910000000001,22.));
#5362=CARTESIAN_POINT('',(10.943522691733,-18.0910000000001,22.));
#5363=CARTESIAN_POINT('',(39.2099999999999,-16.0910000000001,22.));
#5364=CARTESIAN_POINT('Origin',(37.2099999999999,-16.0910000000001,22.));
#5365=CARTESIAN_POINT('',(39.2099999999999,-13.0910000000001,22.));
#5366=CARTESIAN_POINT('',(39.2099999999999,-20.9911515484622,22.));
#5367=CARTESIAN_POINT('Origin',(37.2099999999999,-13.0910000000001,22.));
#5368=CARTESIAN_POINT('',(25.7099999999999,-22.4410000000001,22.));
#5369=CARTESIAN_POINT('',(5.19352269173303,-22.4410000000001,22.));
#5370=CARTESIAN_POINT('',(30.7099999999999,-17.4410000000001,22.));
#5371=CARTESIAN_POINT('Origin',(25.7099999999999,-17.4410000000001,22.));
#5372=CARTESIAN_POINT('',(30.7099999999999,4.25899999999994,22.));
#5373=CARTESIAN_POINT('',(30.7099999999999,-12.3161515484622,22.));
#5374=CARTESIAN_POINT('',(25.7099999999999,9.25899999999994,22.));
#5375=CARTESIAN_POINT('Origin',(25.7099999999999,4.25899999999994,22.));
#5376=CARTESIAN_POINT('',(-7.71000000000011,9.25899999999994,22.));
#5377=CARTESIAN_POINT('',(-11.516477308267,9.25899999999994,22.));
#5378=CARTESIAN_POINT('',(-12.7100000000001,4.25899999999993,22.));
#5379=CARTESIAN_POINT('Origin',(-7.71000000000011,4.25899999999994,22.));
#5380=CARTESIAN_POINT('',(-12.7100000000001,-17.4410000000001,22.));
#5381=CARTESIAN_POINT('',(-12.7100000000001,-23.1661515484622,22.));
#5382=CARTESIAN_POINT('',(-7.71000000000011,-22.4410000000001,22.));
#5383=CARTESIAN_POINT('Origin',(-7.71000000000011,-17.4410000000001,22.));
#5384=CARTESIAN_POINT('',(5.19352269173303,-22.4410000000001,22.));
#5385=CARTESIAN_POINT('Origin',(-8.30000000000011,-20.9410000000001,22.));
#5386=CARTESIAN_POINT('',(26.5999999999999,-20.9410000000001,24.));
#5387=CARTESIAN_POINT('Origin',(25.7099999999999,-22.4410000000001,22.));
#5388=CARTESIAN_POINT('',(25.7099999999999,-22.4410000000001,22.));
#5389=CARTESIAN_POINT('Origin',(20.6529931869839,-34.8913030969243,7.5));
#5390=CARTESIAN_POINT('',(20.6529931869839,-34.8913030969243,7.5));
#5391=CARTESIAN_POINT('',(20.6529931869839,-36.0913030969243,7.5));
#5392=CARTESIAN_POINT('',(20.6529931869839,-20.7413030969243,7.5));
#5393=CARTESIAN_POINT('',(20.6529931869839,-34.8913030969243,9.5));
#5394=CARTESIAN_POINT('',(20.6529931869839,-34.8913030969243,3.75));
#5395=CARTESIAN_POINT('',(20.6529931869839,-36.0913030969243,9.5));
#5396=CARTESIAN_POINT('',(20.6529931869839,-34.8913030969243,9.5));
#5397=CARTESIAN_POINT('',(20.6529931869839,-36.0913030969243,7.5));
#5398=CARTESIAN_POINT('Origin',(27.9933113345232,-36.0913030969243,7.5));
#5399=CARTESIAN_POINT('',(27.9933113345232,-36.0913030969243,7.5));
#5400=CARTESIAN_POINT('',(27.9933113345232,-34.8913030969243,7.5));
#5401=CARTESIAN_POINT('',(27.9933113345232,-21.3413030969243,7.5));
#5402=CARTESIAN_POINT('',(27.9933113345232,-36.0913030969243,9.5));
#5403=CARTESIAN_POINT('',(27.9933113345232,-36.0913030969243,7.5));
#5404=CARTESIAN_POINT('',(27.9933113345232,-34.8913030969243,9.5));
#5405=CARTESIAN_POINT('',(27.9933113345232,-36.8913030969243,9.5));
#5406=CARTESIAN_POINT('',(27.9933113345232,-34.8913030969243,3.75));
#5407=CARTESIAN_POINT('Origin',(20.6529931869839,-36.0913030969243,7.5));
#5408=CARTESIAN_POINT('',(16.690019285225,-36.0913030969243,7.5));
#5409=CARTESIAN_POINT('',(29.9543243968906,-36.0913030969243,9.5));
#5410=CARTESIAN_POINT('Origin',(24.3231522607535,-35.4913030969243,9.5));
#5411=CARTESIAN_POINT('',(3.15009882210987,-34.8913030969243,9.5));
#5412=CARTESIAN_POINT('Origin',(-19.4679308628399,-16.7881623726186,9.5));
#5413=CARTESIAN_POINT('',(-21.3229546165338,-31.5913030969243,9.5));
#5414=CARTESIAN_POINT('',(-21.3229546165338,0.810267265228566,9.5));
#5415=CARTESIAN_POINT('',(-18.0229546165338,-34.8913030969243,9.5));
#5416=CARTESIAN_POINT('Origin',(-18.0229546165338,-31.5913030969243,9.5));
#5417=CARTESIAN_POINT('',(-16.3848031477904,-34.8913030969243,9.5));
#5418=CARTESIAN_POINT('',(-18.7454427396868,-34.8913030969243,9.5));
#5419=CARTESIAN_POINT('',(-16.3816854608259,-36.1225247452371,9.5));
#5420=CARTESIAN_POINT('',(-16.3797387680846,-36.8913030969243,9.5));
#5421=CARTESIAN_POINT('',(-18.0229591368391,-36.1225247452351,9.5));
#5422=CARTESIAN_POINT('',(-14.3528672215341,-36.1225247452396,9.5));
#5423=CARTESIAN_POINT('Origin',(-18.0229546165338,-31.5913030969243,9.5));
#5424=CARTESIAN_POINT('Origin',(-18.0229546165338,-31.5913030969243,7.5));
#5425=CARTESIAN_POINT('',(-18.0229591368391,-36.1225247452351,7.5));
#5426=CARTESIAN_POINT('Origin',(-18.0229546165338,-31.5913030969243,7.5));
#5427=CARTESIAN_POINT('',(-18.0229591368391,-36.1225247452351,7.5));
#5428=CARTESIAN_POINT('Origin',(-16.3816854608259,-36.1225247452371,7.5));
#5429=CARTESIAN_POINT('',(-16.3816854608259,-36.1225247452371,7.5));
#5430=CARTESIAN_POINT('',(-16.3848031477904,-34.8913030969243,7.5));
#5431=CARTESIAN_POINT('',(-16.4189812292075,-21.3938627774844,7.5));
#5432=CARTESIAN_POINT('',(-16.3816854608259,-36.1225247452371,7.5));
#5433=CARTESIAN_POINT('',(-16.3848031477904,-34.8913030969243,3.75));
#5434=CARTESIAN_POINT('Origin',(-18.0229591368391,-36.1225247452351,7.5));
#5435=CARTESIAN_POINT('',(-2.64795687670447,-36.1225247452539,7.5));
#5436=CARTESIAN_POINT('Origin',(47.9770453834662,-31.5913030969243,7.5));
#5437=CARTESIAN_POINT('',(47.9770453834662,-31.5913030969243,7.5));
#5438=CARTESIAN_POINT('',(47.9770453834662,-20.2749999999993,7.5));
#5439=CARTESIAN_POINT('',(47.9770453834662,-19.0913030969243,7.5));
#5440=CARTESIAN_POINT('',(47.9770453834662,-31.5913030969243,9.5));
#5441=CARTESIAN_POINT('',(47.9770453834662,-31.5913030969243,7.5));
#5442=CARTESIAN_POINT('',(47.9770453834662,-20.2749999999993,9.5));
#5443=CARTESIAN_POINT('',(47.9770453834662,-20.2749999999993,9.5));
#5444=CARTESIAN_POINT('',(47.9770453834662,-20.2749999999993,7.31250000000001));
#5445=CARTESIAN_POINT('Origin',(43.4770453834662,-31.5913030969243,7.5));
#5446=CARTESIAN_POINT('',(43.4770518421078,-36.0913030969196,7.5));
#5447=CARTESIAN_POINT('Origin',(43.4770453834662,-31.5913030969243,7.5));
#5448=CARTESIAN_POINT('',(43.4770518421078,-36.0913030969196,9.5));
#5449=CARTESIAN_POINT('',(43.4770518421078,-36.0913030969196,7.5));
#5450=CARTESIAN_POINT('Origin',(43.4770453834662,-31.5913030969243,9.5));
#5451=CARTESIAN_POINT('Origin',(37.8889087999219,-36.0913030969233,7.5));
#5452=CARTESIAN_POINT('',(37.8889087999219,-36.0913030969233,7.5));
#5453=CARTESIAN_POINT('',(25.3079770917032,-36.0913030969311,7.5));
#5454=CARTESIAN_POINT('',(37.8889087999219,-36.0913030969233,9.5));
#5455=CARTESIAN_POINT('',(37.8889087999219,-36.0913030969233,7.5));
#5456=CARTESIAN_POINT('',(43.4770515550572,-36.0913030969198,9.5));
#5457=CARTESIAN_POINT('Origin',(37.8889087999219,-34.8913030969243,7.5));
#5458=CARTESIAN_POINT('',(37.8889087999219,-34.8913030969243,7.5));
#5459=CARTESIAN_POINT('',(37.8889087999219,-20.7413030969243,7.5));
#5460=CARTESIAN_POINT('',(37.8889087999219,-34.8913030969243,9.5));
#5461=CARTESIAN_POINT('',(37.8889087999219,-34.8913030969243,3.75));
#5462=CARTESIAN_POINT('',(37.8889087999219,-34.8913030969243,9.5));
#5463=CARTESIAN_POINT('Origin',(42.932977091694,-28.1831515484613,9.5));
#5464=CARTESIAN_POINT('',(46.7770453834662,-20.2749999999993,9.5));
#5465=CARTESIAN_POINT('',(46.7770453834716,-31.5913030969243,9.5));
#5466=CARTESIAN_POINT('',(46.7770453834662,-29.8872273226928,9.5));
#5467=CARTESIAN_POINT('',(45.8550112375801,-20.2749999999993,9.5));
#5468=CARTESIAN_POINT('',(43.4770529903107,-34.891303096921,9.5));
#5469=CARTESIAN_POINT('',(12.4550112375801,-34.8913030969243,9.5));
#5470=CARTESIAN_POINT('Origin',(43.4770453834662,-31.5913030969243,9.5));
#5471=CARTESIAN_POINT('Origin',(-3.12655706473338,-34.8913030969243,7.5));
#5472=CARTESIAN_POINT('',(-3.12655706473338,-34.8913030969243,7.5));
#5473=CARTESIAN_POINT('',(-3.12655706473338,-36.0913030969243,7.5));
#5474=CARTESIAN_POINT('',(-3.12655706473339,-20.7413030969243,7.5));
#5475=CARTESIAN_POINT('',(-3.12655706473338,-34.8913030969243,9.5));
#5476=CARTESIAN_POINT('',(-3.12655706473338,-34.8913030969243,3.75));
#5477=CARTESIAN_POINT('',(-3.12655706473338,-36.0913030969243,9.5));
#5478=CARTESIAN_POINT('',(-3.12655706473338,-36.8913030969243,9.5));
#5479=CARTESIAN_POINT('',(-3.12655706473338,-36.0913030969243,7.5));
#5480=CARTESIAN_POINT('Origin',(1.5280033627253,-36.0913030969243,7.5));
#5481=CARTESIAN_POINT('',(1.5280033627253,-36.0913030969243,7.5));
#5482=CARTESIAN_POINT('',(1.5280033627253,-34.8913030969243,7.5));
#5483=CARTESIAN_POINT('',(1.52800336272528,-21.3413030969243,7.5));
#5484=CARTESIAN_POINT('',(1.5280033627253,-36.0913030969243,9.5));
#5485=CARTESIAN_POINT('',(1.5280033627253,-36.0913030969243,7.5));
#5486=CARTESIAN_POINT('',(1.5280033627253,-34.8913030969243,9.5));
#5487=CARTESIAN_POINT('',(1.5280033627253,-36.8913030969243,9.5));
#5488=CARTESIAN_POINT('',(1.5280033627253,-34.8913030969243,3.75));
#5489=CARTESIAN_POINT('Origin',(-3.12655706473338,-36.0913030969243,7.5));
#5490=CARTESIAN_POINT('',(4.80024415936639,-36.0913030969243,7.5));
#5491=CARTESIAN_POINT('',(3.35345862293099,-36.0913030969243,9.5));
#5492=CARTESIAN_POINT('Origin',(-0.799276851004038,-35.4913030969243,9.5));
#5493=CARTESIAN_POINT('',(-9.41111573376892,-34.8913030969243,9.5));
#5494=CARTESIAN_POINT('Origin',(-22.5541762648559,16.9268063973237,7.5));
#5495=CARTESIAN_POINT('',(-22.5541762648559,16.9268063973237,7.5));
#5496=CARTESIAN_POINT('',(-21.3229546165338,16.9268063973237,7.5));
#5497=CARTESIAN_POINT('',(-4.91356544069483,16.9268063973237,7.5));
#5498=CARTESIAN_POINT('',(-22.5541762648559,16.9268063973237,9.5));
#5499=CARTESIAN_POINT('',(-22.5541762648559,16.9268063973237,7.5));
#5500=CARTESIAN_POINT('',(-21.3229546165338,16.9268063973237,9.5));
#5501=CARTESIAN_POINT('',(-23.3229546165338,16.9268063973237,9.5));
#5502=CARTESIAN_POINT('',(-21.3229546165338,16.9268063973237,3.75));
#5503=CARTESIAN_POINT('Origin',(-22.5541762648561,18.4086972731299,7.5));
#5504=CARTESIAN_POINT('',(-22.5541762648561,18.4086972902177,7.5));
#5505=CARTESIAN_POINT('',(-22.5541762648543,5.90869708810035,7.5));
#5506=CARTESIAN_POINT('',(-22.5541762648561,18.4086972902177,9.5));
#5507=CARTESIAN_POINT('',(-22.5541762648561,18.4086972902177,7.5));
#5508=CARTESIAN_POINT('',(-22.5541762648491,-31.591304128358,9.5));
#5509=CARTESIAN_POINT('Origin',(-18.0229546165338,18.4086969030757,7.5));
#5510=CARTESIAN_POINT('',(-18.0229609264506,22.9399185513936,7.5));
#5511=CARTESIAN_POINT('Origin',(-18.0229546165338,18.4086969030757,7.5));
#5512=CARTESIAN_POINT('',(-18.0229609264506,22.9399185513936,9.5));
#5513=CARTESIAN_POINT('',(-18.0229609264506,22.9399185513936,7.5));
#5514=CARTESIAN_POINT('Origin',(-18.0229546165338,18.4086969030757,9.5));
#5515=CARTESIAN_POINT('Origin',(43.4770265420194,22.9399185514027,7.5));
#5516=CARTESIAN_POINT('',(43.4770265420194,22.9399185514027,7.5));
#5517=CARTESIAN_POINT('',(28.10203596274,22.9399185513998,7.5));
#5518=CARTESIAN_POINT('',(43.4770265420194,22.9399185514027,9.5));
#5519=CARTESIAN_POINT('',(43.4770265420194,22.9399185514027,7.5));
#5520=CARTESIAN_POINT('',(-18.0229606479422,22.939918551391,9.5));
#5521=CARTESIAN_POINT('Origin',(43.4770453834662,18.4086969030757,7.5));
#5522=CARTESIAN_POINT('',(48.0082670316654,18.408729333011,7.5));
#5523=CARTESIAN_POINT('Origin',(43.4770453834662,18.4086969030757,7.5));
#5524=CARTESIAN_POINT('',(48.0082670316654,18.408729333011,9.5));
#5525=CARTESIAN_POINT('',(48.0082670316654,18.408729333011,7.5));
#5526=CARTESIAN_POINT('Origin',(43.4770453834662,18.4086969030757,9.5));
#5527=CARTESIAN_POINT('Origin',(48.008267031797,11.9500000000007,7.5));
#5528=CARTESIAN_POINT('',(48.008267031797,11.9500000000007,7.5));
#5529=CARTESIAN_POINT('',(48.008267031797,2.67934845153822,7.5));
#5530=CARTESIAN_POINT('',(48.008267031797,11.9500000000007,9.5));
#5531=CARTESIAN_POINT('',(48.008267031797,11.9500000000007,9.4475));
#5532=CARTESIAN_POINT('',(48.008267031797,18.4087279016118,9.5));
#5533=CARTESIAN_POINT('Origin',(12.7270453834705,17.4449673062036,9.5));
#5534=CARTESIAN_POINT('',(-18.0229546165338,21.7086969030757,9.5));
#5535=CARTESIAN_POINT('',(43.4770529942469,21.708696903067,9.5));
#5536=CARTESIAN_POINT('',(28.1020491888587,21.7086969030757,9.5));
#5537=CARTESIAN_POINT('',(-21.3229546165338,18.4086969030757,9.5));
#5538=CARTESIAN_POINT('Origin',(-18.0229546165338,18.4086969030757,9.5));
#5539=CARTESIAN_POINT('',(-21.3229546165338,17.9268321046397,9.5));
#5540=CARTESIAN_POINT('',(46.7770453834662,11.9500000000007,9.5));
#5541=CARTESIAN_POINT('',(30.7520453834683,11.9500000000007,9.5));
#5542=CARTESIAN_POINT('',(46.7770453834662,18.4086969030757,9.5));
#5543=CARTESIAN_POINT('',(46.7770453834662,-7.07316789536035,9.5));
#5544=CARTESIAN_POINT('Origin',(43.4770453834662,18.4086969030757,9.5));
#5545=CARTESIAN_POINT('Origin',(47.9770453834662,-6.77499999999933,7.5));
#5546=CARTESIAN_POINT('',(47.9770453834662,-6.77499999999933,7.5));
#5547=CARTESIAN_POINT('',(47.9770453834662,-1.54999999999932,7.5));
#5548=CARTESIAN_POINT('',(47.9770453834662,-6.6831515484618,7.5));
#5549=CARTESIAN_POINT('',(47.9770453834662,-6.77499999999933,9.5));
#5550=CARTESIAN_POINT('',(47.9770453834662,-6.77499999999933,9.4475));
#5551=CARTESIAN_POINT('',(47.9770453834662,-1.54999999999932,9.5));
#5552=CARTESIAN_POINT('',(47.9770453834662,-1.54999999999932,9.5));
#5553=CARTESIAN_POINT('',(47.9770453834662,-1.54999999999932,7.3125));
#5554=CARTESIAN_POINT('Origin',(47.3770453834662,-4.16249999999932,9.5));
#5555=CARTESIAN_POINT('',(46.7770453834662,-1.54999999999932,9.5));
#5556=CARTESIAN_POINT('',(48.0770453834662,-1.54999999999932,9.5));
#5557=CARTESIAN_POINT('',(46.7770453834662,-6.77499999999933,9.5));
#5558=CARTESIAN_POINT('',(48.0770453834662,-6.77499999999933,9.5));
#5559=CARTESIAN_POINT('',(46.7770453834662,-17.8769015484618,9.5));
#5560=CARTESIAN_POINT('Origin',(-18.0229546165338,-31.5913030969243,0.));
#5561=CARTESIAN_POINT('',(-21.3229546165338,-31.5913030969243,16.));
#5562=CARTESIAN_POINT('',(-21.3229546165338,-31.5913030969243,0.));
#5563=CARTESIAN_POINT('',(-18.0229546165338,-34.8913030969243,16.));
#5564=CARTESIAN_POINT('Origin',(-18.0229546165338,-31.5913030969243,16.));
#5565=CARTESIAN_POINT('',(-18.0229546165338,-34.8913030969243,0.));
#5566=CARTESIAN_POINT('Origin',(-23.3229546165338,0.9461999999999,14.695));
#5567=CARTESIAN_POINT('',(-21.3229546165338,0.946200000003047,9.095));
#5568=CARTESIAN_POINT('',(-21.3229546165338,0.9461999999999,14.695));
#5569=CARTESIAN_POINT('',(-21.3229546165338,0.946199999999899,7.3475));
#5570=CARTESIAN_POINT('',(-23.3229546165338,0.9461999999999,9.095));
#5571=CARTESIAN_POINT('',(-22.5541762648515,0.946200000003047,9.095));
#5572=CARTESIAN_POINT('',(-23.3229546165338,0.9461999999999,14.695));
#5573=CARTESIAN_POINT('',(-23.3229546165338,0.946199999999899,7.3475));
#5574=CARTESIAN_POINT('',(-23.3229546165338,0.9461999999999,14.695));
#5575=CARTESIAN_POINT('Origin',(-23.3229546165338,0.9461999999999,9.095));
#5576=CARTESIAN_POINT('',(-23.3229546165338,1.65696951545857,9.095));
#5577=CARTESIAN_POINT('',(-21.3229546165338,1.65696951546172,9.095));
#5578=CARTESIAN_POINT('',(-22.5541762648515,1.65696951546172,9.095));
#5579=CARTESIAN_POINT('',(-23.3229546165338,9.67744845153782,9.095));
#5580=CARTESIAN_POINT('',(-21.3229546165338,1.09653311578751,9.095));
#5581=CARTESIAN_POINT('Origin',(-23.3229546165338,2.6961999999999,9.245));
#5582=CARTESIAN_POINT('',(-23.3229546165338,2.5461999999999,8.20576951545868));
#5583=CARTESIAN_POINT('',(-21.3229546165338,2.54620000000305,8.20576951545868));
#5584=CARTESIAN_POINT('',(-22.5541762648515,2.54620000000305,8.20576951545868));
#5585=CARTESIAN_POINT('Origin',(-23.3229546165338,2.6961999999999,9.245));
#5586=CARTESIAN_POINT('Origin',(-21.3229546165338,2.69620000000305,9.245));
#5587=CARTESIAN_POINT('Origin',(12.7270453834662,-6.59130309692428,7.5));
#5588=CARTESIAN_POINT('',(48.7770453834662,-20.2749999999993,7.5));
#5589=CARTESIAN_POINT('',(30.7520453834662,-20.2749999999993,7.5));
#5590=CARTESIAN_POINT('',(48.7770453834662,-31.5913030969243,7.5));
#5591=CARTESIAN_POINT('',(48.7770453834662,-19.0913030969243,7.5));
#5592=CARTESIAN_POINT('',(43.4770529903107,-36.8913030969243,7.5));
#5593=CARTESIAN_POINT('Origin',(43.4770453834662,-31.5913030969243,7.5));
#5594=CARTESIAN_POINT('',(36.5888333820071,-36.8913030969243,7.5));
#5595=CARTESIAN_POINT('',(-2.64795461653381,-36.8913030969243,7.5));
#5596=CARTESIAN_POINT('',(36.5888333820071,-34.8913030969243,7.5));
#5597=CARTESIAN_POINT('',(36.5888333820071,-36.8913030969243,7.5));
#5598=CARTESIAN_POINT('',(-2.64795461653381,-34.8913030969243,7.5));
#5599=CARTESIAN_POINT('Origin',(48.7770453834662,-20.2749999999993,7.125));
#5600=CARTESIAN_POINT('',(46.7770453834662,-20.2749999999993,11.395));
#5601=CARTESIAN_POINT('',(46.7770453834662,-20.2749999999993,3.56250000000001));
#5602=CARTESIAN_POINT('',(48.7770453834662,-20.2749999999993,11.395));
#5603=CARTESIAN_POINT('',(48.7770453834662,-20.2749999999993,11.395));
#5604=CARTESIAN_POINT('',(48.7770453834662,-20.2749999999993,3.56250000000001));
#5605=CARTESIAN_POINT('Origin',(-18.0229546165338,-34.8913030969243,0.));
#5606=CARTESIAN_POINT('',(18.6737076885488,-34.8913030969243,7.5));
#5607=CARTESIAN_POINT('',(-2.64795461653381,-34.8913030969243,7.5));
#5608=CARTESIAN_POINT('',(18.7500000000003,-34.8913030969243,7.88309803721301));
#5609=CARTESIAN_POINT('Origin',(17.7500000000004,-34.8913030969243,7.88309803721301));
#5610=CARTESIAN_POINT('',(18.7500000000004,-34.8913030969243,10.019994));
#5611=CARTESIAN_POINT('',(18.7500000000002,-34.8913030969243,5.00999699999928));
#5612=CARTESIAN_POINT('',(17.7500000000004,-34.8913030969243,11.019994));
#5613=CARTESIAN_POINT('Origin',(17.7500000000004,-34.8913030969243,10.019994));
#5614=CARTESIAN_POINT('',(4.35000000000038,-34.8913030969243,11.019994));
#5615=CARTESIAN_POINT('',(-6.83647730826671,-34.8913030969243,11.019994));
#5616=CARTESIAN_POINT('',(3.35000000000038,-34.8913030969243,10.019994));
#5617=CARTESIAN_POINT('Origin',(4.35000000000038,-34.8913030969243,10.019994));
#5618=CARTESIAN_POINT('',(3.35000000000038,-34.8913030969243,7.883098037213));
#5619=CARTESIAN_POINT('',(3.35000000000037,-34.8913030969243,3.94154901860649));
#5620=CARTESIAN_POINT('',(3.42629231145192,-34.8913030969243,7.5));
#5621=CARTESIAN_POINT('Origin',(4.35000000000038,-34.8913030969243,7.883098037213));
#5622=CARTESIAN_POINT('',(-2.64795461653381,-34.8913030969243,7.5));
#5623=CARTESIAN_POINT('',(-5.68067798775119,-34.8913030969243,7.5));
#5624=CARTESIAN_POINT('',(-2.64795461653381,-34.8913030969243,7.5));
#5625=CARTESIAN_POINT('',(-6.50999999999975,-34.8913030969243,7.805));
#5626=CARTESIAN_POINT('Origin',(-6.50999999999975,-34.8913030969243,6.525));
#5627=CARTESIAN_POINT('',(-12.8899999999997,-34.8913030969243,7.805));
#5628=CARTESIAN_POINT('',(-15.4564773082668,-34.8913030969243,7.805));
#5629=CARTESIAN_POINT('',(-13.7193220122483,-34.8913030969243,7.5));
#5630=CARTESIAN_POINT('Origin',(-12.8899999999997,-34.8913030969243,6.525));
#5631=CARTESIAN_POINT('',(-2.64795461653381,-34.8913030969243,7.5));
#5632=CARTESIAN_POINT('',(43.4770453834607,-34.8913030969243,16.));
#5633=CARTESIAN_POINT('',(-2.64795461653245,-34.8913030969243,16.));
#5634=CARTESIAN_POINT('',(43.4770529903107,-34.8913030969243,0.));
#5635=CARTESIAN_POINT('',(30.3111666179936,-34.8913030969243,7.5));
#5636=CARTESIAN_POINT('Origin',(33.4500000000004,-34.8913030969243,7.235));
#5637=CARTESIAN_POINT('',(-2.64795461653381,-34.8913030969243,7.5));
#5638=CARTESIAN_POINT('Origin',(12.7270453834662,-6.59130309692428,7.5));
#5639=CARTESIAN_POINT('',(-21.3229546165338,11.8461999999999,7.5));
#5640=CARTESIAN_POINT('',(-21.3229546165338,5.90869690307573,7.5));
#5641=CARTESIAN_POINT('',(-23.3229546165338,11.8461999999999,7.5));
#5642=CARTESIAN_POINT('',(-5.29795461653382,11.8461999999999,7.5));
#5643=CARTESIAN_POINT('',(-23.3229546165338,18.4086969030757,7.5));
#5644=CARTESIAN_POINT('',(-23.3229546165338,5.90869690307573,7.5));
#5645=CARTESIAN_POINT('',(-18.0229546165338,23.7086969030757,7.5));
#5646=CARTESIAN_POINT('Origin',(-18.0229546165338,18.4086969030757,7.5));
#5647=CARTESIAN_POINT('',(43.4770529942469,23.7086969030757,7.5));
#5648=CARTESIAN_POINT('',(28.1020491888565,23.7086969030757,7.5));
#5649=CARTESIAN_POINT('',(48.7770453834662,18.4086969030757,7.5));
#5650=CARTESIAN_POINT('Origin',(43.4770453834662,18.4086969030757,7.5));
#5651=CARTESIAN_POINT('',(48.7770453834662,11.9500000000007,7.5));
#5652=CARTESIAN_POINT('',(48.7770453834662,-19.0913030969243,7.5));
#5653=CARTESIAN_POINT('',(30.7520453834662,11.9500000000007,7.5));
#5654=CARTESIAN_POINT('Origin',(-21.3229546165338,18.4086969030757,0.));
#5655=CARTESIAN_POINT('',(-21.3229546165338,18.4086969030757,16.));
#5656=CARTESIAN_POINT('',(-21.3229546165338,18.4086969030757,0.));
#5657=CARTESIAN_POINT('',(-21.3229546165338,11.8461999999999,16.));
#5658=CARTESIAN_POINT('',(-21.3229546165338,5.90869690307572,16.));
#5659=CARTESIAN_POINT('',(-21.3229546165338,11.8461999999999,15.595));
#5660=CARTESIAN_POINT('',(-21.3229546165338,11.8461999999999,7.7975));
#5661=CARTESIAN_POINT('',(-21.3229546165338,11.9461999999999,15.595));
#5662=CARTESIAN_POINT('',(-21.3229546165338,15.1774484515378,15.595));
#5663=CARTESIAN_POINT('',(-21.3229546165338,12.6886621202458,15.2874621202459));
#5664=CARTESIAN_POINT('Origin',(-21.3229546165338,11.9461999999999,14.545));
#5665=CARTESIAN_POINT('',(-21.3229546165338,13.8386621202462,14.1374621202464));
#5666=CARTESIAN_POINT('',(-21.3229546165338,18.515536346016,9.46058789448005));
#5667=CARTESIAN_POINT('',(-21.3229546165338,14.1462000000005,13.395));
#5668=CARTESIAN_POINT('Origin',(-21.3229546165338,13.0961999999999,13.395));
#5669=CARTESIAN_POINT('',(-21.3229546165338,14.1462000000004,13.345));
#5670=CARTESIAN_POINT('',(-21.3229546165338,14.1461999999914,6.67250000000291));
#5671=CARTESIAN_POINT('',(-21.3229546165338,14.8461999999999,13.345));
#5672=CARTESIAN_POINT('',(-21.3229546165338,16.6274484515378,13.345));
#5673=CARTESIAN_POINT('',(-21.3229546165338,14.8461999999999,10.445));
#5674=CARTESIAN_POINT('',(-21.3229546165338,14.8461999999999,5.2225));
#5675=CARTESIAN_POINT('',(-21.3229546165338,14.1461999999999,10.445));
#5676=CARTESIAN_POINT('',(-21.3229546165338,16.2774484515378,10.445));
#5677=CARTESIAN_POINT('',(-21.3229546165338,14.1461999999999,10.395));
#5678=CARTESIAN_POINT('',(-21.3229546165338,14.1461999999999,5.1975));
#5679=CARTESIAN_POINT('',(-21.3229546165338,13.8386621202458,9.65253787975413));
#5680=CARTESIAN_POINT('Origin',(-21.3229546165338,13.0961999999999,10.395));
#5681=CARTESIAN_POINT('',(-21.3229546165338,12.6886621202463,8.50253787975375));
#5682=CARTESIAN_POINT('',(-21.3229546165338,11.9930363460141,7.80691210552107));
#5683=CARTESIAN_POINT('',(-21.3229546165338,11.9461999999999,8.19499999999939));
#5684=CARTESIAN_POINT('Origin',(-21.3229546165338,11.9461999999999,9.245));
#5685=CARTESIAN_POINT('',(-21.3229546165338,11.8461999999999,8.19499999999951));
#5686=CARTESIAN_POINT('',(-21.3229546165338,15.1274484515429,8.19499999999548));
#5687=CARTESIAN_POINT('',(-21.3229546165338,11.8461999999999,3.75));
#5688=CARTESIAN_POINT('Origin',(-18.0229546165338,18.4086969030757,0.));
#5689=CARTESIAN_POINT('',(-18.0229546165338,21.7086969030757,16.));
#5690=CARTESIAN_POINT('',(-18.0229546165338,21.7086969030757,0.));
#5691=CARTESIAN_POINT('Origin',(-18.0229546165338,18.4086969030757,16.));
#5692=CARTESIAN_POINT('Origin',(43.4770529942469,21.7086969030757,0.));
#5693=CARTESIAN_POINT('',(43.4770453834662,21.7086969030757,16.));
#5694=CARTESIAN_POINT('',(43.4770529942469,21.7086969030757,0.));
#5695=CARTESIAN_POINT('',(28.1020491888579,21.7086969030757,16.));
#5696=CARTESIAN_POINT('Origin',(12.7270453834662,-6.59130309692428,7.5));
#5697=CARTESIAN_POINT('',(48.7770453834662,-1.54999999999932,7.5));
#5698=CARTESIAN_POINT('',(30.7520453834662,-1.54999999999932,7.5));
#5699=CARTESIAN_POINT('',(48.7770453834662,-6.77499999999933,7.5));
#5700=CARTESIAN_POINT('',(48.7770453834662,-19.0913030969243,7.5));
#5701=CARTESIAN_POINT('',(30.7520453834662,-6.77499999999933,7.5));
#5702=CARTESIAN_POINT('Origin',(48.7770453834662,-1.54999999999932,7.125));
#5703=CARTESIAN_POINT('',(46.7770453834662,-1.54999999999932,11.395));
#5704=CARTESIAN_POINT('',(46.7770453834662,-1.54999999999931,3.5625));
#5705=CARTESIAN_POINT('',(48.7770453834662,-1.54999999999932,11.395));
#5706=CARTESIAN_POINT('',(48.7770453834662,-1.54999999999932,11.395));
#5707=CARTESIAN_POINT('',(48.7770453834662,-1.54999999999931,3.5625));
#5708=CARTESIAN_POINT('Origin',(46.7770453834662,-31.5913030969243,0.));
#5709=CARTESIAN_POINT('',(46.7770453834662,-31.5913030969188,16.));
#5710=CARTESIAN_POINT('',(46.7770453834662,-31.5913030969243,0.));
#5711=CARTESIAN_POINT('',(46.7770453834662,18.4086969030757,16.));
#5712=CARTESIAN_POINT('',(46.7770453834662,-19.0913030969243,16.));
#5713=CARTESIAN_POINT('',(46.7770453834662,18.4086969030757,0.));
#5714=CARTESIAN_POINT('',(46.7770453834662,11.9500000000007,11.395));
#5715=CARTESIAN_POINT('',(46.7770453834662,11.9500000000007,5.69749999999999));
#5716=CARTESIAN_POINT('',(46.7770453834662,11.1500000000007,12.195));
#5717=CARTESIAN_POINT('Origin',(46.7770453834662,11.1500000000007,11.395));
#5718=CARTESIAN_POINT('',(46.7770453834662,-0.749999999999316,12.195));
#5719=CARTESIAN_POINT('',(46.7770453834662,-16.1706515484618,12.195));
#5720=CARTESIAN_POINT('Origin',(46.7770453834662,-0.749999999999314,11.395));
#5721=CARTESIAN_POINT('',(46.7770453834662,-6.77499999999933,11.395));
#5722=CARTESIAN_POINT('',(46.7770453834662,-6.77499999999933,5.6975));
#5723=CARTESIAN_POINT('',(46.7770453834662,-7.57499999999933,12.195));
#5724=CARTESIAN_POINT('Origin',(46.7770453834662,-7.57499999999933,11.395));
#5725=CARTESIAN_POINT('',(46.7770453834662,-19.4749999999993,12.195));
#5726=CARTESIAN_POINT('',(46.7770453834662,-25.5331515484618,12.195));
#5727=CARTESIAN_POINT('Origin',(46.7770453834662,-19.4749999999993,11.395));
#5728=CARTESIAN_POINT('Origin',(-23.3229546165338,11.8461999999999,16.295));
#5729=CARTESIAN_POINT('',(-23.3175137038131,11.8461999999999,16.295));
#5730=CARTESIAN_POINT('',(-23.3175137038131,2.5461999999999,16.295));
#5731=CARTESIAN_POINT('',(-23.3175137038131,5.90869690307572,16.295));
#5732=CARTESIAN_POINT('',(-21.3229546165338,11.8461999999999,16.295));
#5733=CARTESIAN_POINT('',(-23.3229546165338,11.8461999999999,16.295));
#5734=CARTESIAN_POINT('',(-21.3229546165338,2.5461999999999,16.295));
#5735=CARTESIAN_POINT('',(-21.3229546165338,2.5461999999999,16.295));
#5736=CARTESIAN_POINT('',(-23.3229546165338,2.5461999999999,16.295));
#5737=CARTESIAN_POINT('Origin',(-23.3229546165338,2.5461999999999,16.295));
#5738=CARTESIAN_POINT('',(-23.3229546165338,2.5461999999999,16.));
#5739=CARTESIAN_POINT('Origin',(-15.3229546165338,2.5461999999999,16.));
#5740=CARTESIAN_POINT('',(-21.3229546165338,2.5461999999999,16.));
#5741=CARTESIAN_POINT('',(-21.3229546165338,2.5461999999999,15.495));
#5742=CARTESIAN_POINT('',(-21.3229546165338,2.5461999999999,15.5842304845413));
#5743=CARTESIAN_POINT('',(-21.3229546165338,2.54619999999991,8.1475));
#5744=CARTESIAN_POINT('',(-23.3229546165338,2.5461999999999,15.5842304845413));
#5745=CARTESIAN_POINT('',(-23.3229546165338,2.5461999999999,15.5842304845413));
#5746=CARTESIAN_POINT('',(-23.3229546165338,2.54619999999991,8.1475));
#5747=CARTESIAN_POINT('Origin',(-21.3229546165338,7.8961999999999,11.8975));
#5748=CARTESIAN_POINT('',(-21.3229546165338,5.90869690307572,16.));
#5749=CARTESIAN_POINT('',(-21.3229546165338,11.8461999999999,16.295));
#5750=CARTESIAN_POINT('Origin',(-23.3229546165338,2.6961999999999,14.545));
#5751=CARTESIAN_POINT('',(-23.3229546165338,1.65696951545857,14.695));
#5752=CARTESIAN_POINT('Origin',(-23.3229546165338,2.6961999999999,14.545));
#5753=CARTESIAN_POINT('',(-21.3229546165338,1.65696951545857,14.695));
#5754=CARTESIAN_POINT('Origin',(-21.3229546165338,2.6961999999999,14.545));
#5755=CARTESIAN_POINT('',(-23.3229546165338,1.65696951545857,14.695));
#5756=CARTESIAN_POINT('Origin',(-23.3229546165338,11.8461999999999,15.595));
#5757=CARTESIAN_POINT('',(-23.3229546165338,11.8461999999999,16.));
#5758=CARTESIAN_POINT('Origin',(-15.3229546165338,11.8461999999999,16.));
#5759=CARTESIAN_POINT('',(-23.3229546165338,11.8461999999999,15.595));
#5760=CARTESIAN_POINT('',(-23.3229546165338,11.8461999999999,7.7975));
#5761=CARTESIAN_POINT('',(-23.3229546165338,11.8461999999999,15.595));
#5762=CARTESIAN_POINT('Origin',(-23.3229546165338,11.9461999999999,15.595));
#5763=CARTESIAN_POINT('',(-23.3229546165338,11.9461999999999,15.595));
#5764=CARTESIAN_POINT('',(-23.3229546165338,15.1774484515378,15.595));
#5765=CARTESIAN_POINT('',(-23.3229546165338,11.9461999999999,15.595));
#5766=CARTESIAN_POINT('Origin',(-23.3229546165338,11.9461999999999,14.545));
#5767=CARTESIAN_POINT('',(-23.3229546165338,12.6886621202458,15.2874621202459));
#5768=CARTESIAN_POINT('Origin',(-23.3229546165338,11.9461999999999,14.545));
#5769=CARTESIAN_POINT('',(-23.3229546165338,12.6886621202458,15.2874621202459));
#5770=CARTESIAN_POINT('Origin',(-23.3229546165338,13.8386621202462,14.1374621202464));
#5771=CARTESIAN_POINT('',(-23.3229546165338,13.8386621202462,14.1374621202464));
#5772=CARTESIAN_POINT('',(-23.3229546165338,18.515536346016,9.46058789448005));
#5773=CARTESIAN_POINT('',(-23.3229546165338,13.8386621202462,14.1374621202464));
#5774=CARTESIAN_POINT('Origin',(-23.3229546165338,13.0961999999999,13.395));
#5775=CARTESIAN_POINT('',(-23.3229546165338,14.1462000000005,13.395));
#5776=CARTESIAN_POINT('Origin',(-23.3229546165338,13.0961999999999,13.395));
#5777=CARTESIAN_POINT('',(-23.3229546165338,14.1462000000005,13.395));
#5778=CARTESIAN_POINT('Origin',(-23.3229546165338,14.1462000000004,13.345));
#5779=CARTESIAN_POINT('',(-23.3229546165338,14.1462000000004,13.345));
#5780=CARTESIAN_POINT('',(-23.3229546165338,14.1461999999914,6.67250000000291));
#5781=CARTESIAN_POINT('',(-23.3229546165338,14.1462000000004,13.345));
#5782=CARTESIAN_POINT('Origin',(-23.3229546165338,14.8461999999999,13.345));
#5783=CARTESIAN_POINT('',(-23.3229546165338,14.8461999999999,13.345));
#5784=CARTESIAN_POINT('',(-23.3229546165338,16.6274484515378,13.345));
#5785=CARTESIAN_POINT('',(-23.3229546165338,14.8461999999999,13.345));
#5786=CARTESIAN_POINT('Origin',(-23.3229546165338,14.8461999999999,10.445));
#5787=CARTESIAN_POINT('',(-23.3229546165338,14.8461999999999,10.445));
#5788=CARTESIAN_POINT('',(-23.3229546165338,14.8461999999999,5.2225));
#5789=CARTESIAN_POINT('',(-23.3229546165338,14.8461999999999,10.445));
#5790=CARTESIAN_POINT('Origin',(-23.3229546165338,14.1461999999999,10.445));
#5791=CARTESIAN_POINT('',(-23.3229546165338,14.1461999999999,10.445));
#5792=CARTESIAN_POINT('',(-23.3229546165338,16.2774484515378,10.445));
#5793=CARTESIAN_POINT('',(-23.3229546165338,14.1461999999999,10.445));
#5794=CARTESIAN_POINT('Origin',(-23.3229546165338,14.1461999999999,10.395));
#5795=CARTESIAN_POINT('',(-23.3229546165338,14.1461999999999,10.395));
#5796=CARTESIAN_POINT('',(-23.3229546165338,14.1461999999999,5.1975));
#5797=CARTESIAN_POINT('',(-23.3229546165338,14.1461999999999,10.395));
#5798=CARTESIAN_POINT('Origin',(-23.3229546165338,13.0961999999999,10.395));
#5799=CARTESIAN_POINT('',(-23.3229546165338,13.8386621202458,9.65253787975413));
#5800=CARTESIAN_POINT('Origin',(-23.3229546165338,13.0961999999999,10.395));
#5801=CARTESIAN_POINT('',(-23.3229546165338,13.8386621202458,9.65253787975413));
#5802=CARTESIAN_POINT('Origin',(-23.3229546165338,12.6886621202463,8.50253787975375));
#5803=CARTESIAN_POINT('',(-23.3229546165338,12.6886621202463,8.50253787975375));
#5804=CARTESIAN_POINT('',(-23.3229546165338,11.9930363460141,7.80691210552107));
#5805=CARTESIAN_POINT('',(-23.3229546165338,12.6886621202463,8.50253787975375));
#5806=CARTESIAN_POINT('Origin',(-23.3229546165338,11.9461999999999,9.245));
#5807=CARTESIAN_POINT('',(-23.3229546165338,11.9461999999999,8.19499999999939));
#5808=CARTESIAN_POINT('Origin',(-23.3229546165338,11.9461999999999,9.245));
#5809=CARTESIAN_POINT('',(-23.3229546165338,11.9461999999999,8.19499999999939));
#5810=CARTESIAN_POINT('Origin',(-23.3229546165338,11.8461999999999,8.19499999999951));
#5811=CARTESIAN_POINT('',(-23.3229546165338,11.8461999999999,8.19499999999951));
#5812=CARTESIAN_POINT('',(-23.3229546165338,15.1274484515429,8.19499999999548));
#5813=CARTESIAN_POINT('',(-23.3229546165338,11.8461999999999,8.19499999999951));
#5814=CARTESIAN_POINT('Origin',(-23.3229546165338,11.8461999999999,7.5));
#5815=CARTESIAN_POINT('',(-23.3229546165338,11.8461999999999,3.75));
#5816=CARTESIAN_POINT('Origin',(-23.3229546165338,2.5461999999999,8.20576951545868));
#5817=CARTESIAN_POINT('',(-23.3229546165338,2.5461999999999,7.5));
#5818=CARTESIAN_POINT('',(-21.3229546165338,2.54620000000305,7.5));
#5819=CARTESIAN_POINT('',(-5.29795461653382,2.5461999999999,7.5));
#5820=CARTESIAN_POINT('',(-23.3229546165338,2.5461999999999,4.10288475772933));
#5821=CARTESIAN_POINT('',(-21.3229546165338,2.54620000000305,8.));
#5822=CARTESIAN_POINT('Origin',(-23.3229546165338,1.65696951545857,14.695));
#5823=CARTESIAN_POINT('',(-23.3229546165338,10.0328332092672,14.695));
#5824=CARTESIAN_POINT('',(-21.3229546165338,10.0328332092672,14.695));
#5825=CARTESIAN_POINT('Origin',(-15.3229546165338,5.90869690307572,16.));
#5826=CARTESIAN_POINT('',(-23.3229546165338,-31.5913030969243,16.));
#5827=CARTESIAN_POINT('',(-23.3229546165338,5.90869690307572,16.));
#5828=CARTESIAN_POINT('',(-15.3229546165338,-28.8913030969243,24.));
#5829=CARTESIAN_POINT('Origin',(-15.3229546165338,-28.8913030969243,16.));
#5830=CARTESIAN_POINT('',(-15.3229546165338,15.7086969030757,24.));
#5831=CARTESIAN_POINT('',(-15.3229546165338,5.90869690307572,24.));
#5832=CARTESIAN_POINT('',(-23.3229546165338,18.4086969030757,16.));
#5833=CARTESIAN_POINT('Origin',(-15.3229546165338,15.7086969030757,16.));
#5834=CARTESIAN_POINT('',(-23.3229546165338,5.90869690307572,16.));
#5835=CARTESIAN_POINT('Origin',(-23.3229546165338,18.4086969030757,0.));
#5836=CARTESIAN_POINT('',(-23.3229546165338,-31.5913030969243,7.5));
#5837=CARTESIAN_POINT('',(-23.3229546165338,5.90869690307573,7.5));
#5838=CARTESIAN_POINT('',(-23.3229546165338,-31.5913030969243,0.));
#5839=CARTESIAN_POINT('Origin',(12.7270453834662,-6.59130309692428,7.5));
#5840=CARTESIAN_POINT('',(-13.7193220122483,-36.8913030969243,7.5));
#5841=CARTESIAN_POINT('',(-13.7193220122483,-36.8913030969243,7.5));
#5842=CARTESIAN_POINT('',(-18.0229546165338,-36.8913030969243,7.5));
#5843=CARTESIAN_POINT('',(-2.64795461653381,-36.8913030969243,7.5));
#5844=CARTESIAN_POINT('Origin',(-18.0229546165338,-31.5913030969243,7.5));
#5845=CARTESIAN_POINT('',(-21.3229546165338,-0.468954925831575,7.5));
#5846=CARTESIAN_POINT('Origin',(-21.3229546165338,18.4086969030757,0.));
#5847=CARTESIAN_POINT('',(-21.3229546165338,5.90869690307572,16.));
#5848=CARTESIAN_POINT('Origin',(40.7770453834662,-19.0913030969243,16.));
#5849=CARTESIAN_POINT('',(40.7770453834662,15.7086969030757,24.));
#5850=CARTESIAN_POINT('',(48.7770453834662,18.4086969030757,16.));
#5851=CARTESIAN_POINT('Origin',(40.7770453834662,15.7086969030757,16.));
#5852=CARTESIAN_POINT('',(40.7770453834662,-28.8913030969243,24.));
#5853=CARTESIAN_POINT('',(40.7770453834662,-19.0913030969243,24.));
#5854=CARTESIAN_POINT('',(48.7770453834662,-31.5913030969188,16.));
#5855=CARTESIAN_POINT('Origin',(40.7770453834662,-28.8913030969243,16.));
#5856=CARTESIAN_POINT('',(48.7770453834662,-19.0913030969243,16.));
#5857=CARTESIAN_POINT('Origin',(-2.64795461653245,-28.8913030969243,16.));
#5858=CARTESIAN_POINT('',(-18.0229546165338,-36.8913030969243,16.));
#5859=CARTESIAN_POINT('Origin',(-15.3229546165338,-28.8913030969243,16.));
#5860=CARTESIAN_POINT('',(43.4770453834607,-36.8913030969243,16.));
#5861=CARTESIAN_POINT('',(-2.64795461653245,-36.8913030969243,16.));
#5862=CARTESIAN_POINT('Origin',(40.7770453834662,-28.8913030969243,16.));
#5863=CARTESIAN_POINT('',(-2.64795461653245,-28.8913030969243,24.));
#5864=CARTESIAN_POINT('Ctrl Pts',(43.4770453834662,23.7086969030757,16.));
#5865=CARTESIAN_POINT('Ctrl Pts',(43.4770453834662,23.7086969030757,16.5983986006838));
#5866=CARTESIAN_POINT('Ctrl Pts',(43.4316115707648,23.5740781987755,17.7953284714324));
#5867=CARTESIAN_POINT('Ctrl Pts',(43.2301061671435,22.9770251510086,19.5000417137799));
#5868=CARTESIAN_POINT('Ctrl Pts',(42.7980259981208,21.6967876131636,21.5406852678875));
#5869=CARTESIAN_POINT('Ctrl Pts',(41.9887064150276,19.2988036632576,23.4537720503857));
#5870=CARTESIAN_POINT('Ctrl Pts',(41.1809644389277,16.9054941044433,24.));
#5871=CARTESIAN_POINT('Ctrl Pts',(40.7770453834662,15.7086969030757,24.));
#5872=CARTESIAN_POINT('Ctrl Pts',(44.2699235293722,23.7086969030757,16.));
#5873=CARTESIAN_POINT('Ctrl Pts',(44.2699235293722,23.7086969030757,16.6578001462496));
#5874=CARTESIAN_POINT('Ctrl Pts',(44.1925901959198,23.5451026309676,17.9725475529107));
#5875=CARTESIAN_POINT('Ctrl Pts',(43.8739626643912,22.8546260791656,19.7678164669029));
#5876=CARTESIAN_POINT('Ctrl Pts',(43.2508492275187,21.4635218585273,21.7917747548178));
#5877=CARTESIAN_POINT('Ctrl Pts',(42.2142528004287,19.0714174551886,23.528980370315));
#5878=CARTESIAN_POINT('Ctrl Pts',(41.2564766432997,16.8299819000713,24.));
#5879=CARTESIAN_POINT('Ctrl Pts',(40.7770453834662,15.7086969030757,24.));
#5880=CARTESIAN_POINT('Ctrl Pts',(45.8523440035612,23.3458305051151,16.));
#5881=CARTESIAN_POINT('Ctrl Pts',(45.8523440035612,23.3458305051151,16.749147488238));
#5882=CARTESIAN_POINT('Ctrl Pts',(45.7117195114509,23.1473106490098,18.2447938826981));
#5883=CARTESIAN_POINT('Ctrl Pts',(45.1598287765661,22.3556936389693,20.1733121062908));
#5884=CARTESIAN_POINT('Ctrl Pts',(44.1559094688321,20.8789285146331,22.1616587415847));
#5885=CARTESIAN_POINT('Ctrl Pts',(42.6652195305993,18.616508733715,23.6346741205295));
#5886=CARTESIAN_POINT('Ctrl Pts',(41.4075010520437,16.6789574913273,24.));
#5887=CARTESIAN_POINT('Ctrl Pts',(40.7770453834662,15.7086969030757,24.));
#5888=CARTESIAN_POINT('Ctrl Pts',(48.0815121263786,21.5728075991337,16.));
#5889=CARTESIAN_POINT('Ctrl Pts',(48.0815121263786,21.5728075991337,16.7830924302264));
#5890=CARTESIAN_POINT('Ctrl Pts',(47.8760283742161,21.4006182831297,18.3460654486332));
#5891=CARTESIAN_POINT('Ctrl Pts',(47.071717011683,20.7339238963432,20.3223985982096));
#5892=CARTESIAN_POINT('Ctrl Pts',(45.6093850978511,19.5408710808584,22.2946999673519));
#5893=CARTESIAN_POINT('Ctrl Pts',(43.457611394661,17.8229455326037,23.6712310921886));
#5894=CARTESIAN_POINT('Ctrl Pts',(41.6717937673457,16.4146647760253,24.));
#5895=CARTESIAN_POINT('Ctrl Pts',(40.7770453834662,15.7086969030757,24.));
#5896=CARTESIAN_POINT('Ctrl Pts',(48.7770453834662,19.5980141219347,16.));
#5897=CARTESIAN_POINT('Ctrl Pts',(48.7770453834662,19.5980141219347,16.6879518271189));
#5898=CARTESIAN_POINT('Ctrl Pts',(48.599566748449,19.5048435075801,18.0620881866849));
#5899=CARTESIAN_POINT('Ctrl Pts',(47.8608632094111,19.1272866905939,19.9028922460124));
#5900=CARTESIAN_POINT('Ctrl Pts',(46.4135634987604,18.4085321646052,21.9176760388501));
#5901=CARTESIAN_POINT('Ctrl Pts',(44.0249218042324,17.2584557844494,23.5662536518003));
#5902=CARTESIAN_POINT('Ctrl Pts',(41.8605742782757,16.2258842650953,24.));
#5903=CARTESIAN_POINT('Ctrl Pts',(40.7770453834662,15.7086969030757,24.));
#5904=CARTESIAN_POINT('Ctrl Pts',(48.7770453834662,18.4086969030757,16.));
#5905=CARTESIAN_POINT('Ctrl Pts',(48.7770453834662,18.4086969030757,16.5983986006838));
#5906=CARTESIAN_POINT('Ctrl Pts',(48.6424266791659,18.3632630903744,17.7953284714324));
#5907=CARTESIAN_POINT('Ctrl Pts',(48.045373631399,18.161757686753,19.50004171378));
#5908=CARTESIAN_POINT('Ctrl Pts',(46.7651360935541,17.7296775177304,21.5406852678875));
#5909=CARTESIAN_POINT('Ctrl Pts',(44.367152143648,16.9203579346371,23.4537720503857));
#5910=CARTESIAN_POINT('Ctrl Pts',(41.9738425848337,16.1126159585373,24.));
#5911=CARTESIAN_POINT('Ctrl Pts',(40.7770453834662,15.7086969030757,24.));
#5912=CARTESIAN_POINT('',(43.4770453834662,23.7086969030757,16.));
#5913=CARTESIAN_POINT('Origin',(40.7770453834662,15.7086969030757,16.));
#5914=CARTESIAN_POINT('Origin',(43.4770453834662,18.4086969030757,16.));
#5915=CARTESIAN_POINT('Origin',(-23.3229546165338,18.4086969030757,0.));
#5916=CARTESIAN_POINT('',(-23.3229546165338,18.4086969030757,0.));
#5917=CARTESIAN_POINT('Origin',(-18.0229546165338,18.4086969030757,0.));
#5918=CARTESIAN_POINT('',(-18.0229546165338,23.7086969030757,16.));
#5919=CARTESIAN_POINT('Origin',(-18.0229546165338,18.4086969030757,16.));
#5920=CARTESIAN_POINT('',(-18.0229546165338,23.7086969030757,0.));
#5921=CARTESIAN_POINT('Origin',(4.35000000000038,-36.8913030969243,7.883098037213));
#5922=CARTESIAN_POINT('',(3.42629231145192,-36.8913030969243,7.5));
#5923=CARTESIAN_POINT('',(3.42629231145192,-36.8913030969243,7.5));
#5924=CARTESIAN_POINT('',(3.35000000000038,-36.8913030969243,7.883098037213));
#5925=CARTESIAN_POINT('',(3.35000000000038,-36.8913030969243,7.883098037213));
#5926=CARTESIAN_POINT('Origin',(4.35000000000038,-36.8913030969243,7.883098037213));
#5927=CARTESIAN_POINT('Origin',(3.35000000000038,-36.8913030969243,7.883098037213));
#5928=CARTESIAN_POINT('',(3.35000000000038,-36.8913030969243,10.019994));
#5929=CARTESIAN_POINT('',(3.35000000000037,-36.8913030969243,3.94154901860649));
#5930=CARTESIAN_POINT('',(3.35000000000038,-36.8913030969243,10.019994));
#5931=CARTESIAN_POINT('Origin',(4.35000000000038,-36.8913030969243,10.019994));
#5932=CARTESIAN_POINT('',(4.35000000000038,-36.8913030969243,11.019994));
#5933=CARTESIAN_POINT('Origin',(4.35000000000038,-36.8913030969243,10.019994));
#5934=CARTESIAN_POINT('',(4.35000000000038,-36.8913030969243,11.019994));
#5935=CARTESIAN_POINT('Origin',(4.35000000000038,-36.8913030969243,11.019994));
#5936=CARTESIAN_POINT('',(17.7500000000004,-36.8913030969243,11.019994));
#5937=CARTESIAN_POINT('',(-6.83647730826671,-36.8913030969243,11.019994));
#5938=CARTESIAN_POINT('',(17.7500000000004,-36.8913030969243,11.019994));
#5939=CARTESIAN_POINT('Origin',(17.7500000000004,-36.8913030969243,10.019994));
#5940=CARTESIAN_POINT('',(18.7500000000004,-36.8913030969243,10.019994));
#5941=CARTESIAN_POINT('Origin',(17.7500000000004,-36.8913030969243,10.019994));
#5942=CARTESIAN_POINT('',(18.7500000000004,-36.8913030969243,10.019994));
#5943=CARTESIAN_POINT('Origin',(18.7500000000004,-36.8913030969243,10.019994));
#5944=CARTESIAN_POINT('',(18.7500000000003,-36.8913030969243,7.88309803721301));
#5945=CARTESIAN_POINT('',(18.7500000000002,-36.8913030969243,5.00999699999928));
#5946=CARTESIAN_POINT('',(18.7500000000003,-36.8913030969243,7.88309803721301));
#5947=CARTESIAN_POINT('Origin',(-12.8899999999997,-36.8913030969243,7.805));
#5948=CARTESIAN_POINT('',(-12.8899999999997,-36.8913030969243,7.805));
#5949=CARTESIAN_POINT('',(-6.50999999999975,-36.8913030969243,7.805));
#5950=CARTESIAN_POINT('',(-15.4564773082668,-36.8913030969243,7.805));
#5951=CARTESIAN_POINT('',(-12.8899999999997,-36.8913030969243,7.805));
#5952=CARTESIAN_POINT('',(-6.50999999999975,-36.8913030969243,7.805));
#5953=CARTESIAN_POINT('Origin',(48.7770453834662,-19.4749999999993,11.395));
#5954=CARTESIAN_POINT('',(48.7770453834662,-19.4749999999993,12.195));
#5955=CARTESIAN_POINT('Origin',(48.7770453834662,-19.4749999999993,11.395));
#5956=CARTESIAN_POINT('',(48.7770453834662,-19.4749999999993,12.195));
#5957=CARTESIAN_POINT('Origin',(48.7770453834662,-19.4749999999993,12.195));
#5958=CARTESIAN_POINT('',(48.7770453834662,-7.57499999999933,12.195));
#5959=CARTESIAN_POINT('',(48.7770453834662,-25.5331515484618,12.195));
#5960=CARTESIAN_POINT('',(48.7770453834662,-7.57499999999933,12.195));
#5961=CARTESIAN_POINT('Origin',(48.7770453834662,-7.57499999999933,11.395));
#5962=CARTESIAN_POINT('',(48.7770453834662,-6.77499999999933,11.395));
#5963=CARTESIAN_POINT('Origin',(48.7770453834662,-7.57499999999933,11.395));
#5964=CARTESIAN_POINT('',(48.7770453834662,-6.77499999999933,11.395));
#5965=CARTESIAN_POINT('Origin',(48.7770453834662,-6.77499999999933,11.395));
#5966=CARTESIAN_POINT('',(48.7770453834662,-6.77499999999933,5.6975));
#5967=CARTESIAN_POINT('Origin',(48.7770453834662,-0.749999999999314,11.395));
#5968=CARTESIAN_POINT('',(48.7770453834662,-0.749999999999316,12.195));
#5969=CARTESIAN_POINT('Origin',(48.7770453834662,-0.749999999999314,11.395));
#5970=CARTESIAN_POINT('',(48.7770453834662,-0.749999999999316,12.195));
#5971=CARTESIAN_POINT('Origin',(48.7770453834662,-0.749999999999316,12.195));
#5972=CARTESIAN_POINT('',(48.7770453834662,11.1500000000007,12.195));
#5973=CARTESIAN_POINT('',(48.7770453834662,-16.1706515484618,12.195));
#5974=CARTESIAN_POINT('',(48.7770453834662,11.1500000000007,12.195));
#5975=CARTESIAN_POINT('Origin',(48.7770453834662,11.1500000000007,11.395));
#5976=CARTESIAN_POINT('',(48.7770453834662,11.9500000000007,11.395));
#5977=CARTESIAN_POINT('Origin',(48.7770453834662,11.1500000000007,11.395));
#5978=CARTESIAN_POINT('',(48.7770453834662,11.9500000000007,11.395));
#5979=CARTESIAN_POINT('Origin',(-15.3229546165338,15.7086969030757,24.));
#5980=CARTESIAN_POINT('',(28.1020491888579,15.7086969030757,24.));
#5981=CARTESIAN_POINT('',(34.2099999999999,-11.0910000000001,24.));
#5982=CARTESIAN_POINT('',(37.2099999999999,-11.0910000000001,24.));
#5983=CARTESIAN_POINT('',(9.44352269173304,-11.0910000000001,24.));
#5984=CARTESIAN_POINT('',(39.2099999999999,-13.0910000000001,24.));
#5985=CARTESIAN_POINT('Origin',(37.2099999999999,-13.0910000000001,24.));
#5986=CARTESIAN_POINT('',(39.2099999999999,-16.0910000000001,24.));
#5987=CARTESIAN_POINT('',(39.2099999999999,1.30884845153783,24.));
#5988=CARTESIAN_POINT('',(37.2099999999999,-18.0910000000001,24.));
#5989=CARTESIAN_POINT('Origin',(37.2099999999999,-16.0910000000001,24.));
#5990=CARTESIAN_POINT('',(34.2099999999999,-18.0910000000001,24.));
#5991=CARTESIAN_POINT('',(10.943522691733,-18.0910000000001,24.));
#5992=CARTESIAN_POINT('',(32.2099999999999,-16.0910000000001,24.));
#5993=CARTESIAN_POINT('Origin',(34.2099999999999,-16.0910000000001,24.));
#5994=CARTESIAN_POINT('',(32.2099999999999,-13.0910000000001,24.));
#5995=CARTESIAN_POINT('',(32.2099999999999,-0.191151548462177,24.));
#5996=CARTESIAN_POINT('Origin',(34.2099999999999,-13.0910000000001,24.));
#5997=CARTESIAN_POINT('',(34.2099999999999,-3.09100000000007,24.));
#5998=CARTESIAN_POINT('',(37.2099999999999,-3.09100000000007,24.));
#5999=CARTESIAN_POINT('',(9.44352269173304,-3.09100000000007,24.));
#6000=CARTESIAN_POINT('',(39.2099999999999,-5.09100000000006,24.));
#6001=CARTESIAN_POINT('Origin',(37.2099999999999,-5.09100000000006,24.));
#6002=CARTESIAN_POINT('',(39.2099999999999,-8.09100000000005,24.));
#6003=CARTESIAN_POINT('',(39.2099999999999,5.30884845153783,24.));
#6004=CARTESIAN_POINT('',(37.2099999999999,-10.0910000000001,24.));
#6005=CARTESIAN_POINT('Origin',(37.2099999999999,-8.09100000000005,24.));
#6006=CARTESIAN_POINT('',(34.2099999999999,-10.0910000000001,24.));
#6007=CARTESIAN_POINT('',(10.943522691733,-10.0910000000001,24.));
#6008=CARTESIAN_POINT('',(32.2099999999999,-8.09100000000006,24.));
#6009=CARTESIAN_POINT('Origin',(34.2099999999999,-8.09100000000006,24.));
#6010=CARTESIAN_POINT('',(32.2099999999999,-5.09100000000007,24.));
#6011=CARTESIAN_POINT('',(32.2099999999999,3.80884845153783,24.));
#6012=CARTESIAN_POINT('Origin',(34.2099999999999,-5.09100000000007,24.));
#6013=CARTESIAN_POINT('',(32.2099999999999,-0.0520000000000744,24.));
#6014=CARTESIAN_POINT('',(32.2099999999999,2.54799999999993,24.));
#6015=CARTESIAN_POINT('',(32.2099999999999,7.82834845153782,24.));
#6016=CARTESIAN_POINT('',(34.4099999999999,4.74799999999992,24.));
#6017=CARTESIAN_POINT('Origin',(34.4099999999999,2.54799999999993,24.));
#6018=CARTESIAN_POINT('',(37.0099999999999,4.74799999999992,24.));
#6019=CARTESIAN_POINT('',(9.54352269173303,4.74799999999993,24.));
#6020=CARTESIAN_POINT('',(39.2099999999999,2.54799999999993,24.));
#6021=CARTESIAN_POINT('Origin',(37.0099999999999,2.54799999999993,24.));
#6022=CARTESIAN_POINT('',(39.2099999999999,-0.0520000000000753,24.));
#6023=CARTESIAN_POINT('',(39.2099999999999,9.12834845153782,24.));
#6024=CARTESIAN_POINT('',(37.0099999999999,-2.25200000000008,24.));
#6025=CARTESIAN_POINT('Origin',(37.0099999999999,-0.0520000000000712,24.));
#6026=CARTESIAN_POINT('',(34.4099999999999,-2.25200000000008,24.));
#6027=CARTESIAN_POINT('',(10.843522691733,-2.25200000000006,24.));
#6028=CARTESIAN_POINT('Origin',(34.4099999999999,-0.0520000000000842,24.));
#6029=CARTESIAN_POINT('',(-11.7100000000001,-17.4410000000001,24.));
#6030=CARTESIAN_POINT('',(-11.7100000000001,4.25899999999993,24.));
#6031=CARTESIAN_POINT('',(-11.7100000000001,-0.866151548462176,24.));
#6032=CARTESIAN_POINT('',(-7.71000000000011,8.25899999999994,24.));
#6033=CARTESIAN_POINT('Origin',(-7.71000000000011,4.25899999999993,24.));
#6034=CARTESIAN_POINT('',(25.7099999999999,8.25899999999994,24.));
#6035=CARTESIAN_POINT('',(-11.516477308267,8.25899999999993,24.));
#6036=CARTESIAN_POINT('',(29.7099999999999,4.25899999999994,24.));
#6037=CARTESIAN_POINT('Origin',(25.7099999999999,4.25899999999994,24.));
#6038=CARTESIAN_POINT('',(29.7099999999999,-17.4410000000001,24.));
#6039=CARTESIAN_POINT('',(29.7099999999999,9.98384845153782,24.));
#6040=CARTESIAN_POINT('',(25.7099999999999,-21.4410000000001,24.));
#6041=CARTESIAN_POINT('Origin',(25.7099999999999,-17.4410000000001,24.));
#6042=CARTESIAN_POINT('',(-7.71000000000011,-21.4410000000001,24.));
#6043=CARTESIAN_POINT('',(5.19352269173304,-21.4410000000001,24.));
#6044=CARTESIAN_POINT('Origin',(-7.71000000000011,-17.4410000000001,24.));
#6045=CARTESIAN_POINT('Origin',(4.00000005960464,3.25899999999994,24.));
#6046=CARTESIAN_POINT('',(4.00000005960464,6.20405517219084,22.));
#6047=CARTESIAN_POINT('Origin',(5.00000005960464,6.20405517219084,24.));
#6048=CARTESIAN_POINT('',(5.00000005960464,7.20405517219085,22.));
#6049=CARTESIAN_POINT('Origin',(5.00000005960464,7.20405517219084,24.));
#6050=CARTESIAN_POINT('',(13.0310519988859,7.20405517219084,24.));
#6051=CARTESIAN_POINT('Origin',(13.0310519988859,6.20405517219084,24.));
#6052=CARTESIAN_POINT('Origin',(-7.71000000000011,4.25899999999993,24.));
#6053=CARTESIAN_POINT('',(-11.7100000000001,4.25899999999993,24.));
#6054=CARTESIAN_POINT('',(-7.71000000000011,8.25899999999994,24.));
#6055=CARTESIAN_POINT('Origin',(-7.71000000000011,8.25899999999994,24.));
#6056=CARTESIAN_POINT('',(25.7099999999999,8.25899999999994,24.));
#6057=CARTESIAN_POINT('Origin',(25.7099999999999,4.25899999999994,24.));
#6058=CARTESIAN_POINT('',(29.7099999999999,4.25899999999994,24.));
#6059=CARTESIAN_POINT('Origin',(29.7099999999999,4.25899999999994,24.));
#6060=CARTESIAN_POINT('',(29.7099999999999,-17.4410000000001,24.));
#6061=CARTESIAN_POINT('Origin',(25.7099999999999,-17.4410000000001,24.));
#6062=CARTESIAN_POINT('',(25.7099999999999,-21.4410000000001,24.));
#6063=CARTESIAN_POINT('Origin',(25.7099999999999,-21.4410000000001,24.));
#6064=CARTESIAN_POINT('',(-7.71000000000011,-21.4410000000001,24.));
#6065=CARTESIAN_POINT('Origin',(-7.71000000000011,-17.4410000000001,24.));
#6066=CARTESIAN_POINT('',(-11.7100000000001,-17.4410000000001,24.));
#6067=CARTESIAN_POINT('Origin',(-11.7100000000001,-17.4410000000001,24.));
#6068=CARTESIAN_POINT('Origin',(34.4099999999999,2.54799999999993,24.));
#6069=CARTESIAN_POINT('',(32.2099999999999,2.54799999999993,24.));
#6070=CARTESIAN_POINT('',(34.4099999999999,4.74799999999992,24.));
#6071=CARTESIAN_POINT('Origin',(34.4099999999999,4.74799999999992,24.));
#6072=CARTESIAN_POINT('',(37.0099999999999,4.74799999999992,24.));
#6073=CARTESIAN_POINT('Origin',(37.0099999999999,2.54799999999993,24.));
#6074=CARTESIAN_POINT('',(39.2099999999999,2.54799999999993,24.));
#6075=CARTESIAN_POINT('Origin',(39.2099999999999,2.54799999999993,24.));
#6076=CARTESIAN_POINT('',(39.2099999999999,-0.0520000000000753,24.));
#6077=CARTESIAN_POINT('Origin',(37.0099999999999,-0.0520000000000712,24.));
#6078=CARTESIAN_POINT('',(37.0099999999999,-2.25200000000008,24.));
#6079=CARTESIAN_POINT('Origin',(37.0099999999999,-2.25200000000008,24.));
#6080=CARTESIAN_POINT('',(34.4099999999999,-2.25200000000008,24.));
#6081=CARTESIAN_POINT('Origin',(34.4099999999999,-0.0520000000000842,24.));
#6082=CARTESIAN_POINT('',(32.2099999999999,-0.0520000000000744,24.));
#6083=CARTESIAN_POINT('Origin',(32.2099999999999,-0.0520000000000744,24.));
#6084=CARTESIAN_POINT('Origin',(37.2099999999999,-5.09100000000006,24.));
#6085=CARTESIAN_POINT('',(37.2099999999999,-3.09100000000007,24.));
#6086=CARTESIAN_POINT('',(39.2099999999999,-5.09100000000006,24.));
#6087=CARTESIAN_POINT('Origin',(39.2099999999999,-5.09100000000006,24.));
#6088=CARTESIAN_POINT('',(39.2099999999999,-8.09100000000005,24.));
#6089=CARTESIAN_POINT('Origin',(37.2099999999999,-8.09100000000005,24.));
#6090=CARTESIAN_POINT('',(37.2099999999999,-10.0910000000001,24.));
#6091=CARTESIAN_POINT('Origin',(37.2099999999999,-10.0910000000001,24.));
#6092=CARTESIAN_POINT('',(34.2099999999999,-10.0910000000001,24.));
#6093=CARTESIAN_POINT('Origin',(34.2099999999999,-8.09100000000006,24.));
#6094=CARTESIAN_POINT('',(32.2099999999999,-8.09100000000006,24.));
#6095=CARTESIAN_POINT('Origin',(32.2099999999999,-8.09100000000006,24.));
#6096=CARTESIAN_POINT('',(32.2099999999999,-5.09100000000007,24.));
#6097=CARTESIAN_POINT('Origin',(34.2099999999999,-5.09100000000007,24.));
#6098=CARTESIAN_POINT('',(34.2099999999999,-3.09100000000007,24.));
#6099=CARTESIAN_POINT('Origin',(34.2099999999999,-3.09100000000007,24.));
#6100=CARTESIAN_POINT('Origin',(37.2099999999999,-13.0910000000001,24.));
#6101=CARTESIAN_POINT('',(37.2099999999999,-11.0910000000001,24.));
#6102=CARTESIAN_POINT('',(39.2099999999999,-13.0910000000001,24.));
#6103=CARTESIAN_POINT('Origin',(39.2099999999999,-13.0910000000001,24.));
#6104=CARTESIAN_POINT('',(39.2099999999999,-16.0910000000001,24.));
#6105=CARTESIAN_POINT('Origin',(37.2099999999999,-16.0910000000001,24.));
#6106=CARTESIAN_POINT('',(37.2099999999999,-18.0910000000001,24.));
#6107=CARTESIAN_POINT('Origin',(37.2099999999999,-18.0910000000001,24.));
#6108=CARTESIAN_POINT('',(34.2099999999999,-18.0910000000001,24.));
#6109=CARTESIAN_POINT('Origin',(34.2099999999999,-16.0910000000001,24.));
#6110=CARTESIAN_POINT('',(32.2099999999999,-16.0910000000001,24.));
#6111=CARTESIAN_POINT('Origin',(32.2099999999999,-16.0910000000001,24.));
#6112=CARTESIAN_POINT('',(32.2099999999999,-13.0910000000001,24.));
#6113=CARTESIAN_POINT('Origin',(34.2099999999999,-13.0910000000001,24.));
#6114=CARTESIAN_POINT('',(34.2099999999999,-11.0910000000001,24.));
#6115=CARTESIAN_POINT('Origin',(34.2099999999999,-11.0910000000001,24.));
#6116=CARTESIAN_POINT('Ctrl Pts',(48.7770453834662,-31.5913030969188,16.));
#6117=CARTESIAN_POINT('Ctrl Pts',(48.7770453834662,-31.5913030969188,16.5983986006838));
#6118=CARTESIAN_POINT('Ctrl Pts',(48.5765673035085,-31.5236417449332,18.3939789423811));
#6119=CARTESIAN_POINT('Ctrl Pts',(47.2459723827939,-31.074565959193,21.1583560239616));
#6120=CARTESIAN_POINT('Ctrl Pts',(44.3665181712795,-30.1027501628088,23.4535642550426));
#6121=CARTESIAN_POINT('Ctrl Pts',(41.9738425848337,-29.295222152385,24.));
#6122=CARTESIAN_POINT('Ctrl Pts',(40.7770453834662,-28.8913030969243,24.));
#6123=CARTESIAN_POINT('Ctrl Pts',(48.7770453834662,-32.3841812428256,16.));
#6124=CARTESIAN_POINT('Ctrl Pts',(48.7770453834662,-32.3841812428256,16.6578001462496));
#6125=CARTESIAN_POINT('Ctrl Pts',(48.5315729617462,-32.2670763201836,18.6380062819459));
#6126=CARTESIAN_POINT('Ctrl Pts',(47.0101812933831,-31.5716042876931,21.4500395729297));
#6127=CARTESIAN_POINT('Ctrl Pts',(44.1397595733394,-30.3289161614655,23.5258241686566));
#6128=CARTESIAN_POINT('Ctrl Pts',(41.8983303804616,-29.3707343567571,24.));
#6129=CARTESIAN_POINT('Ctrl Pts',(40.7770453834662,-28.8913030969243,24.));
#6130=CARTESIAN_POINT('Ctrl Pts',(48.4141629581745,-33.9665734011599,16.));
#6131=CARTESIAN_POINT('Ctrl Pts',(48.4141629581745,-33.9665734011599,16.7491474882381));
#6132=CARTESIAN_POINT('Ctrl Pts',(48.1128049351728,-33.7512866091503,19.0135401251903));
#6133=CARTESIAN_POINT('Ctrl Pts',(46.396748863587,-32.5650378302467,21.8814479533015));
#6134=CARTESIAN_POINT('Ctrl Pts',(43.6862717239688,-30.7810977555451,23.6267083167472));
#6135=CARTESIAN_POINT('Ctrl Pts',(41.7473059717175,-29.5217587655013,24.));
#6136=CARTESIAN_POINT('Ctrl Pts',(40.7770453834662,-28.8913030969243,24.));
#6137=CARTESIAN_POINT('Ctrl Pts',(46.6411323878644,-36.1957044552897,16.));
#6138=CARTESIAN_POINT('Ctrl Pts',(46.6411323878644,-36.1957044552897,16.7830924302266));
#6139=CARTESIAN_POINT('Ctrl Pts',(46.3773614452365,-35.8823514427042,19.1533151595984));
#6140=CARTESIAN_POINT('Ctrl Pts',(44.9483945813223,-34.1496945742906,22.037044487117));
#6141=CARTESIAN_POINT('Ctrl Pts',(42.8934618132531,-31.5739203370677,23.6613914432954));
#6142=CARTESIAN_POINT('Ctrl Pts',(41.4830132564152,-29.7860514808035,24.));
#6143=CARTESIAN_POINT('Ctrl Pts',(40.7770453834662,-28.8913030969243,24.));
#6144=CARTESIAN_POINT('Ctrl Pts',(44.6663626023209,-36.8913030969243,16.));
#6145=CARTESIAN_POINT('Ctrl Pts',(44.6663626023209,-36.8913030969243,16.687951827119));
#6146=CARTESIAN_POINT('Ctrl Pts',(44.5245186550227,-36.6235071327864,18.76156350338));
#6147=CARTESIAN_POINT('Ctrl Pts',(43.7054378669126,-35.0047813731352,21.5965873871201));
#6148=CARTESIAN_POINT('Ctrl Pts',(42.3275349391061,-32.1395263338421,23.561601619184));
#6149=CARTESIAN_POINT('Ctrl Pts',(41.294232745485,-29.9748319917337,24.));
#6150=CARTESIAN_POINT('Ctrl Pts',(40.7770453834662,-28.8913030969243,24.));
#6151=CARTESIAN_POINT('Ctrl Pts',(43.4770453834607,-36.8913030969243,16.));
#6152=CARTESIAN_POINT('Ctrl Pts',(43.4770453834607,-36.8913030969243,16.5983986006838));
#6153=CARTESIAN_POINT('Ctrl Pts',(43.4093840314751,-36.6908250169666,18.3939789423811));
#6154=CARTESIAN_POINT('Ctrl Pts',(42.9603082457349,-35.360230096252,21.1583560239616));
#6155=CARTESIAN_POINT('Ctrl Pts',(41.9884924493507,-32.4807758847376,23.4535642550426));
#6156=CARTESIAN_POINT('Ctrl Pts',(41.1809644389269,-30.0881002982918,24.));
#6157=CARTESIAN_POINT('Ctrl Pts',(40.7770453834662,-28.8913030969243,24.));
#6158=CARTESIAN_POINT('Origin',(43.4770453834607,-31.5913030969188,16.));
#6159=CARTESIAN_POINT('Ctrl Pts',(46.7770453834662,-31.5913030969188,16.));
#6160=CARTESIAN_POINT('Ctrl Pts',(46.7770453834662,-31.5913030969188,16.7501270965059));
#6161=CARTESIAN_POINT('Ctrl Pts',(46.5630607565653,-31.4950100148136,17.8747661011653));
#6162=CARTESIAN_POINT('Ctrl Pts',(45.768281259533,-31.1373592411498,19.4431068011871));
#6163=CARTESIAN_POINT('Ctrl Pts',(45.1021990166773,-30.8376222318653,20.2052114634739));
#6164=CARTESIAN_POINT('Ctrl Pts',(44.6223436254873,-30.6216873058303,20.6058312420137));
#6165=CARTESIAN_POINT('Ctrl Pts',(46.7770453834662,-32.5786607880487,16.));
#6166=CARTESIAN_POINT('Ctrl Pts',(46.7770453834662,-32.5786607880487,16.8752722982725));
#6167=CARTESIAN_POINT('Ctrl Pts',(46.4849452448539,-32.3966248386331,18.1727419786559));
#6168=CARTESIAN_POINT('Ctrl Pts',(45.5354644415968,-31.8163980259653,19.7824994587354));
#6169=CARTESIAN_POINT('Ctrl Pts',(44.8281860348052,-31.3851907384344,20.4837711130648));
#6170=CARTESIAN_POINT('Ctrl Pts',(44.3459715583133,-31.0906956885165,20.8365676646498));
#6171=CARTESIAN_POINT('Ctrl Pts',(45.9485649417703,-34.2881777855253,16.));
#6172=CARTESIAN_POINT('Ctrl Pts',(45.9485649417703,-34.2881777855253,16.9833687409586));
#6173=CARTESIAN_POINT('Ctrl Pts',(45.6351720983957,-33.9594596502816,18.430192323388));
#6174=CARTESIAN_POINT('Ctrl Pts',(44.7251975228523,-33.0041730342893,20.0622847302866));
#6175=CARTESIAN_POINT('Ctrl Pts',(44.092248403051,-32.3409874675896,20.7083632539967));
#6176=CARTESIAN_POINT('Ctrl Pts',(43.6802335711112,-31.9103368526145,21.0209102086547));
#6177=CARTESIAN_POINT('Ctrl Pts',(44.2175636518081,-34.8913030969243,16.));
#6178=CARTESIAN_POINT('Ctrl Pts',(44.2175636518081,-34.8913030969243,16.8426862869057));
#6179=CARTESIAN_POINT('Ctrl Pts',(44.0559492075029,-34.6178193462073,18.0962005530511));
#6180=CARTESIAN_POINT('Ctrl Pts',(43.5339931076183,-33.7094039168315,19.6962895457598));
#6181=CARTESIAN_POINT('Ctrl Pts',(43.1337876452395,-33.0107197562248,20.4137313646445));
#6182=CARTESIAN_POINT('Ctrl Pts',(42.8591858793868,-32.5293222885649,20.7788835589908));
#6183=CARTESIAN_POINT('Ctrl Pts',(43.4770453834607,-34.8913030969243,16.));
#6184=CARTESIAN_POINT('Ctrl Pts',(43.4770453834607,-34.8913030969243,16.7501270965059));
#6185=CARTESIAN_POINT('Ctrl Pts',(43.3807523013555,-34.6773184700234,17.8747661011653));
#6186=CARTESIAN_POINT('Ctrl Pts',(43.0231015276917,-33.8825389729911,19.4431068011871));
#6187=CARTESIAN_POINT('Ctrl Pts',(42.7233645184073,-33.2164567301354,20.2052114634739));
#6188=CARTESIAN_POINT('Ctrl Pts',(42.5074295923722,-32.7366013389454,20.6058312420137));
#6189=CARTESIAN_POINT('',(43.192180222981,-34.258269406968,18.6824750934269));
#6190=CARTESIAN_POINT('',(44.6223436254873,-30.6216873058303,20.6058312420137));
#6191=CARTESIAN_POINT('Ctrl Pts',(43.192180222981,-34.258269406968,18.6824750934269));
#6192=CARTESIAN_POINT('Ctrl Pts',(43.4017418220349,-34.0796343636039,19.0398794405829));
#6193=CARTESIAN_POINT('Ctrl Pts',(43.6352663164882,-33.8441947080116,19.3428147849952));
#6194=CARTESIAN_POINT('Ctrl Pts',(44.0383409197699,-33.2910247415269,19.813183422249));
#6195=CARTESIAN_POINT('Ctrl Pts',(44.2067601204747,-32.9991372585478,19.9885635160195));
#6196=CARTESIAN_POINT('Ctrl Pts',(44.5129693557609,-32.2514934970037,20.3146418216283));
#6197=CARTESIAN_POINT('Ctrl Pts',(44.6210338023623,-31.7891563668742,20.4364123121014));
#6198=CARTESIAN_POINT('Ctrl Pts',(44.6561524622798,-31.0777331449451,20.5553894303428));
#6199=CARTESIAN_POINT('Ctrl Pts',(44.6487639556415,-30.8493912344993,20.5837735408611));
#6200=CARTESIAN_POINT('Ctrl Pts',(44.6223436254873,-30.6216873058303,20.6058312420137));
#6201=CARTESIAN_POINT('Origin',(40.7770453834662,-28.8913030969243,16.));
#6202=CARTESIAN_POINT('Origin',(43.4770453834607,-31.5913030969188,16.));
#6203=CARTESIAN_POINT('Origin',(40.7770453834662,-28.8913030969243,16.));
#6204=CARTESIAN_POINT('Origin',(40.5,-31.1,18.));
#6205=CARTESIAN_POINT('',(38.1907336848355,-34.5481573464167,18.));
#6206=CARTESIAN_POINT('',(42.8092663151644,-34.5481573464167,18.));
#6207=CARTESIAN_POINT('',(-2.64795461653245,-34.5481573464167,18.));
#6208=CARTESIAN_POINT('Origin',(40.5,-31.1,18.));
#6209=CARTESIAN_POINT('',(38.3,-31.1,18.));
#6210=CARTESIAN_POINT('Origin',(40.5,-31.1,18.));
#6211=CARTESIAN_POINT('Origin',(40.5,-31.1,22.));
#6212=CARTESIAN_POINT('Ctrl Pts',(36.9865746072609,-28.8913030969243,22.));
#6213=CARTESIAN_POINT('Ctrl Pts',(36.973893074962,-28.9114759044905,22.));
#6214=CARTESIAN_POINT('Ctrl Pts',(36.9613858204651,-28.9317571250029,21.9998982476388));
#6215=CARTESIAN_POINT('Ctrl Pts',(36.7025663229395,-29.3596497447608,21.9955594036269));
#6216=CARTESIAN_POINT('Ctrl Pts',(36.531385333061,-29.8104109144454,21.9453434176576));
#6217=CARTESIAN_POINT('Ctrl Pts',(36.3412446644375,-30.7050689959236,21.7393972916405));
#6218=CARTESIAN_POINT('Ctrl Pts',(36.3254048717776,-31.2032327977026,21.5609155204454));
#6219=CARTESIAN_POINT('Ctrl Pts',(36.4513429475483,-32.1228771316737,21.0819020733213));
#6220=CARTESIAN_POINT('Ctrl Pts',(36.5909616223569,-32.5448382729389,20.7817280490956));
#6221=CARTESIAN_POINT('Ctrl Pts',(37.0627060432037,-33.532136794102,19.899505965805));
#6222=CARTESIAN_POINT('Ctrl Pts',(37.5135755804851,-34.0327888969541,19.2006434721588));
#6223=CARTESIAN_POINT('Ctrl Pts',(38.0276800693293,-34.4349125519878,18.3009688450092));
#6224=CARTESIAN_POINT('Ctrl Pts',(38.1107741357012,-34.4946076168535,18.1514615076192));
#6225=CARTESIAN_POINT('Ctrl Pts',(38.1907336848355,-34.5481573464167,18.));
#6226=CARTESIAN_POINT('Ctrl Pts',(44.6223436254873,-30.6216873058303,20.6058312420137));
#6227=CARTESIAN_POINT('Ctrl Pts',(44.5771305077103,-30.2320175142312,20.64357859166));
#6228=CARTESIAN_POINT('Ctrl Pts',(44.4749084451058,-29.8446738458507,20.7287958443128));
#6229=CARTESIAN_POINT('Ctrl Pts',(44.1075773778659,-28.9757313819356,20.9978509829796));
#6230=CARTESIAN_POINT('Ctrl Pts',(43.7902517443853,-28.5189668270141,21.2044389526557));
#6231=CARTESIAN_POINT('Ctrl Pts',(43.0672840351583,-27.8006095461129,21.5600182161908));
#6232=CARTESIAN_POINT('Ctrl Pts',(42.6113617652816,-27.4850019482196,21.736445431294));
#6233=CARTESIAN_POINT('Ctrl Pts',(41.6822641228934,-27.0958784436326,21.9470025798831));
#6234=CARTESIAN_POINT('Ctrl Pts',(41.2250060402963,-26.9892295978175,22.));
#6235=CARTESIAN_POINT('Ctrl Pts',(40.7770453834662,-26.959257813447,22.));
#6236=CARTESIAN_POINT('Ctrl Pts',(42.8092663151644,-34.5481573464167,18.));
#6237=CARTESIAN_POINT('Ctrl Pts',(42.8892258642987,-34.4946076168535,18.1514615076192));
#6238=CARTESIAN_POINT('Ctrl Pts',(42.9723199306706,-34.4349125519878,18.3009688450092));
#6239=CARTESIAN_POINT('Ctrl Pts',(43.101578815744,-34.3338084837697,18.5271698250778));
#6240=CARTESIAN_POINT('Ctrl Pts',(43.1468449631102,-34.2969142071103,18.6051564480719));
#6241=CARTESIAN_POINT('Ctrl Pts',(43.192180222981,-34.258269406968,18.6824750934269));
#6242=CARTESIAN_POINT('Ctrl Pts',(-18.0229546165338,-36.8913030969243,16.));
#6243=CARTESIAN_POINT('Ctrl Pts',(-18.0229546165338,-36.8913030969243,16.5983986006838));
#6244=CARTESIAN_POINT('Ctrl Pts',(-17.9775200459625,-36.7566821470832,17.7953331287716));
#6245=CARTESIAN_POINT('Ctrl Pts',(-17.7760138399275,-36.1596267217944,19.5000484269434));
#6246=CARTESIAN_POINT('Ctrl Pts',(-17.3439348973352,-34.8793928178172,21.5406987215543));
#6247=CARTESIAN_POINT('Ctrl Pts',(-16.5346145548598,-32.4814066178902,23.4538049348313));
#6248=CARTESIAN_POINT('Ctrl Pts',(-15.7268736719954,-30.0881002982918,24.));
#6249=CARTESIAN_POINT('Ctrl Pts',(-15.3229546165338,-28.8913030969243,24.));
#6250=CARTESIAN_POINT('Ctrl Pts',(-18.8158327624398,-36.8913030969243,16.));
#6251=CARTESIAN_POINT('Ctrl Pts',(-18.8158327624398,-36.8913030969243,16.6578001462496));
#6252=CARTESIAN_POINT('Ctrl Pts',(-18.7385061678374,-36.7277190914727,17.9725353145613));
#6253=CARTESIAN_POINT('Ctrl Pts',(-18.4198815867713,-36.0372471186766,19.7678001404786));
#6254=CARTESIAN_POINT('Ctrl Pts',(-17.7967696163891,-34.6461457837621,21.7917595971872));
#6255=CARTESIAN_POINT('Ctrl Pts',(-16.7601772495899,-32.2540467625706,23.5289763473432));
#6256=CARTESIAN_POINT('Ctrl Pts',(-15.8023858763674,-30.0125880939198,24.));
#6257=CARTESIAN_POINT('Ctrl Pts',(-15.3229546165338,-28.8913030969243,24.));
#6258=CARTESIAN_POINT('Ctrl Pts',(-20.3982866768541,-36.5284558281482,16.));
#6259=CARTESIAN_POINT('Ctrl Pts',(-20.3982866768541,-36.5284558281482,16.7491474882379));
#6260=CARTESIAN_POINT('Ctrl Pts',(-20.2576806461684,-36.3299552710734,18.2447655959603));
#6261=CARTESIAN_POINT('Ctrl Pts',(-19.7058015046676,-35.538346895673,20.1732726829853));
#6262=CARTESIAN_POINT('Ctrl Pts',(-18.7018796111584,-34.0615743276526,22.1616116776752));
#6263=CARTESIAN_POINT('Ctrl Pts',(-17.2111967542483,-31.7991645476519,23.6346289968141));
#6264=CARTESIAN_POINT('Ctrl Pts',(-15.9534102851114,-29.8615636851758,24.));
#6265=CARTESIAN_POINT('Ctrl Pts',(-15.3229546165338,-28.8913030969243,24.));
#6266=CARTESIAN_POINT('Ctrl Pts',(-22.6274998769374,-34.7554421383425,16.));
#6267=CARTESIAN_POINT('Ctrl Pts',(-22.6274998769374,-34.7554421383425,16.7830924302264));
#6268=CARTESIAN_POINT('Ctrl Pts',(-22.4220209785701,-34.5832684952828,18.3460550946144));
#6269=CARTESIAN_POINT('Ctrl Pts',(-21.6177125995369,-33.916580787902,20.3223751147594));
#6270=CARTESIAN_POINT('Ctrl Pts',(-20.1553533853056,-32.7235161315531,22.2946642072063));
#6271=CARTESIAN_POINT('Ctrl Pts',(-18.0035798033444,-31.0056003326103,23.6711801022518));
#6272=CARTESIAN_POINT('Ctrl Pts',(-16.2177030004134,-29.5972709698738,24.));
#6273=CARTESIAN_POINT('Ctrl Pts',(-15.3229546165338,-28.8913030969243,24.));
#6274=CARTESIAN_POINT('Ctrl Pts',(-23.3229546165338,-32.7806203157833,16.));
#6275=CARTESIAN_POINT('Ctrl Pts',(-23.3229546165338,-32.7806203157833,16.6879518271189));
#6276=CARTESIAN_POINT('Ctrl Pts',(-23.1455194882637,-32.6874674450958,18.0620257145231));
#6277=CARTESIAN_POINT('Ctrl Pts',(-22.4068453048669,-32.309920338189,19.9028224767994));
#6278=CARTESIAN_POINT('Ctrl Pts',(-20.9595734964773,-31.5911727810632,21.9176069555946));
#6279=CARTESIAN_POINT('Ctrl Pts',(-18.5709483536905,-30.4411029161174,23.5662220533247));
#6280=CARTESIAN_POINT('Ctrl Pts',(-16.4064835113434,-29.4084904589438,24.));
#6281=CARTESIAN_POINT('Ctrl Pts',(-15.3229546165338,-28.8913030969243,24.));
#6282=CARTESIAN_POINT('Ctrl Pts',(-23.3229546165338,-31.5913030969243,16.));
#6283=CARTESIAN_POINT('Ctrl Pts',(-23.3229546165338,-31.5913030969243,16.5983986006838));
#6284=CARTESIAN_POINT('Ctrl Pts',(-23.1883336666927,-31.5458685263529,17.7953331287716));
#6285=CARTESIAN_POINT('Ctrl Pts',(-22.591278241404,-31.344362320318,19.5000484269434));
#6286=CARTESIAN_POINT('Ctrl Pts',(-21.3110443374267,-30.9122833777256,21.5406987215543));
#6287=CARTESIAN_POINT('Ctrl Pts',(-18.9130581374997,-30.1029630352503,23.4538049348313));
#6288=CARTESIAN_POINT('Ctrl Pts',(-16.5197518179014,-29.2952221523858,24.));
#6289=CARTESIAN_POINT('Ctrl Pts',(-15.3229546165338,-28.8913030969243,24.));
#6290=CARTESIAN_POINT('Origin',(-18.0229546165338,-31.5913030969243,16.));
#6291=CARTESIAN_POINT('Origin',(-2.64795461653245,-28.8913030969243,16.));
#6292=CARTESIAN_POINT('',(-17.8685390288054,-34.5481573464167,18.));
#6293=CARTESIAN_POINT('',(-15.1907336848356,-34.5481573464167,18.));
#6294=CARTESIAN_POINT('',(-2.64795461653245,-34.5481573464167,18.));
#6295=CARTESIAN_POINT('Ctrl Pts',(-15.1907336848356,-34.5481573464167,18.));
#6296=CARTESIAN_POINT('Ctrl Pts',(-15.1107741357013,-34.4946076168535,18.1514615076192));
#6297=CARTESIAN_POINT('Ctrl Pts',(-15.0276800693294,-34.4349125519878,18.3009688450092));
#6298=CARTESIAN_POINT('Ctrl Pts',(-14.5135755804852,-34.0327888969541,19.2006434721588));
#6299=CARTESIAN_POINT('Ctrl Pts',(-14.0627060432038,-33.532136794102,19.899505965805));
#6300=CARTESIAN_POINT('Ctrl Pts',(-13.590961622357,-32.5448382729389,20.7817280490956));
#6301=CARTESIAN_POINT('Ctrl Pts',(-13.4513429475484,-32.1228771316737,21.0819020733213));
#6302=CARTESIAN_POINT('Ctrl Pts',(-13.3254048717777,-31.2032327977026,21.5609155204454));
#6303=CARTESIAN_POINT('Ctrl Pts',(-13.3412446644376,-30.7050689959236,21.7393972916405));
#6304=CARTESIAN_POINT('Ctrl Pts',(-13.5313853330611,-29.8104109144454,21.9453434176576));
#6305=CARTESIAN_POINT('Ctrl Pts',(-13.7025663229396,-29.3596497447608,21.9955594036269));
#6306=CARTESIAN_POINT('Ctrl Pts',(-13.9613858204652,-28.9317571250029,21.9998982476388));
#6307=CARTESIAN_POINT('Ctrl Pts',(-13.9738930749621,-28.9114759044905,22.));
#6308=CARTESIAN_POINT('Ctrl Pts',(-13.986574607261,-28.8913030969243,22.));
#6309=CARTESIAN_POINT('Origin',(-15.3229546165338,-28.8913030969243,16.));
#6310=CARTESIAN_POINT('Ctrl Pts',(-18.0229546165338,-34.8913030969243,16.));
#6311=CARTESIAN_POINT('Ctrl Pts',(-18.0229546165338,-34.8913030969243,16.6796738189082));
#6312=CARTESIAN_POINT('Ctrl Pts',(-17.9704901016416,-34.7747152860528,17.3591973782067));
#6313=CARTESIAN_POINT('Ctrl Pts',(-17.8685390288054,-34.5481573464167,18.));
#6314=CARTESIAN_POINT('Ctrl Pts',(-19.010312307662,-34.8913030969243,16.));
#6315=CARTESIAN_POINT('Ctrl Pts',(-19.010312307662,-34.8913030969243,16.7930651596541));
#6316=CARTESIAN_POINT('Ctrl Pts',(-18.9121146979038,-34.7338201611087,17.5778971539389));
#6317=CARTESIAN_POINT('Ctrl Pts',(-18.7388344385733,-34.4514578564425,18.2735074603922));
#6318=CARTESIAN_POINT('Ctrl Pts',(-20.7199746842864,-34.0630157186512,16.));
#6319=CARTESIAN_POINT('Ctrl Pts',(-20.7199746842864,-34.0630157186512,16.8910089912434));
#6320=CARTESIAN_POINT('Ctrl Pts',(-20.5424440842624,-33.8937092380879,17.7727502269648));
#6321=CARTESIAN_POINT('Ctrl Pts',(-20.2498827622865,-33.6150135078264,18.5120159830955));
#6322=CARTESIAN_POINT('Ctrl Pts',(-21.3229546165338,-32.3318213652705,16.));
#6323=CARTESIAN_POINT('Ctrl Pts',(-21.3229546165338,-32.3318213652705,16.7635396847155));
#6324=CARTESIAN_POINT('Ctrl Pts',(-21.1748120792184,-32.2440901439149,17.5234546886096));
#6325=CARTESIAN_POINT('Ctrl Pts',(-20.9072842485455,-32.0896090665218,18.2051305952941));
#6326=CARTESIAN_POINT('Ctrl Pts',(-21.3229546165338,-31.5913030969243,16.));
#6327=CARTESIAN_POINT('Ctrl Pts',(-21.3229546165338,-31.5913030969243,16.6796738189082));
#6328=CARTESIAN_POINT('Ctrl Pts',(-21.2063668056623,-31.5388385820321,17.3591973782067));
#6329=CARTESIAN_POINT('Ctrl Pts',(-20.9798088660262,-31.4368875091959,18.));
#6330=CARTESIAN_POINT('',(-20.9798088660262,-31.4368875091959,18.));
#6331=CARTESIAN_POINT('Ctrl Pts',(-20.9798088660262,-31.4368875091959,18.));
#6332=CARTESIAN_POINT('Ctrl Pts',(-20.9798088660262,-31.8548262356287,18.));
#6333=CARTESIAN_POINT('Ctrl Pts',(-20.8996060695609,-32.2670973687004,17.9999999999543));
#6334=CARTESIAN_POINT('Ctrl Pts',(-20.5868779293397,-33.019540144554,17.9999999999543));
#6335=CARTESIAN_POINT('Ctrl Pts',(-20.3653065039464,-33.353136210263,18.));
#6336=CARTESIAN_POINT('Ctrl Pts',(-19.8007068748951,-33.9225863561052,18.));
#6337=CARTESIAN_POINT('Ctrl Pts',(-19.4622617505863,-34.1498814104033,18.0000000003072));
#6338=CARTESIAN_POINT('Ctrl Pts',(-18.702217660165,-34.4672736958937,18.0000000003072));
#6339=CARTESIAN_POINT('Ctrl Pts',(-18.2882479797911,-34.5481573464167,18.));
#6340=CARTESIAN_POINT('Ctrl Pts',(-17.8685390288054,-34.5481573464167,18.));
#6341=CARTESIAN_POINT('Origin',(-15.3229546165338,-28.8913030969243,16.));
#6342=CARTESIAN_POINT('Origin',(-17.5,-31.1,18.));
#6343=CARTESIAN_POINT('',(-20.9798088660262,-28.8387104882555,18.));
#6344=CARTESIAN_POINT('',(-20.9798088660262,5.90869690307572,18.));
#6345=CARTESIAN_POINT('Origin',(-17.5,-31.1,18.));
#6346=CARTESIAN_POINT('',(-19.7,-31.1,18.));
#6347=CARTESIAN_POINT('Origin',(-17.5,-31.1,18.));
#6348=CARTESIAN_POINT('Origin',(-17.5,-31.1,22.));
#6349=CARTESIAN_POINT('Ctrl Pts',(-15.3229546165338,-27.5668748397024,22.));
#6350=CARTESIAN_POINT('Ctrl Pts',(-15.341217051347,-27.5556218702781,22.));
#6351=CARTESIAN_POINT('Ctrl Pts',(-15.3595657791857,-27.5445111067594,21.999916609778));
#6352=CARTESIAN_POINT('Ctrl Pts',(-15.7900963551124,-27.2883498312047,21.9959669440357));
#6353=CARTESIAN_POINT('Ctrl Pts',(-16.2455036503524,-27.1198163160182,21.9451122564389));
#6354=CARTESIAN_POINT('Ctrl Pts',(-17.1493121293551,-26.9367658761463,21.7358725207072));
#6355=CARTESIAN_POINT('Ctrl Pts',(-17.6517383232477,-26.9264795876801,21.5542670628809));
#6356=CARTESIAN_POINT('Ctrl Pts',(-18.5769462482415,-27.0649679075366,21.0680029167757));
#6357=CARTESIAN_POINT('Ctrl Pts',(-19.0002562038141,-27.2115826903302,20.7637367751196));
#6358=CARTESIAN_POINT('Ctrl Pts',(-19.9820417514771,-27.6988429111049,19.8768614741205));
#6359=CARTESIAN_POINT('Ctrl Pts',(-20.4766954993875,-28.1567516723085,19.1793322703808));
#6360=CARTESIAN_POINT('Ctrl Pts',(-20.8711400233834,-28.6774258198862,18.2894885485714));
#6361=CARTESIAN_POINT('Ctrl Pts',(-20.9283298420322,-28.7594914571769,18.1456046678201));
#6362=CARTESIAN_POINT('Ctrl Pts',(-20.9798088660262,-28.8387104882555,18.));
#6363=CARTESIAN_POINT('Origin',(28.1020491888579,15.7086969030757,16.));
#6364=CARTESIAN_POINT('Origin',(-15.3229546165338,15.7086969030757,16.));
#6365=CARTESIAN_POINT('',(28.1020491888579,23.7086969030757,16.));
#6366=CARTESIAN_POINT('Ctrl Pts',(43.4770453834662,21.7086969030757,16.));
#6367=CARTESIAN_POINT('Ctrl Pts',(43.4770453834662,21.7086969030757,16.7497388553853));
#6368=CARTESIAN_POINT('Ctrl Pts',(43.3808575047385,21.4949460614587,17.873800218323));
#6369=CARTESIAN_POINT('Ctrl Pts',(43.0235644018822,20.7009613884447,19.4415147165988));
#6370=CARTESIAN_POINT('Ctrl Pts',(42.7241097340892,20.0355065711268,20.2034594226872));
#6371=CARTESIAN_POINT('Ctrl Pts',(42.5083682057076,19.5560809525011,20.6040890495544));
#6372=CARTESIAN_POINT('Ctrl Pts',(44.4644030745944,21.7086969030757,16.));
#6373=CARTESIAN_POINT('Ctrl Pts',(44.4644030745944,21.7086969030757,16.8748192861101));
#6374=CARTESIAN_POINT('Ctrl Pts',(44.282580813956,21.4169367319134,18.1716128185763));
#6375=CARTESIAN_POINT('Ctrl Pts',(43.7028750373701,20.4683236457879,19.7809122813387));
#6376=CARTESIAN_POINT('Ctrl Pts',(43.2719903252068,19.7615726864377,20.4821751516672));
#6377=CARTESIAN_POINT('Ctrl Pts',(42.9777174120287,19.2797172407976,20.835031006759));
#6378=CARTESIAN_POINT('Ctrl Pts',(46.1739856656772,20.880303569653,16.));
#6379=CARTESIAN_POINT('Ctrl Pts',(46.1739856656772,20.880303569653,16.9828597816316));
#6380=CARTESIAN_POINT('Ctrl Pts',(45.845626142395,20.5672410746418,18.4290975773999));
#6381=CARTESIAN_POINT('Ctrl Pts',(44.891117503199,19.6580074284109,20.0608590641057));
#6382=CARTESIAN_POINT('Ctrl Pts',(44.2283318422925,19.0254316858114,20.7069229166142));
#6383=CARTESIAN_POINT('Ctrl Pts',(43.797956017988,18.6136827203248,21.0195640121112));
#6384=CARTESIAN_POINT('Ctrl Pts',(46.7770453834662,19.1492151714219,16.));
#6385=CARTESIAN_POINT('Ctrl Pts',(46.7770453834662,19.1492151714219,16.8422501401914));
#6386=CARTESIAN_POINT('Ctrl Pts',(46.5038732479061,18.9877856292066,18.0951678924202));
#6387=CARTESIAN_POINT('Ctrl Pts',(45.5962956248344,18.4662968598638,19.6947455939431));
#6388=CARTESIAN_POINT('Ctrl Pts',(44.8981770098651,18.0664180123621,20.4120961774151));
#6389=CARTESIAN_POINT('Ctrl Pts',(44.4171566491139,17.792031630058,20.7772955174579));
#6390=CARTESIAN_POINT('Ctrl Pts',(46.7770453834662,18.4086969030757,16.));
#6391=CARTESIAN_POINT('Ctrl Pts',(46.7770453834662,18.4086969030757,16.7497388553853));
#6392=CARTESIAN_POINT('Ctrl Pts',(46.5632945418492,18.312509024348,17.873800218323));
#6393=CARTESIAN_POINT('Ctrl Pts',(45.7693098688352,17.9552159214917,19.4415147165988));
#6394=CARTESIAN_POINT('Ctrl Pts',(45.1038550515173,17.6557612536987,20.2034594226872));
#6395=CARTESIAN_POINT('Ctrl Pts',(44.6244294328916,17.4400197253171,20.6040890495544));
#6396=CARTESIAN_POINT('',(44.6244294328916,17.4400197253171,20.6040890495544));
#6397=CARTESIAN_POINT('',(43.1865202034407,21.0630853919081,18.7074940278161));
#6398=CARTESIAN_POINT('Ctrl Pts',(44.6244294328916,17.4400197253171,20.6040890495544));
#6399=CARTESIAN_POINT('Ctrl Pts',(44.6404324233033,17.5835111059284,20.5907162304386));
#6400=CARTESIAN_POINT('Ctrl Pts',(44.6488976938516,17.7273706999006,20.5747968880085));
#6401=CARTESIAN_POINT('Ctrl Pts',(44.6509932181404,18.0280546108732,20.5343970835346));
#6402=CARTESIAN_POINT('Ctrl Pts',(44.6431763572675,18.1842186467009,20.509349421604));
#6403=CARTESIAN_POINT('Ctrl Pts',(44.5899348592277,18.684841524566,20.4124772964941));
#6404=CARTESIAN_POINT('Ctrl Pts',(44.5105166822857,19.0175446372203,20.3223041904474));
#6405=CARTESIAN_POINT('Ctrl Pts',(44.2492396210568,19.7294611770159,20.0457463264817));
#6406=CARTESIAN_POINT('Ctrl Pts',(44.0493006588261,20.0824228183675,19.8447270641224));
#6407=CARTESIAN_POINT('Ctrl Pts',(43.6148112814514,20.6652905597659,19.3399388948811));
#6408=CARTESIAN_POINT('Ctrl Pts',(43.3897558011444,20.8904702166476,19.0488608777213));
#6409=CARTESIAN_POINT('Ctrl Pts',(43.1865202034408,21.0630853919083,18.7074940278156));
#6410=CARTESIAN_POINT('Origin',(40.7770453834662,15.7086969030757,16.));
#6411=CARTESIAN_POINT('Origin',(43.4770453834662,18.4086969030757,16.));
#6412=CARTESIAN_POINT('Origin',(40.7770453834662,15.7086969030757,16.));
#6413=CARTESIAN_POINT('Origin',(40.7770453834662,-19.0913030969243,16.));
#6414=CARTESIAN_POINT('Ctrl Pts',(40.7770453834662,13.7592578134469,22.));
#6415=CARTESIAN_POINT('Ctrl Pts',(41.2250060402963,13.7892295978175,22.));
#6416=CARTESIAN_POINT('Ctrl Pts',(41.6822641228934,13.8958784436325,21.9470025798831));
#6417=CARTESIAN_POINT('Ctrl Pts',(42.6113617652816,14.2850019482195,21.736445431294));
#6418=CARTESIAN_POINT('Ctrl Pts',(43.0672840351582,14.6006095461128,21.5600182161908));
#6419=CARTESIAN_POINT('Ctrl Pts',(43.7902517443853,15.318966827014,21.2044389526557));
#6420=CARTESIAN_POINT('Ctrl Pts',(44.1075773778658,15.7757313819355,20.9978509829796));
#6421=CARTESIAN_POINT('Ctrl Pts',(44.4772977322646,16.6503258400758,20.7270457881778));
#6422=CARTESIAN_POINT('Ctrl Pts',(44.5802844475458,17.0441921498842,20.6409785863669));
#6423=CARTESIAN_POINT('Ctrl Pts',(44.6244294328916,17.4400197253171,20.6040890495544));
#6424=CARTESIAN_POINT('Origin',(40.5,17.9,22.));
#6425=CARTESIAN_POINT('',(38.2169197979629,21.3655511525681,18.));
#6426=CARTESIAN_POINT('Ctrl Pts',(38.2169197979629,21.3655511525681,18.));
#6427=CARTESIAN_POINT('Ctrl Pts',(38.1373205416815,21.3131117343884,18.1483210727854));
#6428=CARTESIAN_POINT('Ctrl Pts',(38.0547425780278,21.2547620125387,18.2948146245327));
#6429=CARTESIAN_POINT('Ctrl Pts',(37.5369974510792,20.8567700992337,19.1892074715967));
#6430=CARTESIAN_POINT('Ctrl Pts',(37.0822722287149,20.3593540295022,19.8873459738958));
#6431=CARTESIAN_POINT('Ctrl Pts',(36.6020767024289,19.3750065266588,20.7720822143362));
#6432=CARTESIAN_POINT('Ctrl Pts',(36.4586624220692,18.9522991934801,21.0744639090858));
#6433=CARTESIAN_POINT('Ctrl Pts',(36.325920024303,18.0296121481803,21.5573818665552));
#6434=CARTESIAN_POINT('Ctrl Pts',(36.3387517269332,17.5291259134978,21.737541402877));
#6435=CARTESIAN_POINT('Ctrl Pts',(36.5250534761591,16.6294878939948,21.9452470244989));
#6436=CARTESIAN_POINT('Ctrl Pts',(36.6948032387186,16.1761968316307,21.9957955973325));
#6437=CARTESIAN_POINT('Ctrl Pts',(36.952139972737,15.7469339812399,21.9999090621982));
#6438=CARTESIAN_POINT('Ctrl Pts',(36.9638422762872,15.7277677712047,22.));
#6439=CARTESIAN_POINT('Ctrl Pts',(36.9756999648993,15.7086969030757,22.));
#6440=CARTESIAN_POINT('',(42.783080202037,21.3655511525681,18.));
#6441=CARTESIAN_POINT('Origin',(40.5,17.9,18.));
#6442=CARTESIAN_POINT('Ctrl Pts',(43.186520203441,21.0630853919081,18.7074940278159));
#6443=CARTESIAN_POINT('Ctrl Pts',(43.1338476341396,21.1078220664088,18.6190219822587));
#6444=CARTESIAN_POINT('Ctrl Pts',(43.0812148432587,21.1502512186954,18.5296779554938));
#6445=CARTESIAN_POINT('Ctrl Pts',(42.9452574219721,21.2547620125387,18.2948146245327));
#6446=CARTESIAN_POINT('Ctrl Pts',(42.8626794583184,21.3131117343884,18.1483210727854));
#6447=CARTESIAN_POINT('Ctrl Pts',(42.783080202037,21.3655511525681,18.));
#6448=CARTESIAN_POINT('Origin',(40.5,17.9,18.));
#6449=CARTESIAN_POINT('',(28.1020491888579,21.3655511525681,18.));
#6450=CARTESIAN_POINT('',(38.3,17.9,18.));
#6451=CARTESIAN_POINT('Origin',(40.5,17.9,18.));
#6452=CARTESIAN_POINT('Ctrl Pts',(-23.3229546165338,18.4086969030757,16.));
#6453=CARTESIAN_POINT('Ctrl Pts',(-23.3229546165338,18.4086969030757,16.5983986006838));
#6454=CARTESIAN_POINT('Ctrl Pts',(-23.1876820707492,18.3630424188734,17.7952369479156));
#6455=CARTESIAN_POINT('Ctrl Pts',(-22.3933055463377,18.0949403418845,20.0674956664345));
#6456=CARTESIAN_POINT('Ctrl Pts',(-20.1002558982741,17.321036085663,22.9523597928829));
#6457=CARTESIAN_POINT('Ctrl Pts',(-17.1181504185851,16.314575486268,24.));
#6458=CARTESIAN_POINT('Ctrl Pts',(-15.3229546165338,15.7086969030757,24.));
#6459=CARTESIAN_POINT('Ctrl Pts',(-23.3229546165338,19.2015750489817,16.));
#6460=CARTESIAN_POINT('Ctrl Pts',(-23.3229546165338,19.2015750489817,16.6578001462496));
#6461=CARTESIAN_POINT('Ctrl Pts',(-23.160062536945,19.1248848355978,17.9717371554589));
#6462=CARTESIAN_POINT('Ctrl Pts',(-22.2371898950793,18.6978965465514,20.3680932778074));
#6463=CARTESIAN_POINT('Ctrl Pts',(-19.8083421745095,17.6241983189384,23.1140005889325));
#6464=CARTESIAN_POINT('Ctrl Pts',(-17.0048821120271,16.427843792826,24.));
#6465=CARTESIAN_POINT('Ctrl Pts',(-15.3229546165338,15.7086969030757,24.));
#6466=CARTESIAN_POINT('Ctrl Pts',(-22.9601346845461,20.7840760409614,16.));
#6467=CARTESIAN_POINT('Ctrl Pts',(-22.9601346845461,20.7840760409614,16.749147488238));
#6468=CARTESIAN_POINT('Ctrl Pts',(-22.7644222271943,20.6457472319756,18.2433477006125));
#6469=CARTESIAN_POINT('Ctrl Pts',(-21.7002368373978,19.9024191228987,20.8210667020809));
#6470=CARTESIAN_POINT('Ctrl Pts',(-19.2107744868815,18.2305524719166,23.3432665988101));
#6471=CARTESIAN_POINT('Ctrl Pts',(-16.7783454989111,16.654380405942,24.));
#6472=CARTESIAN_POINT('Ctrl Pts',(-15.3229546165338,15.7086969030757,24.));
#6473=CARTESIAN_POINT('Ctrl Pts',(-21.1871343021134,23.0133553260678,16.));
#6474=CARTESIAN_POINT('Ctrl Pts',(-21.1871343021134,23.0133553260678,16.7830924302264));
#6475=CARTESIAN_POINT('Ctrl Pts',(-21.0181671895639,22.8113724694158,18.3445347423755));
#6476=CARTESIAN_POINT('Ctrl Pts',(-20.1190213227946,21.7279442356851,20.9869545024713));
#6477=CARTESIAN_POINT('Ctrl Pts',(-18.14903360431,19.293906695202,23.4232126516228));
#6478=CARTESIAN_POINT('Ctrl Pts',(-16.3819064259581,17.050819478895,24.));
#6479=CARTESIAN_POINT('Ctrl Pts',(-15.3229546165338,15.7086969030757,24.));
#6480=CARTESIAN_POINT('Ctrl Pts',(-19.2122718353928,23.7086969030757,16.));
#6481=CARTESIAN_POINT('Ctrl Pts',(-19.2122718353928,23.7086969030757,16.6879518271189));
#6482=CARTESIAN_POINT('Ctrl Pts',(-19.1201322472531,23.532397226285,18.0609137877524));
#6483=CARTESIAN_POINT('Ctrl Pts',(-18.61327432434,22.5435391313719,20.5196066968549));
#6484=CARTESIAN_POINT('Ctrl Pts',(-17.3897011896124,20.0463803500393,23.1942477494796));
#6485=CARTESIAN_POINT('Ctrl Pts',(-16.0987356595631,17.33399024529,24.));
#6486=CARTESIAN_POINT('Ctrl Pts',(-15.3229546165338,15.7086969030757,24.));
#6487=CARTESIAN_POINT('Ctrl Pts',(-18.0229546165338,23.7086969030757,16.));
#6488=CARTESIAN_POINT('Ctrl Pts',(-18.0229546165338,23.7086969030757,16.5983986006838));
#6489=CARTESIAN_POINT('Ctrl Pts',(-17.9773001323315,23.5734243572911,17.7952369479156));
#6490=CARTESIAN_POINT('Ctrl Pts',(-17.7091980553426,22.7790478328796,20.0674956664345));
#6491=CARTESIAN_POINT('Ctrl Pts',(-16.9352937991211,20.485998184816,22.9523597928829));
#6492=CARTESIAN_POINT('Ctrl Pts',(-15.9288331997261,17.503892705127,24.));
#6493=CARTESIAN_POINT('Ctrl Pts',(-15.3229546165338,15.7086969030757,24.));
#6494=CARTESIAN_POINT('Origin',(28.1020491888579,15.7086969030757,16.));
#6495=CARTESIAN_POINT('',(-15.216919797963,21.3655511525681,18.));
#6496=CARTESIAN_POINT('',(-17.8685390288054,21.3655511525681,18.));
#6497=CARTESIAN_POINT('',(28.1020491888579,21.3655511525681,18.));
#6498=CARTESIAN_POINT('Origin',(-15.3229546165338,15.7086969030757,16.));
#6499=CARTESIAN_POINT('Ctrl Pts',(-13.9756999648998,15.7086969030752,22.));
#6500=CARTESIAN_POINT('Ctrl Pts',(-13.9638422762876,15.7277677712041,22.));
#6501=CARTESIAN_POINT('Ctrl Pts',(-13.9521399727371,15.7469339812399,21.9999090621982));
#6502=CARTESIAN_POINT('Ctrl Pts',(-13.6948032387187,16.1761968316307,21.9957955973325));
#6503=CARTESIAN_POINT('Ctrl Pts',(-13.5250534761592,16.6294878939948,21.9452470244989));
#6504=CARTESIAN_POINT('Ctrl Pts',(-13.3387517269333,17.5291259134978,21.737541402877));
#6505=CARTESIAN_POINT('Ctrl Pts',(-13.3259200243031,18.0296121481803,21.5573818665552));
#6506=CARTESIAN_POINT('Ctrl Pts',(-13.4586624220693,18.9522991934801,21.0744639090858));
#6507=CARTESIAN_POINT('Ctrl Pts',(-13.602076702429,19.3750065266588,20.7720822143363));
#6508=CARTESIAN_POINT('Ctrl Pts',(-14.082272228715,20.3593540295022,19.8873459738958));
#6509=CARTESIAN_POINT('Ctrl Pts',(-14.5369974510793,20.8567700992337,19.1892074715967));
#6510=CARTESIAN_POINT('Ctrl Pts',(-15.0547425780279,21.2547620125387,18.2948146245327));
#6511=CARTESIAN_POINT('Ctrl Pts',(-15.1373205416816,21.3131117343884,18.1483210727855));
#6512=CARTESIAN_POINT('Ctrl Pts',(-15.216919797963,21.3655511525681,18.));
#6513=CARTESIAN_POINT('Origin',(-15.3229546165338,5.90869690307572,16.));
#6514=CARTESIAN_POINT('',(-20.9798088660262,18.2542813153473,18.));
#6515=CARTESIAN_POINT('',(-20.9798088660262,15.6387104882554,18.));
#6516=CARTESIAN_POINT('',(-20.9798088660262,5.90869690307572,18.));
#6517=CARTESIAN_POINT('Ctrl Pts',(-20.9798088660262,15.6387104882554,18.));
#6518=CARTESIAN_POINT('Ctrl Pts',(-20.9283298420322,15.5594914571768,18.1456046678201));
#6519=CARTESIAN_POINT('Ctrl Pts',(-20.8711400233834,15.4774258198861,18.2894885485714));
#6520=CARTESIAN_POINT('Ctrl Pts',(-20.4766954993875,14.9567516723084,19.1793322703808));
#6521=CARTESIAN_POINT('Ctrl Pts',(-19.982041751477,14.4988429111049,19.8768614741205));
#6522=CARTESIAN_POINT('Ctrl Pts',(-19.0002562038141,14.0115826903301,20.7637367751196));
#6523=CARTESIAN_POINT('Ctrl Pts',(-18.5769462482415,13.8649679075366,21.0680029167757));
#6524=CARTESIAN_POINT('Ctrl Pts',(-17.6517383232477,13.72647958768,21.5542670628809));
#6525=CARTESIAN_POINT('Ctrl Pts',(-17.1493121293551,13.7367658761462,21.7358725207072));
#6526=CARTESIAN_POINT('Ctrl Pts',(-16.2455036503524,13.9198163160181,21.9451122564389));
#6527=CARTESIAN_POINT('Ctrl Pts',(-15.7900963551124,14.0883498312046,21.9959669440357));
#6528=CARTESIAN_POINT('Ctrl Pts',(-15.3595657791856,14.3445111067594,21.999916609778));
#6529=CARTESIAN_POINT('Ctrl Pts',(-15.341217051347,14.355621870278,22.));
#6530=CARTESIAN_POINT('Ctrl Pts',(-15.3229546165338,14.3668748397023,22.));
#6531=CARTESIAN_POINT('Origin',(-15.3229546165338,15.7086969030757,16.));
#6532=CARTESIAN_POINT('Ctrl Pts',(-21.3229546165338,18.4086969030757,16.));
#6533=CARTESIAN_POINT('Ctrl Pts',(-21.3229546165338,18.4086969030757,16.6796738189082));
#6534=CARTESIAN_POINT('Ctrl Pts',(-21.2063668056623,18.3562323881835,17.3591973782067));
#6535=CARTESIAN_POINT('Ctrl Pts',(-20.9798088660262,18.2542813153473,18.));
#6536=CARTESIAN_POINT('Ctrl Pts',(-21.3229546165338,19.3960545942039,16.));
#6537=CARTESIAN_POINT('Ctrl Pts',(-21.3229546165338,19.3960545942039,16.7930651596541));
#6538=CARTESIAN_POINT('Ctrl Pts',(-21.1654716807182,19.2978569844456,17.5778971539389));
#6539=CARTESIAN_POINT('Ctrl Pts',(-20.883109376052,19.1245767251151,18.2735074603922));
#6540=CARTESIAN_POINT('Ctrl Pts',(-20.4948192566774,21.1058314425813,16.));
#6541=CARTESIAN_POINT('Ctrl Pts',(-20.4948192566774,21.1058314425813,16.8910089912434));
#6542=CARTESIAN_POINT('Ctrl Pts',(-20.3254637333938,20.928263241068,17.7728138121138));
#6543=CARTESIAN_POINT('Ctrl Pts',(-20.0467680031323,20.6357019190922,18.5120795682445));
#6544=CARTESIAN_POINT('Ctrl Pts',(-18.76347288488,21.7086969030757,16.));
#6545=CARTESIAN_POINT('Ctrl Pts',(-18.76347288488,21.7086969030757,16.7635396847155));
#6546=CARTESIAN_POINT('Ctrl Pts',(-18.6757416635244,21.5605543657603,17.5234546886096));
#6547=CARTESIAN_POINT('Ctrl Pts',(-18.5212605861313,21.2930265350874,18.2051305952941));
#6548=CARTESIAN_POINT('Ctrl Pts',(-18.0229546165338,21.7086969030757,16.));
#6549=CARTESIAN_POINT('Ctrl Pts',(-18.0229546165338,21.7086969030757,16.6796738189082));
#6550=CARTESIAN_POINT('Ctrl Pts',(-17.9704901016416,21.5921090922042,17.3591973782067));
#6551=CARTESIAN_POINT('Ctrl Pts',(-17.8685390288054,21.3655511525681,18.));
#6552=CARTESIAN_POINT('Ctrl Pts',(-17.8685390288054,21.3655511525681,18.));
#6553=CARTESIAN_POINT('Ctrl Pts',(-18.2864777552382,21.3655511525681,18.));
#6554=CARTESIAN_POINT('Ctrl Pts',(-18.6987488883099,21.2853483561028,17.9999999999543));
#6555=CARTESIAN_POINT('Ctrl Pts',(-19.4511916641635,20.9726202158816,17.9999999999543));
#6556=CARTESIAN_POINT('Ctrl Pts',(-19.7847877298725,20.7510487904883,18.));
#6557=CARTESIAN_POINT('Ctrl Pts',(-20.3542378757148,20.186449161437,18.));
#6558=CARTESIAN_POINT('Ctrl Pts',(-20.5815329300128,19.8480040371282,18.0000000003072));
#6559=CARTESIAN_POINT('Ctrl Pts',(-20.8989252155032,19.0879599467069,18.0000000003072));
#6560=CARTESIAN_POINT('Ctrl Pts',(-20.9798088660262,18.673990266333,18.));
#6561=CARTESIAN_POINT('Ctrl Pts',(-20.9798088660262,18.2542813153473,18.));
#6562=CARTESIAN_POINT('Origin',(-17.5,17.9,22.));
#6563=CARTESIAN_POINT('Origin',(-17.5,17.9,18.));
#6564=CARTESIAN_POINT('Origin',(-17.5,17.9,18.));
#6565=CARTESIAN_POINT('',(-19.7,17.9,18.));
#6566=CARTESIAN_POINT('Origin',(-17.5,17.9,18.));
#6567=CARTESIAN_POINT('Origin',(-18.0229546165338,-36.8913030969243,0.));
#6568=CARTESIAN_POINT('',(30.3111666179936,-36.8913030969243,7.5));
#6569=CARTESIAN_POINT('',(18.6737076885488,-36.8913030969243,7.5));
#6570=CARTESIAN_POINT('',(-2.64795461653381,-36.8913030969243,7.5));
#6571=CARTESIAN_POINT('Origin',(33.4500000000004,-36.8913030969243,7.235));
#6572=CARTESIAN_POINT('',(43.4770529903107,-36.8913030969243,0.));
#6573=CARTESIAN_POINT('',(-18.0229546165338,-36.8913030969243,0.));
#6574=CARTESIAN_POINT('Origin',(-12.8899999999997,-36.8913030969243,6.525));
#6575=CARTESIAN_POINT('',(-5.68067798775119,-36.8913030969243,7.5));
#6576=CARTESIAN_POINT('Origin',(-6.50999999999975,-36.8913030969243,6.525));
#6577=CARTESIAN_POINT('',(-2.64795461653381,-36.8913030969243,7.5));
#6578=CARTESIAN_POINT('Origin',(17.7500000000004,-36.8913030969243,7.88309803721301));
#6579=CARTESIAN_POINT('Origin',(33.4500000000004,-36.8913030969243,7.235));
#6580=CARTESIAN_POINT('',(30.3111666179936,-36.8913030969243,7.5));
#6581=CARTESIAN_POINT('Origin',(43.4770453834662,-31.5913030969243,0.));
#6582=CARTESIAN_POINT('',(48.7770453834662,-31.5913030969243,0.));
#6583=CARTESIAN_POINT('Origin',(-12.8899999999997,-36.8913030969243,6.525));
#6584=CARTESIAN_POINT('Origin',(-18.0229546165338,-31.5913030969243,0.));
#6585=CARTESIAN_POINT('Origin',(40.5,-31.1,21.));
#6586=CARTESIAN_POINT('',(38.3,-31.1,21.));
#6587=CARTESIAN_POINT('Origin',(40.5,-31.1,21.));
#6588=CARTESIAN_POINT('Origin',(40.5,-31.1,18.));
#6589=CARTESIAN_POINT('',(38.3,-31.1,18.));
#6590=CARTESIAN_POINT('Origin',(40.5,17.9,21.));
#6591=CARTESIAN_POINT('',(38.3,17.9,21.));
#6592=CARTESIAN_POINT('Origin',(40.5,17.9,21.));
#6593=CARTESIAN_POINT('Origin',(40.5,17.9,18.));
#6594=CARTESIAN_POINT('',(38.3,17.9,18.));
#6595=CARTESIAN_POINT('Origin',(-17.5,-31.1,21.));
#6596=CARTESIAN_POINT('',(-19.7,-31.1,21.));
#6597=CARTESIAN_POINT('Origin',(-17.5,-31.1,21.));
#6598=CARTESIAN_POINT('Origin',(-17.5,-31.1,18.));
#6599=CARTESIAN_POINT('',(-19.7,-31.1,18.));
#6600=CARTESIAN_POINT('Origin',(-17.5,17.9,21.));
#6601=CARTESIAN_POINT('',(-19.7,17.9,21.));
#6602=CARTESIAN_POINT('Origin',(-17.5,17.9,21.));
#6603=CARTESIAN_POINT('Origin',(-17.5,17.9,18.));
#6604=CARTESIAN_POINT('',(-19.7,17.9,18.));
#6605=CARTESIAN_POINT('Origin',(25.7099999999999,4.25899999999994,22.));
#6606=CARTESIAN_POINT('',(30.7099999999999,4.25899999999994,22.));
#6607=CARTESIAN_POINT('',(25.7099999999999,9.25899999999994,22.));
#6608=CARTESIAN_POINT('Origin',(30.7099999999999,4.25899999999994,22.));
#6609=CARTESIAN_POINT('',(30.7099999999999,-17.4410000000001,22.));
#6610=CARTESIAN_POINT('Origin',(25.7099999999999,-17.4410000000001,22.));
#6611=CARTESIAN_POINT('Origin',(25.7099999999999,-22.4410000000001,22.));
#6612=CARTESIAN_POINT('',(-7.71000000000011,-22.4410000000001,22.));
#6613=CARTESIAN_POINT('Origin',(-7.71000000000011,-17.4410000000001,22.));
#6614=CARTESIAN_POINT('',(-12.7100000000001,-17.4410000000001,22.));
#6615=CARTESIAN_POINT('Origin',(-12.7100000000001,-17.4410000000001,22.));
#6616=CARTESIAN_POINT('',(-12.7100000000001,4.25899999999993,22.));
#6617=CARTESIAN_POINT('Origin',(-7.71000000000011,4.25899999999994,22.));
#6618=CARTESIAN_POINT('',(-7.71000000000011,9.25899999999994,22.));
#6619=CARTESIAN_POINT('Origin',(-7.71000000000011,9.25899999999994,22.));
#6620=CARTESIAN_POINT('Origin',(-8.60000000000011,2.95899999999994,22.));
#6621=CARTESIAN_POINT('Origin',(26.5999999999999,-20.6410000000001,22.));
#6622=CARTESIAN_POINT('',(26.5999999999999,3.25899999999994,24.));
#6623=CARTESIAN_POINT('Origin',(26.2999999999999,3.25899999999994,22.));
#6624=CARTESIAN_POINT('Origin',(43.4770529942469,23.7086969030757,0.));
#6625=CARTESIAN_POINT('',(43.4770529942469,23.7086969030757,0.));
#6626=CARTESIAN_POINT('Origin',(43.4770453834662,18.4086969030757,0.));
#6627=CARTESIAN_POINT('',(48.7770453834662,18.4086969030757,0.));
#6628=CARTESIAN_POINT('Origin',(48.7770453834662,-31.5913030969243,0.));
#6629=CARTESIAN_POINT('',(48.7770453834662,11.9500000000007,5.69749999999999));
#6630=CARTESIAN_POINT('Origin',(48.7770453834662,11.9500000000007,11.395));
#6631=CARTESIAN_POINT('Origin',(43.4770453834662,18.4086969030757,0.));
#6632=CARTESIAN_POINT('Origin',(-6.50999999999975,-36.8913030969243,6.525));
#6633=CARTESIAN_POINT('',(-5.68067798775119,-36.8913030969243,7.5));
#6634=CARTESIAN_POINT('Origin',(43.4770453834662,-31.5913030969243,0.));
#6635=CARTESIAN_POINT('Origin',(17.7500000000004,-36.8913030969243,7.88309803721301));
#6636=CARTESIAN_POINT('',(18.6737076885488,-36.8913030969243,7.5));
#6637=CARTESIAN_POINT('Origin',(12.7270453834662,-6.59130309692428,7.5));
#6638=CARTESIAN_POINT('Origin',(12.7270453834662,-6.59130309692428,7.5));
#6639=UNCERTAINTY_MEASURE_WITH_UNIT(LENGTH_MEASURE(0.01),#6643,
'DISTANCE_ACCURACY_VALUE',
'Maximum model space distance between geometric entities at asserted c
onnectivities');
#6640=UNCERTAINTY_MEASURE_WITH_UNIT(LENGTH_MEASURE(0.01),#6643,
'DISTANCE_ACCURACY_VALUE',
'Maximum model space distance between geometric entities at asserted c
onnectivities');
#6641=(
GEOMETRIC_REPRESENTATION_CONTEXT(3)
GLOBAL_UNCERTAINTY_ASSIGNED_CONTEXT((#6639))
GLOBAL_UNIT_ASSIGNED_CONTEXT((#6643,#6645,#6646))
REPRESENTATION_CONTEXT('','3D')
);
#6642=(
GEOMETRIC_REPRESENTATION_CONTEXT(3)
GLOBAL_UNCERTAINTY_ASSIGNED_CONTEXT((#6640))
GLOBAL_UNIT_ASSIGNED_CONTEXT((#6643,#6645,#6646))
REPRESENTATION_CONTEXT('','3D')
);
#6643=(
LENGTH_UNIT()
NAMED_UNIT(*)
SI_UNIT(.MILLI.,.METRE.)
);
#6644=(
LENGTH_UNIT()
NAMED_UNIT(*)
SI_UNIT($,.METRE.)
);
#6645=(
NAMED_UNIT(*)
PLANE_ANGLE_UNIT()
SI_UNIT($,.RADIAN.)
);
#6646=(
NAMED_UNIT(*)
SI_UNIT($,.STERADIAN.)
SOLID_ANGLE_UNIT()
);
#6647=SHAPE_DEFINITION_REPRESENTATION(#6648,#6649);
#6648=PRODUCT_DEFINITION_SHAPE('',$,#6651);
#6649=SHAPE_REPRESENTATION('',(#3737),#6641);
#6650=PRODUCT_DEFINITION_CONTEXT('part definition',#6655,'design');
#6651=PRODUCT_DEFINITION('(Unsaved)','(Unsaved)',#6652,#6650);
#6652=PRODUCT_DEFINITION_FORMATION('',$,#6657);
#6653=PRODUCT_RELATED_PRODUCT_CATEGORY('(Unsaved)','(Unsaved)',(#6657));
#6654=APPLICATION_PROTOCOL_DEFINITION('international standard',
'automotive_design',2009,#6655);
#6655=APPLICATION_CONTEXT(
'Core Data for Automotive Mechanical Design Process');
#6656=PRODUCT_CONTEXT('part definition',#6655,'mechanical');
#6657=PRODUCT('(Unsaved)','(Unsaved)',$,(#6656));
#6658=PRESENTATION_STYLE_ASSIGNMENT((#6659));
#6659=SURFACE_STYLE_USAGE(.BOTH.,#6660);
#6660=SURFACE_SIDE_STYLE('',(#6661));
#6661=SURFACE_STYLE_FILL_AREA(#6662);
#6662=FILL_AREA_STYLE('Steel - Satin',(#6663));
#6663=FILL_AREA_STYLE_COLOUR('Steel - Satin',#6664);
#6664=COLOUR_RGB('Steel - Satin',0.627450980392157,0.627450980392157,0.627450980392157);
ENDSEC;
END-ISO-10303-21;
