ISO-10303-21;
HEADER;
/* Generated by software containing ST-Developer
 * from STEP Tools, Inc. (www.steptools.com) 
 */

FILE_DESCRIPTION(
/* description */ (''),
/* implementation_level */ '2;1');

FILE_NAME(
/* name */ 'shell-bot.step',
/* time_stamp */ '2026-07-17T15:32:17+02:00',
/* author */ (''),
/* organization */ (''),
/* preprocessor_version */ 'ST-DEVELOPER v20.1',
/* originating_system */ 'Autodesk Translation Framework v15.8.0.0',
/* authorisation */ '');

FILE_SCHEMA (('AUTOMOTIVE_DESIGN { 1 0 10303 214 3 1 1 }'));
ENDSEC;

DATA;
#10=MECHANICAL_DESIGN_GEOMETRIC_PRESENTATION_REPRESENTATION('',(#13),#6279);
#11=SHAPE_REPRESENTATION_RELATIONSHIP('SRR','None',#6286,#12);
#12=ADVANCED_BREP_SHAPE_REPRESENTATION('',(#14),#6278);
#13=STYLED_ITEM('',(#6295),#14);
#14=MANIFOLD_SOLID_BREP('Body1',#3415);
#15=(
BOUNDED_SURFACE()
B_SPLINE_SURFACE(2,2,((#5725,#5726,#5727),(#5728,#5729,#5730),(#5731,#5732,
#5733)),.UNSPECIFIED.,.F.,.F.,.F.)
B_SPLINE_SURFACE_WITH_KNOTS((3,3),(3,3),(-1.26982744250373,0.),(1.5707963267949,
3.14159265358979),.UNSPECIFIED.)
GEOMETRIC_REPRESENTATION_ITEM()
RATIONAL_B_SPLINE_SURFACE(((1.,0.707106781186547,1.),(0.805122872090274,
0.569307842543422,0.805122872090274),(1.,0.707106781186547,1.)))
REPRESENTATION_ITEM('')
SURFACE()
);
#16=(
BOUNDED_SURFACE()
B_SPLINE_SURFACE(2,2,((#5887,#5888,#5889),(#5890,#5891,#5892),(#5893,#5894,
#5895)),.UNSPECIFIED.,.F.,.F.,.F.)
B_SPLINE_SURFACE_WITH_KNOTS((3,3),(3,3),(-1.25026367759667,0.),(-3.14159265358979,
-1.57079632679489),.UNSPECIFIED.)
GEOMETRIC_REPRESENTATION_ITEM()
RATIONAL_B_SPLINE_SURFACE(((1.,0.707106781186546,1.),(0.810885973936203,
0.573382970939346,0.810885973936203),(1.,0.707106781186546,1.)))
REPRESENTATION_ITEM('')
SURFACE()
);
#17=(
BOUNDED_SURFACE()
B_SPLINE_SURFACE(2,2,((#6140,#6141,#6142),(#6143,#6144,#6145),(#6146,#6147,
#6148)),.UNSPECIFIED.,.F.,.F.,.F.)
B_SPLINE_SURFACE_WITH_KNOTS((3,3),(3,3),(-0.201357920790331,0.),(-3.14159265358979,
-1.57079632679489),.UNSPECIFIED.)
GEOMETRIC_REPRESENTATION_ITEM()
RATIONAL_B_SPLINE_SURFACE(((1.,0.707106781186546,1.),(0.994936153005022,
0.703526100637506,0.994936153005022),(1.,0.707106781186546,1.)))
REPRESENTATION_ITEM('')
SURFACE()
);
#18=(
BOUNDED_SURFACE()
B_SPLINE_SURFACE(2,2,((#6158,#6159,#6160),(#6161,#6162,#6163),(#6164,#6165,
#6166)),.UNSPECIFIED.,.F.,.F.,.F.)
B_SPLINE_SURFACE_WITH_KNOTS((3,3),(3,3),(-0.203563538443471,0.),(1.5707963267949,
3.14159265358979),.UNSPECIFIED.)
GEOMETRIC_REPRESENTATION_ITEM()
RATIONAL_B_SPLINE_SURFACE(((1.,0.707106781186548,1.),(0.994824705842685,
0.703447295593275,0.994824705842685),(1.,0.707106781186548,1.)))
REPRESENTATION_ITEM('')
SURFACE()
);
#19=(
BOUNDED_SURFACE()
B_SPLINE_SURFACE(2,2,((#6228,#6229,#6230),(#6231,#6232,#6233),(#6234,#6235,
#6236)),.UNSPECIFIED.,.F.,.F.,.F.)
B_SPLINE_SURFACE_WITH_KNOTS((3,3),(3,3),(-1.5707963267949,0.),(-1.57079489154121,
-2.13922716580832E-15),.UNSPECIFIED.)
GEOMETRIC_REPRESENTATION_ITEM()
RATIONAL_B_SPLINE_SURFACE(((1.,0.707107288625173,1.),(0.707106781186541,
0.500000358813289,0.707106781186541),(1.,0.707107288625173,1.)))
REPRESENTATION_ITEM('')
SURFACE()
);
#20=(
BOUNDED_SURFACE()
B_SPLINE_SURFACE(2,2,((#6241,#6242,#6243),(#6244,#6245,#6246),(#6247,#6248,
#6249)),.UNSPECIFIED.,.F.,.F.,.F.)
B_SPLINE_SURFACE_WITH_KNOTS((3,3),(3,3),(-1.5707963267949,0.),(3.36431219583379E-15,
1.57079489079853),.UNSPECIFIED.)
GEOMETRIC_REPRESENTATION_ITEM()
RATIONAL_B_SPLINE_SURFACE(((1.,0.707107288887751,1.),(0.707106781186542,
0.50000035899896,0.707106781186542),(1.,0.707107288887751,1.)))
REPRESENTATION_ITEM('')
SURFACE()
);
#21=(
BOUNDED_SURFACE()
B_SPLINE_SURFACE(2,2,((#6253,#6254,#6255),(#6256,#6257,#6258),(#6259,#6260,
#6261)),.UNSPECIFIED.,.F.,.F.,.F.)
B_SPLINE_SURFACE_WITH_KNOTS((3,3),(3,3),(-1.5707963267949,0.),(-1.57079489154121,
-2.14307404800625E-15),.UNSPECIFIED.)
GEOMETRIC_REPRESENTATION_ITEM()
RATIONAL_B_SPLINE_SURFACE(((1.,0.707107288625173,1.),(0.707106781186542,
0.500000358813289,0.707106781186542),(1.,0.707107288625173,1.)))
REPRESENTATION_ITEM('')
SURFACE()
);
#22=(
BOUNDED_SURFACE()
B_SPLINE_SURFACE(2,2,((#6265,#6266,#6267),(#6268,#6269,#6270),(#6271,#6272,
#6273)),.UNSPECIFIED.,.F.,.F.,.F.)
B_SPLINE_SURFACE_WITH_KNOTS((3,3),(3,3),(-1.5707963267949,0.),(2.09476042382104E-15,
1.57079489079853),.UNSPECIFIED.)
GEOMETRIC_REPRESENTATION_ITEM()
RATIONAL_B_SPLINE_SURFACE(((1.,0.70710728888775,1.),(0.707106781186548,
0.500000358998963,0.707106781186548),(1.,0.70710728888775,1.)))
REPRESENTATION_ITEM('')
SURFACE()
);
#23=B_SPLINE_CURVE_WITH_KNOTS('',3,(#5424,#5425,#5426,#5427,#5428),
 .UNSPECIFIED.,.F.,.F.,(4,1,4),(-0.332041221107168,-0.189737840632668,-1.96042465840898E-16),
 .UNSPECIFIED.);
#24=B_SPLINE_CURVE_WITH_KNOTS('',3,(#5430,#5431,#5432,#5433,#5434),
 .UNSPECIFIED.,.F.,.F.,(4,1,4),(1.96042465840898E-16,0.189737840632668,
0.282680070109486),.UNSPECIFIED.);
#25=B_SPLINE_CURVE_WITH_KNOTS('',3,(#5435,#5436,#5437,#5438),
 .UNSPECIFIED.,.F.,.F.,(4,4),(0.282680070109486,0.332041221107168),
 .UNSPECIFIED.);
#26=B_SPLINE_CURVE_WITH_KNOTS('',3,(#5472,#5473,#5474,#5475,#5476),
 .UNSPECIFIED.,.F.,.F.,(4,1,4),(-0.378043540878954,-0.162018660376695,0.),
 .UNSPECIFIED.);
#27=B_SPLINE_CURVE_WITH_KNOTS('',3,(#5477,#5478,#5479,#5480,#5481),
 .UNSPECIFIED.,.F.,.F.,(4,1,4),(0.,0.162018660376695,0.378043540878954),
 .UNSPECIFIED.);
#28=B_SPLINE_CURVE_WITH_KNOTS('',3,(#5518,#5519,#5520,#5521,#5522,#5523),
 .UNSPECIFIED.,.F.,.F.,(4,1,1,4),(-0.373997996024944,-0.160284855439262,
-0.0801424277196308,0.),.UNSPECIFIED.);
#29=B_SPLINE_CURVE_WITH_KNOTS('',3,(#5524,#5525,#5526,#5527,#5528,#5529),
 .UNSPECIFIED.,.F.,.F.,(4,1,1,4),(0.,0.0801424277196308,0.160284855439262,
0.373997996024944),.UNSPECIFIED.);
#30=B_SPLINE_CURVE_WITH_KNOTS('',3,(#5534,#5535,#5536,#5537,#5538,#5539,
#5540,#5541),.UNSPECIFIED.,.F.,.F.,(4,1,1,1,1,4),(-0.612164048271671,-0.437260034479765,
-0.349808027583812,-0.262356020687859,-0.174904013791906,-2.96774098359925E-16),
 .UNSPECIFIED.);
#31=B_SPLINE_CURVE_WITH_KNOTS('',3,(#5601,#5602,#5603,#5604,#5605),
 .UNSPECIFIED.,.F.,.F.,(4,1,4),(-0.368551967339963,-0.157950843145698,0.),
 .UNSPECIFIED.);
#32=B_SPLINE_CURVE_WITH_KNOTS('',3,(#5608,#5609,#5610,#5611,#5612),
 .UNSPECIFIED.,.F.,.F.,(4,1,4),(0.,0.157950843145698,0.368551967339963),
 .UNSPECIFIED.);
#33=B_SPLINE_CURVE_WITH_KNOTS('',3,(#5645,#5646,#5647,#5648,#5649),
 .UNSPECIFIED.,.F.,.F.,(4,1,4),(-0.341499449953455,-0.146356907122909,-5.56235521913669E-17),
 .UNSPECIFIED.);
#34=B_SPLINE_CURVE_WITH_KNOTS('',3,(#5651,#5652,#5653,#5654),
 .UNSPECIFIED.,.F.,.F.,(4,4),(5.56235521913669E-17,0.0588248433921689),
 .UNSPECIFIED.);
#35=B_SPLINE_CURVE_WITH_KNOTS('',3,(#5655,#5656,#5657,#5658,#5659),
 .UNSPECIFIED.,.F.,.F.,(4,1,4),(0.0588248433921689,0.146356907122909,0.341499449953455),
 .UNSPECIFIED.);
#36=B_SPLINE_CURVE_WITH_KNOTS('',3,(#5700,#5701,#5702,#5703,#5704,#5705),
 .UNSPECIFIED.,.F.,.F.,(4,1,1,4),(-0.362111639939435,-0.284516288523842,
-0.206920937108249,-3.18401740080615E-16),.UNSPECIFIED.);
#37=B_SPLINE_CURVE_WITH_KNOTS('',3,(#5706,#5707,#5708,#5709,#5710,#5711),
 .UNSPECIFIED.,.F.,.F.,(4,1,1,4),(3.18401740080615E-16,0.206920937108249,
0.284516288523842,0.362111639939435),.UNSPECIFIED.);
#38=B_SPLINE_CURVE_WITH_KNOTS('',3,(#5717,#5718,#5719,#5720,#5721,#5722,
#5723,#5724),.UNSPECIFIED.,.F.,.F.,(4,1,1,1,1,4),(-0.588582341032669,-0.420415957880478,
-0.336332766304383,-0.252249574728287,-0.168166383152191,0.),
 .UNSPECIFIED.);
#39=B_SPLINE_CURVE_WITH_KNOTS('',3,(#5795,#5796,#5797,#5798,#5799,#5800,
#5801,#5802),.UNSPECIFIED.,.F.,.F.,(4,1,1,1,1,4),(0.,0.168166383152191,
0.252249574728287,0.336332766304383,0.420415957880478,0.588582341032669),
 .UNSPECIFIED.);
#40=B_SPLINE_CURVE_WITH_KNOTS('',3,(#5863,#5864,#5865,#5866,#5867,#5868,
#5869,#5870),.UNSPECIFIED.,.F.,.F.,(4,1,1,1,1,4),(2.96774098359925E-16,
0.174904013791906,0.262356020687859,0.349808027583812,0.437260034479765,
0.612164048271671),.UNSPECIFIED.);
#41=B_SPLINE_CURVE_WITH_KNOTS('',3,(#5900,#5901,#5902,#5903,#5904,#5905,
#5906,#5907,#5908,#5909),.UNSPECIFIED.,.F.,.F.,(4,2,2,2,4),(0.985526968722911,
1.08488980765411,1.1842526465853,1.27004967435182,1.3128479458119),
 .UNSPECIFIED.);
#42=B_SPLINE_CURVE_WITH_KNOTS('',3,(#5913,#5914,#5915,#5916,#5917,#5918,
#5919,#5920,#5921,#5922),.UNSPECIFIED.,.F.,.F.,(4,2,2,2,4),(0.0466440619703352,
0.093098654288208,0.186197308576416,0.292223688125371,0.398250067674327),
 .UNSPECIFIED.);
#43=B_SPLINE_CURVE_WITH_KNOTS('',3,(#5943,#5944,#5945,#5946,#5947,#5948,
#5949,#5950,#5951,#5952),.UNSPECIFIED.,.F.,.F.,(4,2,2,2,4),(0.0429987563064465,
0.0857970277665349,0.17159405553307,0.270956894464287,0.370319733395505),
 .UNSPECIFIED.);
#44=B_SPLINE_CURVE_WITH_KNOTS('',3,(#5954,#5955,#5956,#5957,#5958,#5959,
#5960,#5961),.UNSPECIFIED.,.F.,.F.,(4,2,2,4),(1.11913353689865,1.18425264658543,
1.27004967435197,1.31284794581206),.UNSPECIFIED.);
#45=B_SPLINE_CURVE_WITH_KNOTS('',3,(#5963,#5964,#5965,#5966,#5967,#5968,
#5969,#5970),.UNSPECIFIED.,.F.,.F.,(4,2,2,4),(-0.206119866366974,-0.174819977949003,
-0.0879252491353806,-0.0611879093073907),.UNSPECIFIED.);
#46=B_SPLINE_CURVE_WITH_KNOTS('',3,(#5990,#5991,#5992,#5993,#5994,#5995,
#5996,#5997,#5998,#5999,#6000,#6001,#6002,#6003,#6004,#6005,#6006,#6007),
 .UNSPECIFIED.,.F.,.F.,(4,2,2,2,2,2,2,2,4),(-0.0328119346510523,-0.0243729199528294,
-0.0199901878669216,-0.0177378736121278,-0.0160177357287461,-0.014157582426129,
-0.011210073168181,-0.00448323030703014,-1.55561380381364E-7),
 .UNSPECIFIED.);
#47=B_SPLINE_CURVE_WITH_KNOTS('',3,(#6010,#6011,#6012,#6013,#6014,#6015,
#6016,#6017,#6018,#6019,#6020,#6021),.UNSPECIFIED.,.F.,.F.,(4,2,2,2,2,4),
(0.0443366663140916,0.0443427870433296,0.0886855740866591,0.177371148173318,
0.279877763539028,0.382384378904739),.UNSPECIFIED.);
#48=B_SPLINE_CURVE_WITH_KNOTS('',3,(#6023,#6024,#6025,#6026,#6027,#6028,
#6029,#6030,#6031,#6032),.UNSPECIFIED.,.F.,.F.,(4,2,2,2,4),(1.01747084481041,
1.12349722435934,1.22952360390827,1.32262225819644,1.36907685051429),
 .UNSPECIFIED.);
#49=B_SPLINE_CURVE_WITH_KNOTS('',3,(#6046,#6047,#6048,#6049,#6050,#6051,
#6052,#6053),.UNSPECIFIED.,.F.,.F.,(4,2,2,4),(-0.287871410502236,-0.261882477020415,
-0.13031945764696,-0.100600013222936),.UNSPECIFIED.);
#50=B_SPLINE_CURVE_WITH_KNOTS('',3,(#6054,#6055,#6056,#6057,#6058,#6059,
#6060,#6061,#6062,#6063),.UNSPECIFIED.,.F.,.F.,(4,2,2,2,4),(0.0443233834836187,
0.0443290920663792,0.0886581841327583,0.177316368265517,0.259504370406264),
 .UNSPECIFIED.);
#51=B_SPLINE_CURVE_WITH_KNOTS('',3,(#6065,#6066,#6067,#6068,#6069,#6070,
#6071,#6072,#6073,#6074,#6075,#6076),.UNSPECIFIED.,.F.,.F.,(4,2,2,2,2,4),
(0.999414843875157,1.1018953987046,1.20437595353404,1.2930341376668,1.33736322973318,
1.33736893831594),.UNSPECIFIED.);
#52=B_SPLINE_SURFACE_WITH_KNOTS('',3,3,((#5391,#5392,#5393,#5394,#5395),
(#5396,#5397,#5398,#5399,#5400),(#5401,#5402,#5403,#5404,#5405),(#5406,
#5407,#5408,#5409,#5410),(#5411,#5412,#5413,#5414,#5415),(#5416,#5417,#5418,
#5419,#5420)),.UNSPECIFIED.,.F.,.F.,.F.,(4,1,1,4),(4,1,4),(0.,0.285714285714286,
0.571428571428571,1.),(1.96042465840898E-16,0.189737840632668,0.332041221107168),
 .UNSPECIFIED.);
#53=B_SPLINE_SURFACE_WITH_KNOTS('',3,3,((#5439,#5440,#5441,#5442,#5443),
(#5444,#5445,#5446,#5447,#5448),(#5449,#5450,#5451,#5452,#5453),(#5454,
#5455,#5456,#5457,#5458),(#5459,#5460,#5461,#5462,#5463),(#5464,#5465,#5466,
#5467,#5468)),.UNSPECIFIED.,.F.,.F.,.F.,(4,1,1,4),(4,1,4),(0.,0.285714285714286,
0.571428571428571,1.),(0.,0.162018660376695,0.378043540878954),
 .UNSPECIFIED.);
#54=B_SPLINE_SURFACE_WITH_KNOTS('',3,3,((#5482,#5483,#5484,#5485,#5486,
#5487),(#5488,#5489,#5490,#5491,#5492,#5493),(#5494,#5495,#5496,#5497,#5498,
#5499),(#5500,#5501,#5502,#5503,#5504,#5505),(#5506,#5507,#5508,#5509,#5510,
#5511),(#5512,#5513,#5514,#5515,#5516,#5517)),.UNSPECIFIED.,.F.,.F.,.F.,
(4,1,1,4),(4,1,1,4),(0.,0.285714285714286,0.571428571428571,1.),(0.,0.0801424277196308,
0.160284855439262,0.373997996024944),.UNSPECIFIED.);
#55=B_SPLINE_SURFACE_WITH_KNOTS('',3,3,((#5567,#5568,#5569,#5570,#5571),
(#5572,#5573,#5574,#5575,#5576),(#5577,#5578,#5579,#5580,#5581),(#5582,
#5583,#5584,#5585,#5586),(#5587,#5588,#5589,#5590,#5591),(#5592,#5593,#5594,
#5595,#5596)),.UNSPECIFIED.,.F.,.F.,.F.,(4,1,1,4),(4,1,4),(0.,0.285714285714286,
0.571428571428571,1.),(0.,0.157950843145698,0.368551967339963),
 .UNSPECIFIED.);
#56=B_SPLINE_SURFACE_WITH_KNOTS('',3,3,((#5613,#5614,#5615,#5616,#5617),
(#5618,#5619,#5620,#5621,#5622),(#5623,#5624,#5625,#5626,#5627),(#5628,
#5629,#5630,#5631,#5632),(#5633,#5634,#5635,#5636,#5637),(#5638,#5639,#5640,
#5641,#5642)),.UNSPECIFIED.,.F.,.F.,.F.,(4,1,1,4),(4,1,4),(0.,0.285714285714286,
0.571428571428571,1.),(5.56235521913669E-17,0.146356907122909,0.341499449953455),
 .UNSPECIFIED.);
#57=B_SPLINE_SURFACE_WITH_KNOTS('',3,3,((#5664,#5665,#5666,#5667,#5668,
#5669),(#5670,#5671,#5672,#5673,#5674,#5675),(#5676,#5677,#5678,#5679,#5680,
#5681),(#5682,#5683,#5684,#5685,#5686,#5687),(#5688,#5689,#5690,#5691,#5692,
#5693),(#5694,#5695,#5696,#5697,#5698,#5699)),.UNSPECIFIED.,.F.,.F.,.F.,
(4,1,1,4),(4,1,1,4),(0.,0.285714285714286,0.571428571428571,1.),(3.18401740080615E-16,
0.206920937108249,0.284516288523842,0.362111639939435),.UNSPECIFIED.);
#58=B_SPLINE_SURFACE_WITH_KNOTS('',3,3,((#5747,#5748,#5749,#5750,#5751,
#5752,#5753,#5754),(#5755,#5756,#5757,#5758,#5759,#5760,#5761,#5762),(#5763,
#5764,#5765,#5766,#5767,#5768,#5769,#5770),(#5771,#5772,#5773,#5774,#5775,
#5776,#5777,#5778),(#5779,#5780,#5781,#5782,#5783,#5784,#5785,#5786),(#5787,
#5788,#5789,#5790,#5791,#5792,#5793,#5794)),.UNSPECIFIED.,.F.,.F.,.F.,(4,
1,1,4),(4,1,1,1,1,4),(0.,0.285714285714286,0.571428571428571,1.),(0.,0.168166383152191,
0.252249574728287,0.336332766304383,0.420415957880478,0.588582341032669),
 .UNSPECIFIED.);
#59=B_SPLINE_SURFACE_WITH_KNOTS('',3,3,((#5815,#5816,#5817,#5818,#5819,
#5820,#5821,#5822),(#5823,#5824,#5825,#5826,#5827,#5828,#5829,#5830),(#5831,
#5832,#5833,#5834,#5835,#5836,#5837,#5838),(#5839,#5840,#5841,#5842,#5843,
#5844,#5845,#5846),(#5847,#5848,#5849,#5850,#5851,#5852,#5853,#5854),(#5855,
#5856,#5857,#5858,#5859,#5860,#5861,#5862)),.UNSPECIFIED.,.F.,.F.,.F.,(4,
1,1,4),(4,1,1,1,1,4),(0.,0.285714285714286,0.571428571428571,1.),(2.96774098359925E-16,
0.174904013791906,0.262356020687859,0.349808027583812,0.437260034479765,
0.612164048271671),.UNSPECIFIED.);
#60=TOROIDAL_SURFACE('',#3612,3.15,0.8);
#61=TOROIDAL_SURFACE('',#3633,3.15,0.8);
#62=TOROIDAL_SURFACE('',#3642,3.15,0.8);
#63=TOROIDAL_SURFACE('',#3649,3.15,0.8);
#64=FACE_BOUND('',#594,.T.);
#65=FACE_BOUND('',#595,.T.);
#66=FACE_BOUND('',#610,.T.);
#67=FACE_BOUND('',#611,.T.);
#68=FACE_BOUND('',#612,.T.);
#69=FACE_BOUND('',#613,.T.);
#70=FACE_BOUND('',#614,.T.);
#71=FACE_BOUND('',#630,.T.);
#72=FACE_BOUND('',#632,.T.);
#73=FACE_BOUND('',#634,.T.);
#74=FACE_BOUND('',#636,.T.);
#75=FACE_BOUND('',#641,.T.);
#76=FACE_BOUND('',#643,.T.);
#77=FACE_BOUND('',#647,.T.);
#78=FACE_BOUND('',#652,.T.);
#79=FACE_BOUND('',#668,.T.);
#80=FACE_BOUND('',#669,.T.);
#81=FACE_BOUND('',#670,.T.);
#82=FACE_BOUND('',#671,.T.);
#83=FACE_BOUND('',#672,.T.);
#84=FACE_BOUND('',#674,.T.);
#85=FACE_BOUND('',#676,.T.);
#86=CIRCLE('',#3431,1.5);
#87=CIRCLE('',#3432,1.5);
#88=CIRCLE('',#3435,1.5);
#89=CIRCLE('',#3436,1.5);
#90=CIRCLE('',#3439,1.5);
#91=CIRCLE('',#3440,1.5);
#92=CIRCLE('',#3443,1.5);
#93=CIRCLE('',#3444,1.5);
#94=CIRCLE('',#3447,1.5);
#95=CIRCLE('',#3448,1.5);
#96=CIRCLE('',#3451,1.5);
#97=CIRCLE('',#3452,1.5);
#98=CIRCLE('',#3455,1.49999999999999);
#99=CIRCLE('',#3456,1.49999999999999);
#100=CIRCLE('',#3459,1.49999999999999);
#101=CIRCLE('',#3460,1.49999999999999);
#102=CIRCLE('',#3463,1.5);
#103=CIRCLE('',#3464,1.5);
#104=CIRCLE('',#3467,1.5);
#105=CIRCLE('',#3468,1.5);
#106=CIRCLE('',#3476,4.09999999999999);
#107=CIRCLE('',#3477,4.09999999999999);
#108=CIRCLE('',#3481,3.30000000000545);
#109=CIRCLE('',#3488,4.1312216483345);
#110=CIRCLE('',#3489,4.1312216483345);
#111=CIRCLE('',#3492,4.13122164831528);
#112=CIRCLE('',#3493,4.13122164831528);
#113=CIRCLE('',#3496,3.29999999999999);
#114=CIRCLE('',#3497,3.30000000000002);
#115=CIRCLE('',#3506,4.13122164833154);
#116=CIRCLE('',#3507,4.13122164833154);
#117=CIRCLE('',#3511,3.29999999999999);
#118=CIRCLE('',#3513,1.4);
#119=CIRCLE('',#3514,1.4);
#120=CIRCLE('',#3515,1.4);
#121=CIRCLE('',#3516,1.4);
#122=CIRCLE('',#3518,1.4);
#123=CIRCLE('',#3521,1.4);
#124=CIRCLE('',#3524,1.4);
#125=CIRCLE('',#3525,1.4);
#126=CIRCLE('',#3526,1.4);
#127=CIRCLE('',#3527,1.4);
#128=CIRCLE('',#3529,1.4);
#129=CIRCLE('',#3532,1.4);
#130=CIRCLE('',#3535,1.);
#131=CIRCLE('',#3536,1.);
#132=CIRCLE('',#3537,1.00000000000013);
#133=CIRCLE('',#3538,1.00000000000009);
#134=CIRCLE('',#3540,1.00000000000013);
#135=CIRCLE('',#3543,1.);
#136=CIRCLE('',#3547,1.4);
#137=CIRCLE('',#3550,1.4);
#138=CIRCLE('',#3553,1.00000000000009);
#139=CIRCLE('',#3556,1.);
#140=CIRCLE('',#3559,1.4);
#141=CIRCLE('',#3562,1.4);
#142=CIRCLE('',#3564,5.30000000000546);
#143=CIRCLE('',#3566,5.30000000000002);
#144=CIRCLE('',#3567,5.3);
#145=CIRCLE('',#3568,5.3);
#146=CIRCLE('',#3571,5.30000000000546);
#147=CIRCLE('',#3573,3.15);
#148=CIRCLE('',#3574,3.15);
#149=CIRCLE('',#3576,1.);
#150=CIRCLE('',#3577,1.);
#151=CIRCLE('',#3580,3.3);
#152=CIRCLE('',#3582,1.28);
#153=CIRCLE('',#3583,1.28);
#154=CIRCLE('',#3585,0.800000000000001);
#155=CIRCLE('',#3586,0.800000000000005);
#156=CIRCLE('',#3587,0.799999999999998);
#157=CIRCLE('',#3588,0.800000000000003);
#158=CIRCLE('',#3590,0.999999999999919);
#159=CIRCLE('',#3591,0.6);
#160=CIRCLE('',#3592,0.999999999999811);
#161=CIRCLE('',#3593,1.00000000000037);
#162=CIRCLE('',#3594,0.6);
#163=CIRCLE('',#3595,1.28);
#164=CIRCLE('',#3596,1.28);
#165=CIRCLE('',#3597,1.28);
#166=CIRCLE('',#3599,5.3);
#167=CIRCLE('',#3602,5.3);
#168=CIRCLE('',#3606,4.);
#169=CIRCLE('',#3607,2.);
#170=CIRCLE('',#3609,4.);
#171=CIRCLE('',#3610,2.);
#172=CIRCLE('',#3613,0.8);
#173=CIRCLE('',#3614,2.35);
#174=CIRCLE('',#3615,0.8);
#175=CIRCLE('',#3616,3.15);
#176=CIRCLE('',#3617,0.799999999999999);
#177=CIRCLE('',#3618,0.799999999999999);
#178=CIRCLE('',#3620,4.);
#179=CIRCLE('',#3621,4.);
#180=CIRCLE('',#3623,3.15);
#181=CIRCLE('',#3624,3.15);
#182=CIRCLE('',#3625,1.30000000000002);
#183=CIRCLE('',#3626,1.30000000000546);
#184=CIRCLE('',#3627,3.15);
#185=CIRCLE('',#3629,2.35);
#186=CIRCLE('',#3630,0.8);
#187=CIRCLE('',#3631,0.8);
#188=CIRCLE('',#3632,0.799999999999998);
#189=CIRCLE('',#3634,0.800000000000001);
#190=CIRCLE('',#3635,2.35);
#191=CIRCLE('',#3637,4.);
#192=CIRCLE('',#3638,4.);
#193=CIRCLE('',#3639,4.);
#194=CIRCLE('',#3641,2.35);
#195=CIRCLE('',#3643,0.8);
#196=CIRCLE('',#3644,2.35);
#197=CIRCLE('',#3645,2.35);
#198=CIRCLE('',#3646,0.799999999999997);
#199=CIRCLE('',#3648,2.35);
#200=CIRCLE('',#3650,0.8);
#201=CIRCLE('',#3651,2.35);
#202=CIRCLE('',#3652,2.35);
#203=CIRCLE('',#3653,0.800000000000002);
#204=CIRCLE('',#3655,2.35);
#205=CIRCLE('',#3657,1.5);
#206=CIRCLE('',#3659,1.5);
#207=CIRCLE('',#3661,1.5);
#208=CIRCLE('',#3663,1.5);
#209=CIRCLE('',#3664,4.);
#210=CIRCLE('',#3666,4.15);
#211=CIRCLE('',#3667,4.15);
#212=CIRCLE('',#3669,1.5);
#213=CIRCLE('',#3671,3.25959179422654);
#214=CIRCLE('',#3673,4.15);
#215=CIRCLE('',#3674,1.5);
#216=CIRCLE('',#3676,4.15);
#217=CIRCLE('',#3679,3.25959179422654);
#218=CIRCLE('',#3680,4.15);
#219=CIRCLE('',#3681,3.25959179422654);
#220=CIRCLE('',#3682,4.15);
#221=CIRCLE('',#3683,1.5);
#222=CIRCLE('',#3686,4.15);
#223=CIRCLE('',#3689,4.15);
#224=CIRCLE('',#3690,1.5);
#225=CIRCLE('',#3692,4.15);
#226=CIRCLE('',#3695,0.999999999999919);
#227=CIRCLE('',#3698,1.28);
#228=CIRCLE('',#3699,1.28);
#229=CIRCLE('',#3700,1.28);
#230=CIRCLE('',#3701,0.6);
#231=CIRCLE('',#3702,1.00000000000037);
#232=CIRCLE('',#3703,0.999999999999811);
#233=CIRCLE('',#3704,0.6);
#234=CIRCLE('',#3706,0.800000000000003);
#235=CIRCLE('',#3707,0.799999999999998);
#236=CIRCLE('',#3708,0.800000000000005);
#237=CIRCLE('',#3709,0.800000000000001);
#238=CIRCLE('',#3711,2.);
#239=CIRCLE('',#3712,2.);
#240=CIRCLE('',#3714,2.);
#241=CIRCLE('',#3716,3.3);
#242=CIRCLE('',#3717,2.);
#243=CIRCLE('',#3718,2.);
#244=CIRCLE('',#3722,2.);
#245=CIRCLE('',#3724,1.30000000000546);
#246=CIRCLE('',#3725,1.30000000000002);
#247=CIRCLE('',#3750,3.30000000000546);
#248=CIRCLE('',#3751,2.);
#249=CIRCLE('',#3753,2.);
#250=CIRCLE('',#3754,3.30000000000002);
#251=CIRCLE('',#3757,4.);
#252=CIRCLE('',#3759,4.);
#253=CIRCLE('',#3760,5.30000000000002);
#254=CYLINDRICAL_SURFACE('',#3430,1.5);
#255=CYLINDRICAL_SURFACE('',#3434,1.5);
#256=CYLINDRICAL_SURFACE('',#3438,1.5);
#257=CYLINDRICAL_SURFACE('',#3442,1.5);
#258=CYLINDRICAL_SURFACE('',#3446,1.5);
#259=CYLINDRICAL_SURFACE('',#3450,1.5);
#260=CYLINDRICAL_SURFACE('',#3454,1.49999999999999);
#261=CYLINDRICAL_SURFACE('',#3458,1.49999999999999);
#262=CYLINDRICAL_SURFACE('',#3462,1.5);
#263=CYLINDRICAL_SURFACE('',#3466,1.5);
#264=CYLINDRICAL_SURFACE('',#3475,4.09999999999999);
#265=CYLINDRICAL_SURFACE('',#3487,4.1312216483345);
#266=CYLINDRICAL_SURFACE('',#3491,4.13122164831528);
#267=CYLINDRICAL_SURFACE('',#3505,4.13122164833154);
#268=CYLINDRICAL_SURFACE('',#3517,1.4);
#269=CYLINDRICAL_SURFACE('',#3520,1.4);
#270=CYLINDRICAL_SURFACE('',#3528,1.4);
#271=CYLINDRICAL_SURFACE('',#3531,1.4);
#272=CYLINDRICAL_SURFACE('',#3539,1.00000000000013);
#273=CYLINDRICAL_SURFACE('',#3542,1.);
#274=CYLINDRICAL_SURFACE('',#3546,1.4);
#275=CYLINDRICAL_SURFACE('',#3549,1.4);
#276=CYLINDRICAL_SURFACE('',#3552,1.00000000000009);
#277=CYLINDRICAL_SURFACE('',#3555,1.);
#278=CYLINDRICAL_SURFACE('',#3558,1.4);
#279=CYLINDRICAL_SURFACE('',#3561,1.4);
#280=CYLINDRICAL_SURFACE('',#3570,5.30000000000546);
#281=CYLINDRICAL_SURFACE('',#3572,3.15);
#282=CYLINDRICAL_SURFACE('',#3575,1.);
#283=CYLINDRICAL_SURFACE('',#3579,3.3);
#284=CYLINDRICAL_SURFACE('',#3581,1.28);
#285=CYLINDRICAL_SURFACE('',#3598,5.3);
#286=CYLINDRICAL_SURFACE('',#3601,5.3);
#287=CYLINDRICAL_SURFACE('',#3619,4.);
#288=CYLINDRICAL_SURFACE('',#3628,2.35);
#289=CYLINDRICAL_SURFACE('',#3636,4.);
#290=CYLINDRICAL_SURFACE('',#3640,2.35);
#291=CYLINDRICAL_SURFACE('',#3647,2.35);
#292=CYLINDRICAL_SURFACE('',#3654,2.35);
#293=CYLINDRICAL_SURFACE('',#3665,4.15);
#294=CYLINDRICAL_SURFACE('',#3668,1.5);
#295=CYLINDRICAL_SURFACE('',#3675,4.15);
#296=CYLINDRICAL_SURFACE('',#3677,1.5);
#297=CYLINDRICAL_SURFACE('',#3684,4.15);
#298=CYLINDRICAL_SURFACE('',#3685,4.15);
#299=CYLINDRICAL_SURFACE('',#3687,1.5);
#300=CYLINDRICAL_SURFACE('',#3691,4.15);
#301=CYLINDRICAL_SURFACE('',#3693,1.5);
#302=CYLINDRICAL_SURFACE('',#3694,0.999999999999919);
#303=CYLINDRICAL_SURFACE('',#3713,2.);
#304=CYLINDRICAL_SURFACE('',#3715,3.3);
#305=CYLINDRICAL_SURFACE('',#3719,2.);
#306=CYLINDRICAL_SURFACE('',#3721,2.);
#307=CYLINDRICAL_SURFACE('',#3727,4.);
#308=CYLINDRICAL_SURFACE('',#3728,0.800000000000001);
#309=CYLINDRICAL_SURFACE('',#3730,0.800000000000005);
#310=CYLINDRICAL_SURFACE('',#3732,0.799999999999998);
#311=CYLINDRICAL_SURFACE('',#3734,0.800000000000003);
#312=CYLINDRICAL_SURFACE('',#3736,1.28);
#313=CYLINDRICAL_SURFACE('',#3738,1.28);
#314=CYLINDRICAL_SURFACE('',#3740,1.28);
#315=CYLINDRICAL_SURFACE('',#3742,0.6);
#316=CYLINDRICAL_SURFACE('',#3744,1.00000000000037);
#317=CYLINDRICAL_SURFACE('',#3746,0.999999999999811);
#318=CYLINDRICAL_SURFACE('',#3748,0.6);
#319=CYLINDRICAL_SURFACE('',#3752,2.);
#320=CYLINDRICAL_SURFACE('',#3755,3.30000000000002);
#321=CYLINDRICAL_SURFACE('',#3756,3.30000000000546);
#322=CYLINDRICAL_SURFACE('',#3758,4.);
#323=CYLINDRICAL_SURFACE('',#3761,5.30000000000002);
#324=FACE_OUTER_BOUND('',#505,.T.);
#325=FACE_OUTER_BOUND('',#506,.T.);
#326=FACE_OUTER_BOUND('',#507,.T.);
#327=FACE_OUTER_BOUND('',#508,.T.);
#328=FACE_OUTER_BOUND('',#509,.T.);
#329=FACE_OUTER_BOUND('',#510,.T.);
#330=FACE_OUTER_BOUND('',#511,.T.);
#331=FACE_OUTER_BOUND('',#512,.T.);
#332=FACE_OUTER_BOUND('',#513,.T.);
#333=FACE_OUTER_BOUND('',#514,.T.);
#334=FACE_OUTER_BOUND('',#515,.T.);
#335=FACE_OUTER_BOUND('',#516,.T.);
#336=FACE_OUTER_BOUND('',#517,.T.);
#337=FACE_OUTER_BOUND('',#518,.T.);
#338=FACE_OUTER_BOUND('',#519,.T.);
#339=FACE_OUTER_BOUND('',#520,.T.);
#340=FACE_OUTER_BOUND('',#521,.T.);
#341=FACE_OUTER_BOUND('',#522,.T.);
#342=FACE_OUTER_BOUND('',#523,.T.);
#343=FACE_OUTER_BOUND('',#524,.T.);
#344=FACE_OUTER_BOUND('',#525,.T.);
#345=FACE_OUTER_BOUND('',#526,.T.);
#346=FACE_OUTER_BOUND('',#527,.T.);
#347=FACE_OUTER_BOUND('',#528,.T.);
#348=FACE_OUTER_BOUND('',#529,.T.);
#349=FACE_OUTER_BOUND('',#530,.T.);
#350=FACE_OUTER_BOUND('',#531,.T.);
#351=FACE_OUTER_BOUND('',#532,.T.);
#352=FACE_OUTER_BOUND('',#533,.T.);
#353=FACE_OUTER_BOUND('',#534,.T.);
#354=FACE_OUTER_BOUND('',#535,.T.);
#355=FACE_OUTER_BOUND('',#536,.T.);
#356=FACE_OUTER_BOUND('',#537,.T.);
#357=FACE_OUTER_BOUND('',#538,.T.);
#358=FACE_OUTER_BOUND('',#539,.T.);
#359=FACE_OUTER_BOUND('',#540,.T.);
#360=FACE_OUTER_BOUND('',#541,.T.);
#361=FACE_OUTER_BOUND('',#542,.T.);
#362=FACE_OUTER_BOUND('',#543,.T.);
#363=FACE_OUTER_BOUND('',#544,.T.);
#364=FACE_OUTER_BOUND('',#545,.T.);
#365=FACE_OUTER_BOUND('',#546,.T.);
#366=FACE_OUTER_BOUND('',#547,.T.);
#367=FACE_OUTER_BOUND('',#548,.T.);
#368=FACE_OUTER_BOUND('',#549,.T.);
#369=FACE_OUTER_BOUND('',#550,.T.);
#370=FACE_OUTER_BOUND('',#551,.T.);
#371=FACE_OUTER_BOUND('',#552,.T.);
#372=FACE_OUTER_BOUND('',#553,.T.);
#373=FACE_OUTER_BOUND('',#554,.T.);
#374=FACE_OUTER_BOUND('',#555,.T.);
#375=FACE_OUTER_BOUND('',#556,.T.);
#376=FACE_OUTER_BOUND('',#557,.T.);
#377=FACE_OUTER_BOUND('',#558,.T.);
#378=FACE_OUTER_BOUND('',#559,.T.);
#379=FACE_OUTER_BOUND('',#560,.T.);
#380=FACE_OUTER_BOUND('',#561,.T.);
#381=FACE_OUTER_BOUND('',#562,.T.);
#382=FACE_OUTER_BOUND('',#563,.T.);
#383=FACE_OUTER_BOUND('',#564,.T.);
#384=FACE_OUTER_BOUND('',#565,.T.);
#385=FACE_OUTER_BOUND('',#566,.T.);
#386=FACE_OUTER_BOUND('',#567,.T.);
#387=FACE_OUTER_BOUND('',#568,.T.);
#388=FACE_OUTER_BOUND('',#569,.T.);
#389=FACE_OUTER_BOUND('',#570,.T.);
#390=FACE_OUTER_BOUND('',#571,.T.);
#391=FACE_OUTER_BOUND('',#572,.T.);
#392=FACE_OUTER_BOUND('',#573,.T.);
#393=FACE_OUTER_BOUND('',#574,.T.);
#394=FACE_OUTER_BOUND('',#575,.T.);
#395=FACE_OUTER_BOUND('',#576,.T.);
#396=FACE_OUTER_BOUND('',#577,.T.);
#397=FACE_OUTER_BOUND('',#578,.T.);
#398=FACE_OUTER_BOUND('',#579,.T.);
#399=FACE_OUTER_BOUND('',#580,.T.);
#400=FACE_OUTER_BOUND('',#581,.T.);
#401=FACE_OUTER_BOUND('',#582,.T.);
#402=FACE_OUTER_BOUND('',#583,.T.);
#403=FACE_OUTER_BOUND('',#584,.T.);
#404=FACE_OUTER_BOUND('',#585,.T.);
#405=FACE_OUTER_BOUND('',#586,.T.);
#406=FACE_OUTER_BOUND('',#587,.T.);
#407=FACE_OUTER_BOUND('',#588,.T.);
#408=FACE_OUTER_BOUND('',#589,.T.);
#409=FACE_OUTER_BOUND('',#590,.T.);
#410=FACE_OUTER_BOUND('',#591,.T.);
#411=FACE_OUTER_BOUND('',#592,.T.);
#412=FACE_OUTER_BOUND('',#593,.T.);
#413=FACE_OUTER_BOUND('',#596,.T.);
#414=FACE_OUTER_BOUND('',#597,.T.);
#415=FACE_OUTER_BOUND('',#598,.T.);
#416=FACE_OUTER_BOUND('',#599,.T.);
#417=FACE_OUTER_BOUND('',#600,.T.);
#418=FACE_OUTER_BOUND('',#601,.T.);
#419=FACE_OUTER_BOUND('',#602,.T.);
#420=FACE_OUTER_BOUND('',#603,.T.);
#421=FACE_OUTER_BOUND('',#604,.T.);
#422=FACE_OUTER_BOUND('',#605,.T.);
#423=FACE_OUTER_BOUND('',#606,.T.);
#424=FACE_OUTER_BOUND('',#607,.T.);
#425=FACE_OUTER_BOUND('',#608,.T.);
#426=FACE_OUTER_BOUND('',#609,.T.);
#427=FACE_OUTER_BOUND('',#615,.T.);
#428=FACE_OUTER_BOUND('',#616,.T.);
#429=FACE_OUTER_BOUND('',#617,.T.);
#430=FACE_OUTER_BOUND('',#618,.T.);
#431=FACE_OUTER_BOUND('',#619,.T.);
#432=FACE_OUTER_BOUND('',#620,.T.);
#433=FACE_OUTER_BOUND('',#621,.T.);
#434=FACE_OUTER_BOUND('',#622,.T.);
#435=FACE_OUTER_BOUND('',#623,.T.);
#436=FACE_OUTER_BOUND('',#624,.T.);
#437=FACE_OUTER_BOUND('',#625,.T.);
#438=FACE_OUTER_BOUND('',#626,.T.);
#439=FACE_OUTER_BOUND('',#627,.T.);
#440=FACE_OUTER_BOUND('',#628,.T.);
#441=FACE_OUTER_BOUND('',#629,.T.);
#442=FACE_OUTER_BOUND('',#631,.T.);
#443=FACE_OUTER_BOUND('',#633,.T.);
#444=FACE_OUTER_BOUND('',#635,.T.);
#445=FACE_OUTER_BOUND('',#637,.T.);
#446=FACE_OUTER_BOUND('',#638,.T.);
#447=FACE_OUTER_BOUND('',#639,.T.);
#448=FACE_OUTER_BOUND('',#640,.T.);
#449=FACE_OUTER_BOUND('',#642,.T.);
#450=FACE_OUTER_BOUND('',#644,.T.);
#451=FACE_OUTER_BOUND('',#645,.T.);
#452=FACE_OUTER_BOUND('',#646,.T.);
#453=FACE_OUTER_BOUND('',#648,.T.);
#454=FACE_OUTER_BOUND('',#649,.T.);
#455=FACE_OUTER_BOUND('',#650,.T.);
#456=FACE_OUTER_BOUND('',#651,.T.);
#457=FACE_OUTER_BOUND('',#653,.T.);
#458=FACE_OUTER_BOUND('',#654,.T.);
#459=FACE_OUTER_BOUND('',#655,.T.);
#460=FACE_OUTER_BOUND('',#656,.T.);
#461=FACE_OUTER_BOUND('',#657,.T.);
#462=FACE_OUTER_BOUND('',#658,.T.);
#463=FACE_OUTER_BOUND('',#659,.T.);
#464=FACE_OUTER_BOUND('',#660,.T.);
#465=FACE_OUTER_BOUND('',#661,.T.);
#466=FACE_OUTER_BOUND('',#662,.T.);
#467=FACE_OUTER_BOUND('',#663,.T.);
#468=FACE_OUTER_BOUND('',#664,.T.);
#469=FACE_OUTER_BOUND('',#665,.T.);
#470=FACE_OUTER_BOUND('',#666,.T.);
#471=FACE_OUTER_BOUND('',#667,.T.);
#472=FACE_OUTER_BOUND('',#673,.T.);
#473=FACE_OUTER_BOUND('',#675,.T.);
#474=FACE_OUTER_BOUND('',#677,.T.);
#475=FACE_OUTER_BOUND('',#678,.T.);
#476=FACE_OUTER_BOUND('',#679,.T.);
#477=FACE_OUTER_BOUND('',#680,.T.);
#478=FACE_OUTER_BOUND('',#681,.T.);
#479=FACE_OUTER_BOUND('',#682,.T.);
#480=FACE_OUTER_BOUND('',#683,.T.);
#481=FACE_OUTER_BOUND('',#684,.T.);
#482=FACE_OUTER_BOUND('',#685,.T.);
#483=FACE_OUTER_BOUND('',#686,.T.);
#484=FACE_OUTER_BOUND('',#687,.T.);
#485=FACE_OUTER_BOUND('',#688,.T.);
#486=FACE_OUTER_BOUND('',#689,.T.);
#487=FACE_OUTER_BOUND('',#690,.T.);
#488=FACE_OUTER_BOUND('',#691,.T.);
#489=FACE_OUTER_BOUND('',#692,.T.);
#490=FACE_OUTER_BOUND('',#693,.T.);
#491=FACE_OUTER_BOUND('',#694,.T.);
#492=FACE_OUTER_BOUND('',#695,.T.);
#493=FACE_OUTER_BOUND('',#696,.T.);
#494=FACE_OUTER_BOUND('',#697,.T.);
#495=FACE_OUTER_BOUND('',#698,.T.);
#496=FACE_OUTER_BOUND('',#699,.T.);
#497=FACE_OUTER_BOUND('',#700,.T.);
#498=FACE_OUTER_BOUND('',#701,.T.);
#499=FACE_OUTER_BOUND('',#702,.T.);
#500=FACE_OUTER_BOUND('',#703,.T.);
#501=FACE_OUTER_BOUND('',#704,.T.);
#502=FACE_OUTER_BOUND('',#705,.T.);
#503=FACE_OUTER_BOUND('',#706,.T.);
#504=FACE_OUTER_BOUND('',#707,.T.);
#505=EDGE_LOOP('',(#2141,#2142,#2143,#2144));
#506=EDGE_LOOP('',(#2145,#2146,#2147,#2148));
#507=EDGE_LOOP('',(#2149,#2150,#2151,#2152));
#508=EDGE_LOOP('',(#2153,#2154,#2155,#2156));
#509=EDGE_LOOP('',(#2157,#2158,#2159,#2160));
#510=EDGE_LOOP('',(#2161,#2162,#2163,#2164));
#511=EDGE_LOOP('',(#2165,#2166,#2167,#2168));
#512=EDGE_LOOP('',(#2169,#2170,#2171,#2172));
#513=EDGE_LOOP('',(#2173,#2174,#2175,#2176));
#514=EDGE_LOOP('',(#2177,#2178,#2179,#2180));
#515=EDGE_LOOP('',(#2181,#2182,#2183,#2184));
#516=EDGE_LOOP('',(#2185,#2186,#2187,#2188));
#517=EDGE_LOOP('',(#2189,#2190,#2191,#2192));
#518=EDGE_LOOP('',(#2193,#2194,#2195,#2196));
#519=EDGE_LOOP('',(#2197,#2198,#2199,#2200));
#520=EDGE_LOOP('',(#2201,#2202,#2203,#2204));
#521=EDGE_LOOP('',(#2205,#2206,#2207,#2208));
#522=EDGE_LOOP('',(#2209,#2210,#2211,#2212));
#523=EDGE_LOOP('',(#2213,#2214,#2215,#2216));
#524=EDGE_LOOP('',(#2217,#2218,#2219,#2220));
#525=EDGE_LOOP('',(#2221,#2222,#2223,#2224));
#526=EDGE_LOOP('',(#2225,#2226,#2227,#2228));
#527=EDGE_LOOP('',(#2229,#2230,#2231,#2232));
#528=EDGE_LOOP('',(#2233,#2234,#2235,#2236));
#529=EDGE_LOOP('',(#2237,#2238,#2239,#2240,#2241,#2242,#2243,#2244));
#530=EDGE_LOOP('',(#2245,#2246,#2247,#2248));
#531=EDGE_LOOP('',(#2249,#2250,#2251,#2252));
#532=EDGE_LOOP('',(#2253,#2254,#2255,#2256));
#533=EDGE_LOOP('',(#2257,#2258,#2259,#2260));
#534=EDGE_LOOP('',(#2261,#2262,#2263,#2264,#2265,#2266,#2267,#2268));
#535=EDGE_LOOP('',(#2269,#2270,#2271,#2272));
#536=EDGE_LOOP('',(#2273,#2274,#2275,#2276));
#537=EDGE_LOOP('',(#2277,#2278,#2279,#2280));
#538=EDGE_LOOP('',(#2281,#2282,#2283,#2284));
#539=EDGE_LOOP('',(#2285,#2286,#2287,#2288));
#540=EDGE_LOOP('',(#2289,#2290,#2291,#2292));
#541=EDGE_LOOP('',(#2293,#2294,#2295,#2296));
#542=EDGE_LOOP('',(#2297,#2298,#2299,#2300));
#543=EDGE_LOOP('',(#2301,#2302,#2303,#2304));
#544=EDGE_LOOP('',(#2305,#2306,#2307,#2308,#2309,#2310,#2311,#2312,#2313,
#2314,#2315,#2316));
#545=EDGE_LOOP('',(#2317,#2318,#2319,#2320));
#546=EDGE_LOOP('',(#2321,#2322,#2323,#2324));
#547=EDGE_LOOP('',(#2325,#2326,#2327,#2328));
#548=EDGE_LOOP('',(#2329,#2330,#2331,#2332));
#549=EDGE_LOOP('',(#2333,#2334,#2335,#2336,#2337,#2338,#2339,#2340));
#550=EDGE_LOOP('',(#2341,#2342,#2343,#2344));
#551=EDGE_LOOP('',(#2345,#2346,#2347,#2348));
#552=EDGE_LOOP('',(#2349,#2350,#2351,#2352));
#553=EDGE_LOOP('',(#2353,#2354,#2355,#2356));
#554=EDGE_LOOP('',(#2357,#2358,#2359,#2360));
#555=EDGE_LOOP('',(#2361,#2362,#2363,#2364,#2365,#2366,#2367,#2368));
#556=EDGE_LOOP('',(#2369,#2370,#2371,#2372,#2373,#2374,#2375,#2376));
#557=EDGE_LOOP('',(#2377,#2378,#2379,#2380));
#558=EDGE_LOOP('',(#2381,#2382,#2383,#2384));
#559=EDGE_LOOP('',(#2385,#2386,#2387,#2388));
#560=EDGE_LOOP('',(#2389,#2390,#2391,#2392));
#561=EDGE_LOOP('',(#2393,#2394,#2395,#2396,#2397,#2398,#2399,#2400));
#562=EDGE_LOOP('',(#2401,#2402,#2403,#2404));
#563=EDGE_LOOP('',(#2405,#2406,#2407,#2408));
#564=EDGE_LOOP('',(#2409,#2410,#2411,#2412));
#565=EDGE_LOOP('',(#2413,#2414,#2415,#2416));
#566=EDGE_LOOP('',(#2417,#2418,#2419,#2420,#2421,#2422,#2423,#2424));
#567=EDGE_LOOP('',(#2425,#2426,#2427,#2428));
#568=EDGE_LOOP('',(#2429,#2430,#2431,#2432));
#569=EDGE_LOOP('',(#2433,#2434,#2435,#2436));
#570=EDGE_LOOP('',(#2437,#2438,#2439,#2440));
#571=EDGE_LOOP('',(#2441,#2442,#2443,#2444));
#572=EDGE_LOOP('',(#2445,#2446,#2447,#2448));
#573=EDGE_LOOP('',(#2449,#2450,#2451,#2452));
#574=EDGE_LOOP('',(#2453,#2454,#2455,#2456));
#575=EDGE_LOOP('',(#2457,#2458,#2459,#2460));
#576=EDGE_LOOP('',(#2461,#2462,#2463,#2464));
#577=EDGE_LOOP('',(#2465,#2466,#2467,#2468));
#578=EDGE_LOOP('',(#2469,#2470,#2471,#2472));
#579=EDGE_LOOP('',(#2473,#2474,#2475,#2476));
#580=EDGE_LOOP('',(#2477,#2478,#2479,#2480));
#581=EDGE_LOOP('',(#2481,#2482,#2483,#2484));
#582=EDGE_LOOP('',(#2485,#2486,#2487,#2488));
#583=EDGE_LOOP('',(#2489,#2490,#2491,#2492,#2493,#2494,#2495,#2496,#2497,
#2498));
#584=EDGE_LOOP('',(#2499,#2500,#2501,#2502,#2503,#2504,#2505,#2506,#2507,
#2508,#2509,#2510,#2511,#2512,#2513,#2514,#2515,#2516,#2517,#2518,#2519,
#2520));
#585=EDGE_LOOP('',(#2521,#2522,#2523,#2524,#2525,#2526));
#586=EDGE_LOOP('',(#2527,#2528,#2529,#2530));
#587=EDGE_LOOP('',(#2531,#2532,#2533,#2534));
#588=EDGE_LOOP('',(#2535,#2536,#2537,#2538));
#589=EDGE_LOOP('',(#2539,#2540,#2541,#2542,#2543,#2544,#2545,#2546));
#590=EDGE_LOOP('',(#2547,#2548,#2549,#2550));
#591=EDGE_LOOP('',(#2551,#2552,#2553,#2554));
#592=EDGE_LOOP('',(#2555,#2556,#2557,#2558,#2559,#2560,#2561,#2562,#2563,
#2564,#2565,#2566,#2567,#2568,#2569,#2570));
#593=EDGE_LOOP('',(#2571,#2572,#2573,#2574,#2575,#2576,#2577,#2578,#2579,
#2580,#2581,#2582,#2583,#2584,#2585,#2586,#2587,#2588,#2589,#2590,#2591,
#2592,#2593,#2594,#2595,#2596));
#594=EDGE_LOOP('',(#2597,#2598,#2599,#2600,#2601,#2602,#2603,#2604));
#595=EDGE_LOOP('',(#2605,#2606,#2607,#2608,#2609,#2610,#2611,#2612));
#596=EDGE_LOOP('',(#2613,#2614,#2615,#2616));
#597=EDGE_LOOP('',(#2617,#2618,#2619,#2620));
#598=EDGE_LOOP('',(#2621,#2622,#2623,#2624));
#599=EDGE_LOOP('',(#2625,#2626,#2627,#2628));
#600=EDGE_LOOP('',(#2629,#2630,#2631,#2632));
#601=EDGE_LOOP('',(#2633,#2634,#2635,#2636,#2637));
#602=EDGE_LOOP('',(#2638,#2639,#2640,#2641,#2642));
#603=EDGE_LOOP('',(#2643,#2644,#2645,#2646));
#604=EDGE_LOOP('',(#2647,#2648,#2649,#2650));
#605=EDGE_LOOP('',(#2651,#2652,#2653,#2654,#2655));
#606=EDGE_LOOP('',(#2656,#2657,#2658,#2659));
#607=EDGE_LOOP('',(#2660,#2661,#2662,#2663));
#608=EDGE_LOOP('',(#2664,#2665,#2666,#2667,#2668,#2669,#2670));
#609=EDGE_LOOP('',(#2671,#2672,#2673,#2674,#2675,#2676,#2677,#2678,#2679,
#2680,#2681,#2682));
#610=EDGE_LOOP('',(#2683,#2684,#2685,#2686));
#611=EDGE_LOOP('',(#2687,#2688,#2689,#2690));
#612=EDGE_LOOP('',(#2691,#2692,#2693,#2694));
#613=EDGE_LOOP('',(#2695,#2696,#2697,#2698));
#614=EDGE_LOOP('',(#2699,#2700,#2701,#2702));
#615=EDGE_LOOP('',(#2703,#2704,#2705,#2706,#2707,#2708,#2709,#2710));
#616=EDGE_LOOP('',(#2711,#2712,#2713,#2714));
#617=EDGE_LOOP('',(#2715,#2716,#2717,#2718,#2719));
#618=EDGE_LOOP('',(#2720,#2721,#2722,#2723));
#619=EDGE_LOOP('',(#2724,#2725,#2726,#2727));
#620=EDGE_LOOP('',(#2728,#2729,#2730,#2731,#2732,#2733,#2734));
#621=EDGE_LOOP('',(#2735,#2736,#2737,#2738));
#622=EDGE_LOOP('',(#2739,#2740,#2741,#2742,#2743,#2744,#2745,#2746));
#623=EDGE_LOOP('',(#2747,#2748,#2749,#2750,#2751));
#624=EDGE_LOOP('',(#2752,#2753,#2754,#2755));
#625=EDGE_LOOP('',(#2756,#2757,#2758,#2759,#2760,#2761));
#626=EDGE_LOOP('',(#2762,#2763,#2764,#2765,#2766));
#627=EDGE_LOOP('',(#2767,#2768,#2769,#2770));
#628=EDGE_LOOP('',(#2771,#2772,#2773,#2774,#2775,#2776));
#629=EDGE_LOOP('',(#2777));
#630=EDGE_LOOP('',(#2778));
#631=EDGE_LOOP('',(#2779));
#632=EDGE_LOOP('',(#2780));
#633=EDGE_LOOP('',(#2781));
#634=EDGE_LOOP('',(#2782));
#635=EDGE_LOOP('',(#2783));
#636=EDGE_LOOP('',(#2784));
#637=EDGE_LOOP('',(#2785,#2786,#2787,#2788));
#638=EDGE_LOOP('',(#2789,#2790,#2791,#2792));
#639=EDGE_LOOP('',(#2793,#2794,#2795,#2796));
#640=EDGE_LOOP('',(#2797,#2798,#2799,#2800));
#641=EDGE_LOOP('',(#2801));
#642=EDGE_LOOP('',(#2802,#2803));
#643=EDGE_LOOP('',(#2804));
#644=EDGE_LOOP('',(#2805,#2806,#2807,#2808,#2809));
#645=EDGE_LOOP('',(#2810,#2811,#2812,#2813));
#646=EDGE_LOOP('',(#2814,#2815,#2816,#2817,#2818,#2819));
#647=EDGE_LOOP('',(#2820));
#648=EDGE_LOOP('',(#2821,#2822));
#649=EDGE_LOOP('',(#2823,#2824,#2825,#2826));
#650=EDGE_LOOP('',(#2827,#2828,#2829,#2830));
#651=EDGE_LOOP('',(#2831,#2832));
#652=EDGE_LOOP('',(#2833));
#653=EDGE_LOOP('',(#2834,#2835,#2836,#2837,#2838));
#654=EDGE_LOOP('',(#2839,#2840,#2841,#2842));
#655=EDGE_LOOP('',(#2843,#2844,#2845,#2846));
#656=EDGE_LOOP('',(#2847,#2848,#2849,#2850,#2851,#2852));
#657=EDGE_LOOP('',(#2853,#2854,#2855,#2856,#2857,#2858,#2859,#2860,#2861,
#2862,#2863,#2864,#2865,#2866,#2867,#2868,#2869,#2870,#2871,#2872,#2873,
#2874,#2875,#2876,#2877,#2878,#2879,#2880,#2881,#2882,#2883,#2884,#2885,
#2886,#2887,#2888,#2889,#2890));
#658=EDGE_LOOP('',(#2891,#2892,#2893,#2894,#2895,#2896,#2897,#2898,#2899,
#2900,#2901,#2902,#2903,#2904,#2905,#2906));
#659=EDGE_LOOP('',(#2907,#2908,#2909,#2910,#2911,#2912));
#660=EDGE_LOOP('',(#2913,#2914,#2915,#2916));
#661=EDGE_LOOP('',(#2917,#2918,#2919,#2920,#2921,#2922,#2923,#2924,#2925));
#662=EDGE_LOOP('',(#2926,#2927,#2928,#2929));
#663=EDGE_LOOP('',(#2930,#2931,#2932,#2933,#2934,#2935));
#664=EDGE_LOOP('',(#2936,#2937,#2938,#2939,#2940,#2941,#2942,#2943,#2944,
#2945,#2946,#2947));
#665=EDGE_LOOP('',(#2948,#2949,#2950,#2951));
#666=EDGE_LOOP('',(#2952,#2953,#2954,#2955,#2956,#2957,#2958,#2959,#2960));
#667=EDGE_LOOP('',(#2961,#2962,#2963,#2964,#2965,#2966,#2967,#2968,#2969,
#2970,#2971,#2972));
#668=EDGE_LOOP('',(#2973,#2974,#2975,#2976));
#669=EDGE_LOOP('',(#2977,#2978,#2979,#2980));
#670=EDGE_LOOP('',(#2981,#2982,#2983,#2984));
#671=EDGE_LOOP('',(#2985,#2986,#2987,#2988));
#672=EDGE_LOOP('',(#2989,#2990,#2991,#2992));
#673=EDGE_LOOP('',(#2993,#2994,#2995,#2996));
#674=EDGE_LOOP('',(#2997,#2998,#2999,#3000,#3001,#3002,#3003,#3004));
#675=EDGE_LOOP('',(#3005,#3006,#3007,#3008,#3009,#3010));
#676=EDGE_LOOP('',(#3011,#3012,#3013,#3014));
#677=EDGE_LOOP('',(#3015,#3016,#3017,#3018));
#678=EDGE_LOOP('',(#3019,#3020,#3021,#3022));
#679=EDGE_LOOP('',(#3023,#3024,#3025,#3026));
#680=EDGE_LOOP('',(#3027,#3028,#3029,#3030,#3031,#3032));
#681=EDGE_LOOP('',(#3033,#3034,#3035,#3036));
#682=EDGE_LOOP('',(#3037,#3038,#3039,#3040));
#683=EDGE_LOOP('',(#3041,#3042,#3043,#3044));
#684=EDGE_LOOP('',(#3045,#3046,#3047,#3048));
#685=EDGE_LOOP('',(#3049,#3050,#3051,#3052));
#686=EDGE_LOOP('',(#3053,#3054,#3055,#3056));
#687=EDGE_LOOP('',(#3057,#3058,#3059,#3060));
#688=EDGE_LOOP('',(#3061,#3062,#3063,#3064));
#689=EDGE_LOOP('',(#3065,#3066,#3067,#3068));
#690=EDGE_LOOP('',(#3069,#3070,#3071,#3072));
#691=EDGE_LOOP('',(#3073,#3074,#3075,#3076));
#692=EDGE_LOOP('',(#3077,#3078,#3079,#3080));
#693=EDGE_LOOP('',(#3081,#3082,#3083,#3084));
#694=EDGE_LOOP('',(#3085,#3086,#3087,#3088));
#695=EDGE_LOOP('',(#3089,#3090,#3091,#3092));
#696=EDGE_LOOP('',(#3093,#3094,#3095,#3096));
#697=EDGE_LOOP('',(#3097,#3098,#3099,#3100));
#698=EDGE_LOOP('',(#3101,#3102,#3103,#3104));
#699=EDGE_LOOP('',(#3105,#3106,#3107,#3108,#3109));
#700=EDGE_LOOP('',(#3110,#3111,#3112,#3113));
#701=EDGE_LOOP('',(#3114,#3115,#3116,#3117,#3118));
#702=EDGE_LOOP('',(#3119,#3120,#3121,#3122));
#703=EDGE_LOOP('',(#3123,#3124,#3125,#3126));
#704=EDGE_LOOP('',(#3127,#3128,#3129,#3130));
#705=EDGE_LOOP('',(#3131,#3132,#3133,#3134));
#706=EDGE_LOOP('',(#3135,#3136,#3137,#3138));
#707=EDGE_LOOP('',(#3139,#3140,#3141,#3142));
#708=LINE('',#4738,#1012);
#709=LINE('',#4740,#1013);
#710=LINE('',#4742,#1014);
#711=LINE('',#4743,#1015);
#712=LINE('',#4749,#1016);
#713=LINE('',#4752,#1017);
#714=LINE('',#4754,#1018);
#715=LINE('',#4755,#1019);
#716=LINE('',#4762,#1020);
#717=LINE('',#4764,#1021);
#718=LINE('',#4766,#1022);
#719=LINE('',#4767,#1023);
#720=LINE('',#4773,#1024);
#721=LINE('',#4776,#1025);
#722=LINE('',#4778,#1026);
#723=LINE('',#4779,#1027);
#724=LINE('',#4786,#1028);
#725=LINE('',#4788,#1029);
#726=LINE('',#4790,#1030);
#727=LINE('',#4791,#1031);
#728=LINE('',#4797,#1032);
#729=LINE('',#4800,#1033);
#730=LINE('',#4802,#1034);
#731=LINE('',#4803,#1035);
#732=LINE('',#4810,#1036);
#733=LINE('',#4812,#1037);
#734=LINE('',#4814,#1038);
#735=LINE('',#4815,#1039);
#736=LINE('',#4821,#1040);
#737=LINE('',#4824,#1041);
#738=LINE('',#4826,#1042);
#739=LINE('',#4827,#1043);
#740=LINE('',#4834,#1044);
#741=LINE('',#4836,#1045);
#742=LINE('',#4838,#1046);
#743=LINE('',#4839,#1047);
#744=LINE('',#4845,#1048);
#745=LINE('',#4848,#1049);
#746=LINE('',#4850,#1050);
#747=LINE('',#4851,#1051);
#748=LINE('',#4858,#1052);
#749=LINE('',#4860,#1053);
#750=LINE('',#4862,#1054);
#751=LINE('',#4863,#1055);
#752=LINE('',#4867,#1056);
#753=LINE('',#4869,#1057);
#754=LINE('',#4871,#1058);
#755=LINE('',#4872,#1059);
#756=LINE('',#4874,#1060);
#757=LINE('',#4875,#1061);
#758=LINE('',#4877,#1062);
#759=LINE('',#4880,#1063);
#760=LINE('',#4882,#1064);
#761=LINE('',#4884,#1065);
#762=LINE('',#4886,#1066);
#763=LINE('',#4887,#1067);
#764=LINE('',#4891,#1068);
#765=LINE('',#4893,#1069);
#766=LINE('',#4895,#1070);
#767=LINE('',#4896,#1071);
#768=LINE('',#4902,#1072);
#769=LINE('',#4905,#1073);
#770=LINE('',#4907,#1074);
#771=LINE('',#4908,#1075);
#772=LINE('',#4911,#1076);
#773=LINE('',#4913,#1077);
#774=LINE('',#4914,#1078);
#775=LINE('',#4918,#1079);
#776=LINE('',#4921,#1080);
#777=LINE('',#4922,#1081);
#778=LINE('',#4926,#1082);
#779=LINE('',#4928,#1083);
#780=LINE('',#4930,#1084);
#781=LINE('',#4931,#1085);
#782=LINE('',#4934,#1086);
#783=LINE('',#4936,#1087);
#784=LINE('',#4937,#1088);
#785=LINE('',#4940,#1089);
#786=LINE('',#4942,#1090);
#787=LINE('',#4943,#1091);
#788=LINE('',#4947,#1092);
#789=LINE('',#4949,#1093);
#790=LINE('',#4951,#1094);
#791=LINE('',#4952,#1095);
#792=LINE('',#4955,#1096);
#793=LINE('',#4957,#1097);
#794=LINE('',#4958,#1098);
#795=LINE('',#4964,#1099);
#796=LINE('',#4967,#1100);
#797=LINE('',#4969,#1101);
#798=LINE('',#4970,#1102);
#799=LINE('',#4976,#1103);
#800=LINE('',#4979,#1104);
#801=LINE('',#4981,#1105);
#802=LINE('',#4982,#1106);
#803=LINE('',#4985,#1107);
#804=LINE('',#4989,#1108);
#805=LINE('',#4993,#1109);
#806=LINE('',#4994,#1110);
#807=LINE('',#4998,#1111);
#808=LINE('',#5000,#1112);
#809=LINE('',#5002,#1113);
#810=LINE('',#5003,#1114);
#811=LINE('',#5007,#1115);
#812=LINE('',#5009,#1116);
#813=LINE('',#5011,#1117);
#814=LINE('',#5012,#1118);
#815=LINE('',#5014,#1119);
#816=LINE('',#5015,#1120);
#817=LINE('',#5017,#1121);
#818=LINE('',#5020,#1122);
#819=LINE('',#5022,#1123);
#820=LINE('',#5024,#1124);
#821=LINE('',#5026,#1125);
#822=LINE('',#5027,#1126);
#823=LINE('',#5031,#1127);
#824=LINE('',#5033,#1128);
#825=LINE('',#5035,#1129);
#826=LINE('',#5036,#1130);
#827=LINE('',#5039,#1131);
#828=LINE('',#5041,#1132);
#829=LINE('',#5042,#1133);
#830=LINE('',#5048,#1134);
#831=LINE('',#5051,#1135);
#832=LINE('',#5053,#1136);
#833=LINE('',#5054,#1137);
#834=LINE('',#5057,#1138);
#835=LINE('',#5059,#1139);
#836=LINE('',#5060,#1140);
#837=LINE('',#5063,#1141);
#838=LINE('',#5066,#1142);
#839=LINE('',#5072,#1143);
#840=LINE('',#5076,#1144);
#841=LINE('',#5080,#1145);
#842=LINE('',#5083,#1146);
#843=LINE('',#5086,#1147);
#844=LINE('',#5089,#1148);
#845=LINE('',#5092,#1149);
#846=LINE('',#5093,#1150);
#847=LINE('',#5096,#1151);
#848=LINE('',#5100,#1152);
#849=LINE('',#5101,#1153);
#850=LINE('',#5107,#1154);
#851=LINE('',#5111,#1155);
#852=LINE('',#5115,#1156);
#853=LINE('',#5118,#1157);
#854=LINE('',#5121,#1158);
#855=LINE('',#5124,#1159);
#856=LINE('',#5127,#1160);
#857=LINE('',#5128,#1161);
#858=LINE('',#5131,#1162);
#859=LINE('',#5135,#1163);
#860=LINE('',#5136,#1164);
#861=LINE('',#5142,#1165);
#862=LINE('',#5146,#1166);
#863=LINE('',#5150,#1167);
#864=LINE('',#5153,#1168);
#865=LINE('',#5156,#1169);
#866=LINE('',#5159,#1170);
#867=LINE('',#5162,#1171);
#868=LINE('',#5163,#1172);
#869=LINE('',#5166,#1173);
#870=LINE('',#5170,#1174);
#871=LINE('',#5171,#1175);
#872=LINE('',#5174,#1176);
#873=LINE('',#5175,#1177);
#874=LINE('',#5179,#1178);
#875=LINE('',#5182,#1179);
#876=LINE('',#5183,#1180);
#877=LINE('',#5188,#1181);
#878=LINE('',#5189,#1182);
#879=LINE('',#5193,#1183);
#880=LINE('',#5196,#1184);
#881=LINE('',#5197,#1185);
#882=LINE('',#5202,#1186);
#883=LINE('',#5203,#1187);
#884=LINE('',#5207,#1188);
#885=LINE('',#5210,#1189);
#886=LINE('',#5211,#1190);
#887=LINE('',#5216,#1191);
#888=LINE('',#5218,#1192);
#889=LINE('',#5220,#1193);
#890=LINE('',#5224,#1194);
#891=LINE('',#5225,#1195);
#892=LINE('',#5228,#1196);
#893=LINE('',#5230,#1197);
#894=LINE('',#5234,#1198);
#895=LINE('',#5238,#1199);
#896=LINE('',#5242,#1200);
#897=LINE('',#5244,#1201);
#898=LINE('',#5245,#1202);
#899=LINE('',#5246,#1203);
#900=LINE('',#5249,#1204);
#901=LINE('',#5251,#1205);
#902=LINE('',#5252,#1206);
#903=LINE('',#5255,#1207);
#904=LINE('',#5258,#1208);
#905=LINE('',#5266,#1209);
#906=LINE('',#5270,#1210);
#907=LINE('',#5272,#1211);
#908=LINE('',#5273,#1212);
#909=LINE('',#5276,#1213);
#910=LINE('',#5282,#1214);
#911=LINE('',#5286,#1215);
#912=LINE('',#5290,#1216);
#913=LINE('',#5293,#1217);
#914=LINE('',#5295,#1218);
#915=LINE('',#5297,#1219);
#916=LINE('',#5298,#1220);
#917=LINE('',#5300,#1221);
#918=LINE('',#5304,#1222);
#919=LINE('',#5310,#1223);
#920=LINE('',#5314,#1224);
#921=LINE('',#5318,#1225);
#922=LINE('',#5322,#1226);
#923=LINE('',#5325,#1227);
#924=LINE('',#5329,#1228);
#925=LINE('',#5333,#1229);
#926=LINE('',#5336,#1230);
#927=LINE('',#5338,#1231);
#928=LINE('',#5339,#1232);
#929=LINE('',#5342,#1233);
#930=LINE('',#5346,#1234);
#931=LINE('',#5347,#1235);
#932=LINE('',#5350,#1236);
#933=LINE('',#5355,#1237);
#934=LINE('',#5357,#1238);
#935=LINE('',#5359,#1239);
#936=LINE('',#5360,#1240);
#937=LINE('',#5364,#1241);
#938=LINE('',#5365,#1242);
#939=LINE('',#5366,#1243);
#940=LINE('',#5371,#1244);
#941=LINE('',#5378,#1245);
#942=LINE('',#5380,#1246);
#943=LINE('',#5381,#1247);
#944=LINE('',#5532,#1248);
#945=LINE('',#5543,#1249);
#946=LINE('',#5548,#1250);
#947=LINE('',#5552,#1251);
#948=LINE('',#5556,#1252);
#949=LINE('',#5560,#1253);
#950=LINE('',#5565,#1254);
#951=LINE('',#5715,#1255);
#952=LINE('',#5737,#1256);
#953=LINE('',#5805,#1257);
#954=LINE('',#5873,#1258);
#955=LINE('',#5927,#1259);
#956=LINE('',#5930,#1260);
#957=LINE('',#5932,#1261);
#958=LINE('',#5937,#1262);
#959=LINE('',#5973,#1263);
#960=LINE('',#5977,#1264);
#961=LINE('',#5985,#1265);
#962=LINE('',#6035,#1266);
#963=LINE('',#6039,#1267);
#964=LINE('',#6079,#1268);
#965=LINE('',#6083,#1269);
#966=LINE('',#6086,#1270);
#967=LINE('',#6087,#1271);
#968=LINE('',#6090,#1272);
#969=LINE('',#6091,#1273);
#970=LINE('',#6093,#1274);
#971=LINE('',#6097,#1275);
#972=LINE('',#6101,#1276);
#973=LINE('',#6104,#1277);
#974=LINE('',#6108,#1278);
#975=LINE('',#6112,#1279);
#976=LINE('',#6116,#1280);
#977=LINE('',#6119,#1281);
#978=LINE('',#6124,#1282);
#979=LINE('',#6127,#1283);
#980=LINE('',#6129,#1284);
#981=LINE('',#6130,#1285);
#982=LINE('',#6132,#1286);
#983=LINE('',#6136,#1287);
#984=LINE('',#6139,#1288);
#985=LINE('',#6153,#1289);
#986=LINE('',#6157,#1290);
#987=LINE('',#6170,#1291);
#988=LINE('',#6171,#1292);
#989=LINE('',#6174,#1293);
#990=LINE('',#6175,#1294);
#991=LINE('',#6177,#1295);
#992=LINE('',#6183,#1296);
#993=LINE('',#6186,#1297);
#994=LINE('',#6189,#1298);
#995=LINE('',#6191,#1299);
#996=LINE('',#6193,#1300);
#997=LINE('',#6196,#1301);
#998=LINE('',#6198,#1302);
#999=LINE('',#6201,#1303);
#1000=LINE('',#6203,#1304);
#1001=LINE('',#6205,#1305);
#1002=LINE('',#6207,#1306);
#1003=LINE('',#6209,#1307);
#1004=LINE('',#6212,#1308);
#1005=LINE('',#6214,#1309);
#1006=LINE('',#6216,#1310);
#1007=LINE('',#6218,#1311);
#1008=LINE('',#6220,#1312);
#1009=LINE('',#6222,#1313);
#1010=LINE('',#6224,#1314);
#1011=LINE('',#6226,#1315);
#1012=VECTOR('',#3766,10.);
#1013=VECTOR('',#3767,10.);
#1014=VECTOR('',#3768,10.);
#1015=VECTOR('',#3769,10.);
#1016=VECTOR('',#3776,10.);
#1017=VECTOR('',#3779,10.);
#1018=VECTOR('',#3780,10.);
#1019=VECTOR('',#3781,10.);
#1020=VECTOR('',#3790,10.);
#1021=VECTOR('',#3791,10.);
#1022=VECTOR('',#3792,10.);
#1023=VECTOR('',#3793,10.);
#1024=VECTOR('',#3800,10.);
#1025=VECTOR('',#3803,10.);
#1026=VECTOR('',#3804,10.);
#1027=VECTOR('',#3805,10.);
#1028=VECTOR('',#3814,10.);
#1029=VECTOR('',#3815,10.);
#1030=VECTOR('',#3816,10.);
#1031=VECTOR('',#3817,10.);
#1032=VECTOR('',#3824,10.);
#1033=VECTOR('',#3827,10.);
#1034=VECTOR('',#3828,10.);
#1035=VECTOR('',#3829,10.);
#1036=VECTOR('',#3838,10.);
#1037=VECTOR('',#3839,10.);
#1038=VECTOR('',#3840,10.);
#1039=VECTOR('',#3841,10.);
#1040=VECTOR('',#3848,10.);
#1041=VECTOR('',#3851,10.);
#1042=VECTOR('',#3852,10.);
#1043=VECTOR('',#3853,10.);
#1044=VECTOR('',#3862,10.);
#1045=VECTOR('',#3863,10.);
#1046=VECTOR('',#3864,10.);
#1047=VECTOR('',#3865,10.);
#1048=VECTOR('',#3872,10.);
#1049=VECTOR('',#3875,10.);
#1050=VECTOR('',#3876,10.);
#1051=VECTOR('',#3877,10.);
#1052=VECTOR('',#3886,10.);
#1053=VECTOR('',#3887,10.);
#1054=VECTOR('',#3888,10.);
#1055=VECTOR('',#3889,10.);
#1056=VECTOR('',#3892,10.);
#1057=VECTOR('',#3893,10.);
#1058=VECTOR('',#3894,10.);
#1059=VECTOR('',#3895,10.);
#1060=VECTOR('',#3898,10.);
#1061=VECTOR('',#3899,10.);
#1062=VECTOR('',#3902,10.);
#1063=VECTOR('',#3905,10.);
#1064=VECTOR('',#3906,10.);
#1065=VECTOR('',#3907,10.);
#1066=VECTOR('',#3908,10.);
#1067=VECTOR('',#3909,10.);
#1068=VECTOR('',#3912,10.);
#1069=VECTOR('',#3913,10.);
#1070=VECTOR('',#3914,10.);
#1071=VECTOR('',#3915,10.);
#1072=VECTOR('',#3922,10.);
#1073=VECTOR('',#3925,10.);
#1074=VECTOR('',#3926,10.);
#1075=VECTOR('',#3927,10.);
#1076=VECTOR('',#3930,10.);
#1077=VECTOR('',#3931,10.);
#1078=VECTOR('',#3932,10.);
#1079=VECTOR('',#3935,10.);
#1080=VECTOR('',#3938,10.);
#1081=VECTOR('',#3939,10.);
#1082=VECTOR('',#3942,10.);
#1083=VECTOR('',#3943,10.);
#1084=VECTOR('',#3944,10.);
#1085=VECTOR('',#3945,10.);
#1086=VECTOR('',#3948,10.);
#1087=VECTOR('',#3949,10.);
#1088=VECTOR('',#3950,10.);
#1089=VECTOR('',#3953,10.);
#1090=VECTOR('',#3954,10.);
#1091=VECTOR('',#3955,10.);
#1092=VECTOR('',#3958,10.);
#1093=VECTOR('',#3959,10.);
#1094=VECTOR('',#3960,10.);
#1095=VECTOR('',#3961,10.);
#1096=VECTOR('',#3964,10.);
#1097=VECTOR('',#3965,10.);
#1098=VECTOR('',#3966,10.);
#1099=VECTOR('',#3973,10.);
#1100=VECTOR('',#3976,10.);
#1101=VECTOR('',#3977,10.);
#1102=VECTOR('',#3978,10.);
#1103=VECTOR('',#3985,10.);
#1104=VECTOR('',#3988,10.);
#1105=VECTOR('',#3989,10.);
#1106=VECTOR('',#3990,10.);
#1107=VECTOR('',#3993,10.);
#1108=VECTOR('',#3996,10.);
#1109=VECTOR('',#3999,10.);
#1110=VECTOR('',#4000,10.);
#1111=VECTOR('',#4003,10.);
#1112=VECTOR('',#4004,10.);
#1113=VECTOR('',#4005,10.);
#1114=VECTOR('',#4006,10.);
#1115=VECTOR('',#4009,10.);
#1116=VECTOR('',#4010,10.);
#1117=VECTOR('',#4011,10.);
#1118=VECTOR('',#4012,10.);
#1119=VECTOR('',#4015,10.);
#1120=VECTOR('',#4016,10.);
#1121=VECTOR('',#4019,10.);
#1122=VECTOR('',#4022,10.);
#1123=VECTOR('',#4023,10.);
#1124=VECTOR('',#4024,10.);
#1125=VECTOR('',#4025,10.);
#1126=VECTOR('',#4026,10.);
#1127=VECTOR('',#4029,10.);
#1128=VECTOR('',#4030,10.);
#1129=VECTOR('',#4031,10.);
#1130=VECTOR('',#4032,10.);
#1131=VECTOR('',#4035,10.);
#1132=VECTOR('',#4036,10.);
#1133=VECTOR('',#4037,10.);
#1134=VECTOR('',#4044,10.);
#1135=VECTOR('',#4047,10.);
#1136=VECTOR('',#4048,10.);
#1137=VECTOR('',#4049,10.);
#1138=VECTOR('',#4052,10.);
#1139=VECTOR('',#4053,10.);
#1140=VECTOR('',#4054,10.);
#1141=VECTOR('',#4057,10.);
#1142=VECTOR('',#4060,10.);
#1143=VECTOR('',#4065,10.);
#1144=VECTOR('',#4068,10.);
#1145=VECTOR('',#4071,10.);
#1146=VECTOR('',#4074,10.);
#1147=VECTOR('',#4077,10.);
#1148=VECTOR('',#4080,10.);
#1149=VECTOR('',#4083,10.);
#1150=VECTOR('',#4084,10.);
#1151=VECTOR('',#4087,10.);
#1152=VECTOR('',#4092,10.);
#1153=VECTOR('',#4093,10.);
#1154=VECTOR('',#4098,10.);
#1155=VECTOR('',#4101,10.);
#1156=VECTOR('',#4104,10.);
#1157=VECTOR('',#4107,10.);
#1158=VECTOR('',#4110,10.);
#1159=VECTOR('',#4113,10.);
#1160=VECTOR('',#4116,10.);
#1161=VECTOR('',#4117,10.);
#1162=VECTOR('',#4120,10.);
#1163=VECTOR('',#4125,10.);
#1164=VECTOR('',#4126,10.);
#1165=VECTOR('',#4131,10.);
#1166=VECTOR('',#4134,10.);
#1167=VECTOR('',#4137,10.);
#1168=VECTOR('',#4140,10.);
#1169=VECTOR('',#4143,10.);
#1170=VECTOR('',#4146,10.);
#1171=VECTOR('',#4149,10.);
#1172=VECTOR('',#4150,10.);
#1173=VECTOR('',#4153,10.);
#1174=VECTOR('',#4158,10.);
#1175=VECTOR('',#4159,10.);
#1176=VECTOR('',#4162,10.);
#1177=VECTOR('',#4163,10.);
#1178=VECTOR('',#4168,10.);
#1179=VECTOR('',#4171,10.);
#1180=VECTOR('',#4172,10.);
#1181=VECTOR('',#4179,10.);
#1182=VECTOR('',#4180,10.);
#1183=VECTOR('',#4185,10.);
#1184=VECTOR('',#4188,10.);
#1185=VECTOR('',#4189,10.);
#1186=VECTOR('',#4196,10.);
#1187=VECTOR('',#4197,10.);
#1188=VECTOR('',#4202,10.);
#1189=VECTOR('',#4205,10.);
#1190=VECTOR('',#4206,10.);
#1191=VECTOR('',#4213,10.);
#1192=VECTOR('',#4214,10.);
#1193=VECTOR('',#4215,10.);
#1194=VECTOR('',#4218,10.);
#1195=VECTOR('',#4219,10.);
#1196=VECTOR('',#4222,10.);
#1197=VECTOR('',#4223,10.);
#1198=VECTOR('',#4226,10.);
#1199=VECTOR('',#4229,10.);
#1200=VECTOR('',#4232,10.);
#1201=VECTOR('',#4233,10.);
#1202=VECTOR('',#4234,10.);
#1203=VECTOR('',#4235,10.);
#1204=VECTOR('',#4238,10.);
#1205=VECTOR('',#4239,10.);
#1206=VECTOR('',#4240,10.);
#1207=VECTOR('',#4243,10.);
#1208=VECTOR('',#4246,10.);
#1209=VECTOR('',#4257,10.);
#1210=VECTOR('',#4262,10.);
#1211=VECTOR('',#4263,10.);
#1212=VECTOR('',#4264,10.);
#1213=VECTOR('',#4267,10.);
#1214=VECTOR('',#4274,10.);
#1215=VECTOR('',#4279,10.);
#1216=VECTOR('',#4282,10.);
#1217=VECTOR('',#4285,10.);
#1218=VECTOR('',#4286,10.);
#1219=VECTOR('',#4287,10.);
#1220=VECTOR('',#4288,10.);
#1221=VECTOR('',#4289,10.);
#1222=VECTOR('',#4292,10.);
#1223=VECTOR('',#4299,10.);
#1224=VECTOR('',#4302,10.);
#1225=VECTOR('',#4305,10.);
#1226=VECTOR('',#4308,10.);
#1227=VECTOR('',#4311,10.);
#1228=VECTOR('',#4314,10.);
#1229=VECTOR('',#4317,10.);
#1230=VECTOR('',#4320,10.);
#1231=VECTOR('',#4321,10.);
#1232=VECTOR('',#4322,10.);
#1233=VECTOR('',#4325,10.);
#1234=VECTOR('',#4330,10.);
#1235=VECTOR('',#4331,10.);
#1236=VECTOR('',#4334,10.);
#1237=VECTOR('',#4339,10.);
#1238=VECTOR('',#4340,10.);
#1239=VECTOR('',#4341,10.);
#1240=VECTOR('',#4342,10.);
#1241=VECTOR('',#4345,10.);
#1242=VECTOR('',#4346,10.);
#1243=VECTOR('',#4347,10.);
#1244=VECTOR('',#4352,10.);
#1245=VECTOR('',#4361,10.);
#1246=VECTOR('',#4364,10.);
#1247=VECTOR('',#4365,10.);
#1248=VECTOR('',#4382,10.);
#1249=VECTOR('',#4383,10.);
#1250=VECTOR('',#4390,10.);
#1251=VECTOR('',#4393,10.);
#1252=VECTOR('',#4396,10.);
#1253=VECTOR('',#4399,10.);
#1254=VECTOR('',#4406,2.35);
#1255=VECTOR('',#4425,10.);
#1256=VECTOR('',#4432,2.35);
#1257=VECTOR('',#4447,2.35);
#1258=VECTOR('',#4462,2.35);
#1259=VECTOR('',#4493,1.5);
#1260=VECTOR('',#4496,10.);
#1261=VECTOR('',#4497,10.);
#1262=VECTOR('',#4502,10.);
#1263=VECTOR('',#4513,1.5);
#1264=VECTOR('',#4516,10.);
#1265=VECTOR('',#4523,10.);
#1266=VECTOR('',#4536,1.5);
#1267=VECTOR('',#4539,10.);
#1268=VECTOR('',#4550,1.5);
#1269=VECTOR('',#4555,10.);
#1270=VECTOR('',#4558,10.);
#1271=VECTOR('',#4559,10.);
#1272=VECTOR('',#4562,10.);
#1273=VECTOR('',#4563,10.);
#1274=VECTOR('',#4564,10.);
#1275=VECTOR('',#4567,10.);
#1276=VECTOR('',#4570,10.);
#1277=VECTOR('',#4573,10.);
#1278=VECTOR('',#4576,10.);
#1279=VECTOR('',#4579,10.);
#1280=VECTOR('',#4582,10.);
#1281=VECTOR('',#4585,10.);
#1282=VECTOR('',#4590,10.);
#1283=VECTOR('',#4593,10.);
#1284=VECTOR('',#4594,10.);
#1285=VECTOR('',#4595,10.);
#1286=VECTOR('',#4596,10.);
#1287=VECTOR('',#4599,10.);
#1288=VECTOR('',#4604,10.);
#1289=VECTOR('',#4613,10.);
#1290=VECTOR('',#4618,10.);
#1291=VECTOR('',#4625,10.);
#1292=VECTOR('',#4626,10.);
#1293=VECTOR('',#4629,10.);
#1294=VECTOR('',#4630,10.);
#1295=VECTOR('',#4633,10.);
#1296=VECTOR('',#4640,10.);
#1297=VECTOR('',#4645,10.);
#1298=VECTOR('',#4650,10.);
#1299=VECTOR('',#4653,10.);
#1300=VECTOR('',#4656,10.);
#1301=VECTOR('',#4661,10.);
#1302=VECTOR('',#4664,10.);
#1303=VECTOR('',#4669,10.);
#1304=VECTOR('',#4672,10.);
#1305=VECTOR('',#4675,10.);
#1306=VECTOR('',#4678,10.);
#1307=VECTOR('',#4681,10.);
#1308=VECTOR('',#4686,10.);
#1309=VECTOR('',#4689,10.);
#1310=VECTOR('',#4692,10.);
#1311=VECTOR('',#4695,10.);
#1312=VECTOR('',#4698,10.);
#1313=VECTOR('',#4701,10.);
#1314=VECTOR('',#4704,10.);
#1315=VECTOR('',#4707,10.);
#1316=VERTEX_POINT('',#4736);
#1317=VERTEX_POINT('',#4737);
#1318=VERTEX_POINT('',#4739);
#1319=VERTEX_POINT('',#4741);
#1320=VERTEX_POINT('',#4745);
#1321=VERTEX_POINT('',#4747);
#1322=VERTEX_POINT('',#4751);
#1323=VERTEX_POINT('',#4753);
#1324=VERTEX_POINT('',#4760);
#1325=VERTEX_POINT('',#4761);
#1326=VERTEX_POINT('',#4763);
#1327=VERTEX_POINT('',#4765);
#1328=VERTEX_POINT('',#4769);
#1329=VERTEX_POINT('',#4771);
#1330=VERTEX_POINT('',#4775);
#1331=VERTEX_POINT('',#4777);
#1332=VERTEX_POINT('',#4784);
#1333=VERTEX_POINT('',#4785);
#1334=VERTEX_POINT('',#4787);
#1335=VERTEX_POINT('',#4789);
#1336=VERTEX_POINT('',#4793);
#1337=VERTEX_POINT('',#4795);
#1338=VERTEX_POINT('',#4799);
#1339=VERTEX_POINT('',#4801);
#1340=VERTEX_POINT('',#4808);
#1341=VERTEX_POINT('',#4809);
#1342=VERTEX_POINT('',#4811);
#1343=VERTEX_POINT('',#4813);
#1344=VERTEX_POINT('',#4817);
#1345=VERTEX_POINT('',#4819);
#1346=VERTEX_POINT('',#4823);
#1347=VERTEX_POINT('',#4825);
#1348=VERTEX_POINT('',#4832);
#1349=VERTEX_POINT('',#4833);
#1350=VERTEX_POINT('',#4835);
#1351=VERTEX_POINT('',#4837);
#1352=VERTEX_POINT('',#4841);
#1353=VERTEX_POINT('',#4843);
#1354=VERTEX_POINT('',#4847);
#1355=VERTEX_POINT('',#4849);
#1356=VERTEX_POINT('',#4856);
#1357=VERTEX_POINT('',#4857);
#1358=VERTEX_POINT('',#4859);
#1359=VERTEX_POINT('',#4861);
#1360=VERTEX_POINT('',#4865);
#1361=VERTEX_POINT('',#4866);
#1362=VERTEX_POINT('',#4868);
#1363=VERTEX_POINT('',#4870);
#1364=VERTEX_POINT('',#4879);
#1365=VERTEX_POINT('',#4881);
#1366=VERTEX_POINT('',#4883);
#1367=VERTEX_POINT('',#4885);
#1368=VERTEX_POINT('',#4889);
#1369=VERTEX_POINT('',#4890);
#1370=VERTEX_POINT('',#4892);
#1371=VERTEX_POINT('',#4894);
#1372=VERTEX_POINT('',#4898);
#1373=VERTEX_POINT('',#4900);
#1374=VERTEX_POINT('',#4904);
#1375=VERTEX_POINT('',#4906);
#1376=VERTEX_POINT('',#4910);
#1377=VERTEX_POINT('',#4912);
#1378=VERTEX_POINT('',#4916);
#1379=VERTEX_POINT('',#4917);
#1380=VERTEX_POINT('',#4919);
#1381=VERTEX_POINT('',#4924);
#1382=VERTEX_POINT('',#4925);
#1383=VERTEX_POINT('',#4927);
#1384=VERTEX_POINT('',#4929);
#1385=VERTEX_POINT('',#4933);
#1386=VERTEX_POINT('',#4935);
#1387=VERTEX_POINT('',#4939);
#1388=VERTEX_POINT('',#4941);
#1389=VERTEX_POINT('',#4945);
#1390=VERTEX_POINT('',#4946);
#1391=VERTEX_POINT('',#4948);
#1392=VERTEX_POINT('',#4950);
#1393=VERTEX_POINT('',#4954);
#1394=VERTEX_POINT('',#4956);
#1395=VERTEX_POINT('',#4960);
#1396=VERTEX_POINT('',#4962);
#1397=VERTEX_POINT('',#4966);
#1398=VERTEX_POINT('',#4968);
#1399=VERTEX_POINT('',#4972);
#1400=VERTEX_POINT('',#4974);
#1401=VERTEX_POINT('',#4978);
#1402=VERTEX_POINT('',#4980);
#1403=VERTEX_POINT('',#4984);
#1404=VERTEX_POINT('',#4986);
#1405=VERTEX_POINT('',#4988);
#1406=VERTEX_POINT('',#4990);
#1407=VERTEX_POINT('',#4992);
#1408=VERTEX_POINT('',#4996);
#1409=VERTEX_POINT('',#4997);
#1410=VERTEX_POINT('',#4999);
#1411=VERTEX_POINT('',#5001);
#1412=VERTEX_POINT('',#5005);
#1413=VERTEX_POINT('',#5006);
#1414=VERTEX_POINT('',#5008);
#1415=VERTEX_POINT('',#5010);
#1416=VERTEX_POINT('',#5019);
#1417=VERTEX_POINT('',#5021);
#1418=VERTEX_POINT('',#5023);
#1419=VERTEX_POINT('',#5025);
#1420=VERTEX_POINT('',#5029);
#1421=VERTEX_POINT('',#5030);
#1422=VERTEX_POINT('',#5032);
#1423=VERTEX_POINT('',#5034);
#1424=VERTEX_POINT('',#5038);
#1425=VERTEX_POINT('',#5040);
#1426=VERTEX_POINT('',#5044);
#1427=VERTEX_POINT('',#5046);
#1428=VERTEX_POINT('',#5050);
#1429=VERTEX_POINT('',#5052);
#1430=VERTEX_POINT('',#5056);
#1431=VERTEX_POINT('',#5058);
#1432=VERTEX_POINT('',#5062);
#1433=VERTEX_POINT('',#5064);
#1434=VERTEX_POINT('',#5068);
#1435=VERTEX_POINT('',#5069);
#1436=VERTEX_POINT('',#5071);
#1437=VERTEX_POINT('',#5073);
#1438=VERTEX_POINT('',#5075);
#1439=VERTEX_POINT('',#5077);
#1440=VERTEX_POINT('',#5079);
#1441=VERTEX_POINT('',#5081);
#1442=VERTEX_POINT('',#5085);
#1443=VERTEX_POINT('',#5087);
#1444=VERTEX_POINT('',#5091);
#1445=VERTEX_POINT('',#5095);
#1446=VERTEX_POINT('',#5099);
#1447=VERTEX_POINT('',#5103);
#1448=VERTEX_POINT('',#5104);
#1449=VERTEX_POINT('',#5106);
#1450=VERTEX_POINT('',#5108);
#1451=VERTEX_POINT('',#5110);
#1452=VERTEX_POINT('',#5112);
#1453=VERTEX_POINT('',#5114);
#1454=VERTEX_POINT('',#5116);
#1455=VERTEX_POINT('',#5120);
#1456=VERTEX_POINT('',#5122);
#1457=VERTEX_POINT('',#5126);
#1458=VERTEX_POINT('',#5130);
#1459=VERTEX_POINT('',#5134);
#1460=VERTEX_POINT('',#5138);
#1461=VERTEX_POINT('',#5139);
#1462=VERTEX_POINT('',#5141);
#1463=VERTEX_POINT('',#5143);
#1464=VERTEX_POINT('',#5145);
#1465=VERTEX_POINT('',#5147);
#1466=VERTEX_POINT('',#5149);
#1467=VERTEX_POINT('',#5151);
#1468=VERTEX_POINT('',#5155);
#1469=VERTEX_POINT('',#5157);
#1470=VERTEX_POINT('',#5161);
#1471=VERTEX_POINT('',#5165);
#1472=VERTEX_POINT('',#5169);
#1473=VERTEX_POINT('',#5173);
#1474=VERTEX_POINT('',#5177);
#1475=VERTEX_POINT('',#5181);
#1476=VERTEX_POINT('',#5187);
#1477=VERTEX_POINT('',#5191);
#1478=VERTEX_POINT('',#5195);
#1479=VERTEX_POINT('',#5201);
#1480=VERTEX_POINT('',#5205);
#1481=VERTEX_POINT('',#5209);
#1482=VERTEX_POINT('',#5215);
#1483=VERTEX_POINT('',#5217);
#1484=VERTEX_POINT('',#5219);
#1485=VERTEX_POINT('',#5221);
#1486=VERTEX_POINT('',#5223);
#1487=VERTEX_POINT('',#5227);
#1488=VERTEX_POINT('',#5229);
#1489=VERTEX_POINT('',#5231);
#1490=VERTEX_POINT('',#5233);
#1491=VERTEX_POINT('',#5235);
#1492=VERTEX_POINT('',#5237);
#1493=VERTEX_POINT('',#5239);
#1494=VERTEX_POINT('',#5241);
#1495=VERTEX_POINT('',#5243);
#1496=VERTEX_POINT('',#5248);
#1497=VERTEX_POINT('',#5250);
#1498=VERTEX_POINT('',#5254);
#1499=VERTEX_POINT('',#5256);
#1500=VERTEX_POINT('',#5263);
#1501=VERTEX_POINT('',#5265);
#1502=VERTEX_POINT('',#5269);
#1503=VERTEX_POINT('',#5271);
#1504=VERTEX_POINT('',#5275);
#1505=VERTEX_POINT('',#5279);
#1506=VERTEX_POINT('',#5281);
#1507=VERTEX_POINT('',#5285);
#1508=VERTEX_POINT('',#5287);
#1509=VERTEX_POINT('',#5289);
#1510=VERTEX_POINT('',#5291);
#1511=VERTEX_POINT('',#5294);
#1512=VERTEX_POINT('',#5296);
#1513=VERTEX_POINT('',#5299);
#1514=VERTEX_POINT('',#5301);
#1515=VERTEX_POINT('',#5303);
#1516=VERTEX_POINT('',#5307);
#1517=VERTEX_POINT('',#5309);
#1518=VERTEX_POINT('',#5311);
#1519=VERTEX_POINT('',#5313);
#1520=VERTEX_POINT('',#5315);
#1521=VERTEX_POINT('',#5317);
#1522=VERTEX_POINT('',#5319);
#1523=VERTEX_POINT('',#5321);
#1524=VERTEX_POINT('',#5323);
#1525=VERTEX_POINT('',#5326);
#1526=VERTEX_POINT('',#5328);
#1527=VERTEX_POINT('',#5330);
#1528=VERTEX_POINT('',#5332);
#1529=VERTEX_POINT('',#5334);
#1530=VERTEX_POINT('',#5337);
#1531=VERTEX_POINT('',#5341);
#1532=VERTEX_POINT('',#5345);
#1533=VERTEX_POINT('',#5349);
#1534=VERTEX_POINT('',#5353);
#1535=VERTEX_POINT('',#5354);
#1536=VERTEX_POINT('',#5356);
#1537=VERTEX_POINT('',#5358);
#1538=VERTEX_POINT('',#5362);
#1539=VERTEX_POINT('',#5363);
#1540=VERTEX_POINT('',#5368);
#1541=VERTEX_POINT('',#5370);
#1542=VERTEX_POINT('',#5374);
#1543=VERTEX_POINT('',#5376);
#1544=VERTEX_POINT('',#5383);
#1545=VERTEX_POINT('',#5384);
#1546=VERTEX_POINT('',#5386);
#1547=VERTEX_POINT('',#5388);
#1548=VERTEX_POINT('',#5421);
#1549=VERTEX_POINT('',#5422);
#1550=VERTEX_POINT('',#5429);
#1551=VERTEX_POINT('',#5469);
#1552=VERTEX_POINT('',#5470);
#1553=VERTEX_POINT('',#5531);
#1554=VERTEX_POINT('',#5533);
#1555=VERTEX_POINT('',#5542);
#1556=VERTEX_POINT('',#5547);
#1557=VERTEX_POINT('',#5549);
#1558=VERTEX_POINT('',#5551);
#1559=VERTEX_POINT('',#5553);
#1560=VERTEX_POINT('',#5555);
#1561=VERTEX_POINT('',#5557);
#1562=VERTEX_POINT('',#5559);
#1563=VERTEX_POINT('',#5564);
#1564=VERTEX_POINT('',#5597);
#1565=VERTEX_POINT('',#5598);
#1566=VERTEX_POINT('',#5600);
#1567=VERTEX_POINT('',#5606);
#1568=VERTEX_POINT('',#5643);
#1569=VERTEX_POINT('',#5650);
#1570=VERTEX_POINT('',#5661);
#1571=VERTEX_POINT('',#5714);
#1572=VERTEX_POINT('',#5736);
#1573=VERTEX_POINT('',#5740);
#1574=VERTEX_POINT('',#5742);
#1575=VERTEX_POINT('',#5744);
#1576=VERTEX_POINT('',#5804);
#1577=VERTEX_POINT('',#5808);
#1578=VERTEX_POINT('',#5810);
#1579=VERTEX_POINT('',#5812);
#1580=VERTEX_POINT('',#5872);
#1581=VERTEX_POINT('',#5876);
#1582=VERTEX_POINT('',#5879);
#1583=VERTEX_POINT('',#5882);
#1584=VERTEX_POINT('',#5885);
#1585=VERTEX_POINT('',#5898);
#1586=VERTEX_POINT('',#5899);
#1587=VERTEX_POINT('',#5910);
#1588=VERTEX_POINT('',#5912);
#1589=VERTEX_POINT('',#5925);
#1590=VERTEX_POINT('',#5929);
#1591=VERTEX_POINT('',#5931);
#1592=VERTEX_POINT('',#5935);
#1593=VERTEX_POINT('',#5936);
#1594=VERTEX_POINT('',#5939);
#1595=VERTEX_POINT('',#5942);
#1596=VERTEX_POINT('',#5953);
#1597=VERTEX_POINT('',#5962);
#1598=VERTEX_POINT('',#5975);
#1599=VERTEX_POINT('',#5976);
#1600=VERTEX_POINT('',#5978);
#1601=VERTEX_POINT('',#5980);
#1602=VERTEX_POINT('',#5982);
#1603=VERTEX_POINT('',#5984);
#1604=VERTEX_POINT('',#5987);
#1605=VERTEX_POINT('',#6009);
#1606=VERTEX_POINT('',#6022);
#1607=VERTEX_POINT('',#6037);
#1608=VERTEX_POINT('',#6038);
#1609=VERTEX_POINT('',#6041);
#1610=VERTEX_POINT('',#6044);
#1611=VERTEX_POINT('',#6045);
#1612=VERTEX_POINT('',#6064);
#1613=VERTEX_POINT('',#6081);
#1614=VERTEX_POINT('',#6085);
#1615=VERTEX_POINT('',#6089);
#1616=VERTEX_POINT('',#6092);
#1617=VERTEX_POINT('',#6094);
#1618=VERTEX_POINT('',#6096);
#1619=VERTEX_POINT('',#6098);
#1620=VERTEX_POINT('',#6100);
#1621=VERTEX_POINT('',#6103);
#1622=VERTEX_POINT('',#6105);
#1623=VERTEX_POINT('',#6107);
#1624=VERTEX_POINT('',#6109);
#1625=VERTEX_POINT('',#6111);
#1626=VERTEX_POINT('',#6113);
#1627=VERTEX_POINT('',#6115);
#1628=VERTEX_POINT('',#6117);
#1629=VERTEX_POINT('',#6121);
#1630=VERTEX_POINT('',#6123);
#1631=VERTEX_POINT('',#6125);
#1632=VERTEX_POINT('',#6128);
#1633=VERTEX_POINT('',#6131);
#1634=VERTEX_POINT('',#6133);
#1635=VERTEX_POINT('',#6135);
#1636=VERTEX_POINT('',#6155);
#1637=VERTEX_POINT('',#6173);
#1638=VERTEX_POINT('',#6180);
#1639=VERTEX_POINT('',#6182);
#1640=EDGE_CURVE('',#1316,#1317,#708,.T.);
#1641=EDGE_CURVE('',#1318,#1316,#709,.T.);
#1642=EDGE_CURVE('',#1319,#1318,#710,.T.);
#1643=EDGE_CURVE('',#1319,#1317,#711,.T.);
#1644=EDGE_CURVE('',#1317,#1320,#86,.T.);
#1645=EDGE_CURVE('',#1321,#1319,#87,.T.);
#1646=EDGE_CURVE('',#1321,#1320,#712,.T.);
#1647=EDGE_CURVE('',#1320,#1322,#713,.T.);
#1648=EDGE_CURVE('',#1323,#1321,#714,.T.);
#1649=EDGE_CURVE('',#1323,#1322,#715,.T.);
#1650=EDGE_CURVE('',#1322,#1316,#88,.T.);
#1651=EDGE_CURVE('',#1318,#1323,#89,.T.);
#1652=EDGE_CURVE('',#1324,#1325,#716,.T.);
#1653=EDGE_CURVE('',#1326,#1324,#717,.T.);
#1654=EDGE_CURVE('',#1327,#1326,#718,.T.);
#1655=EDGE_CURVE('',#1327,#1325,#719,.T.);
#1656=EDGE_CURVE('',#1325,#1328,#90,.T.);
#1657=EDGE_CURVE('',#1329,#1327,#91,.T.);
#1658=EDGE_CURVE('',#1329,#1328,#720,.T.);
#1659=EDGE_CURVE('',#1328,#1330,#721,.T.);
#1660=EDGE_CURVE('',#1331,#1329,#722,.T.);
#1661=EDGE_CURVE('',#1331,#1330,#723,.T.);
#1662=EDGE_CURVE('',#1330,#1324,#92,.T.);
#1663=EDGE_CURVE('',#1326,#1331,#93,.T.);
#1664=EDGE_CURVE('',#1332,#1333,#724,.T.);
#1665=EDGE_CURVE('',#1334,#1332,#725,.T.);
#1666=EDGE_CURVE('',#1335,#1334,#726,.T.);
#1667=EDGE_CURVE('',#1335,#1333,#727,.T.);
#1668=EDGE_CURVE('',#1333,#1336,#94,.T.);
#1669=EDGE_CURVE('',#1337,#1335,#95,.T.);
#1670=EDGE_CURVE('',#1337,#1336,#728,.T.);
#1671=EDGE_CURVE('',#1336,#1338,#729,.T.);
#1672=EDGE_CURVE('',#1339,#1337,#730,.T.);
#1673=EDGE_CURVE('',#1339,#1338,#731,.T.);
#1674=EDGE_CURVE('',#1338,#1332,#96,.T.);
#1675=EDGE_CURVE('',#1334,#1339,#97,.T.);
#1676=EDGE_CURVE('',#1340,#1341,#732,.T.);
#1677=EDGE_CURVE('',#1342,#1340,#733,.T.);
#1678=EDGE_CURVE('',#1343,#1342,#734,.T.);
#1679=EDGE_CURVE('',#1343,#1341,#735,.T.);
#1680=EDGE_CURVE('',#1341,#1344,#98,.T.);
#1681=EDGE_CURVE('',#1345,#1343,#99,.T.);
#1682=EDGE_CURVE('',#1345,#1344,#736,.T.);
#1683=EDGE_CURVE('',#1344,#1346,#737,.T.);
#1684=EDGE_CURVE('',#1347,#1345,#738,.T.);
#1685=EDGE_CURVE('',#1347,#1346,#739,.T.);
#1686=EDGE_CURVE('',#1346,#1340,#100,.T.);
#1687=EDGE_CURVE('',#1342,#1347,#101,.T.);
#1688=EDGE_CURVE('',#1348,#1349,#740,.T.);
#1689=EDGE_CURVE('',#1350,#1348,#741,.T.);
#1690=EDGE_CURVE('',#1351,#1350,#742,.T.);
#1691=EDGE_CURVE('',#1351,#1349,#743,.T.);
#1692=EDGE_CURVE('',#1349,#1352,#102,.T.);
#1693=EDGE_CURVE('',#1353,#1351,#103,.T.);
#1694=EDGE_CURVE('',#1353,#1352,#744,.T.);
#1695=EDGE_CURVE('',#1352,#1354,#745,.T.);
#1696=EDGE_CURVE('',#1355,#1353,#746,.T.);
#1697=EDGE_CURVE('',#1355,#1354,#747,.T.);
#1698=EDGE_CURVE('',#1354,#1348,#104,.T.);
#1699=EDGE_CURVE('',#1350,#1355,#105,.T.);
#1700=EDGE_CURVE('',#1356,#1357,#748,.T.);
#1701=EDGE_CURVE('',#1356,#1358,#749,.T.);
#1702=EDGE_CURVE('',#1359,#1358,#750,.T.);
#1703=EDGE_CURVE('',#1357,#1359,#751,.T.);
#1704=EDGE_CURVE('',#1360,#1361,#752,.T.);
#1705=EDGE_CURVE('',#1360,#1362,#753,.T.);
#1706=EDGE_CURVE('',#1363,#1362,#754,.T.);
#1707=EDGE_CURVE('',#1361,#1363,#755,.T.);
#1708=EDGE_CURVE('',#1361,#1356,#756,.T.);
#1709=EDGE_CURVE('',#1358,#1363,#757,.T.);
#1710=EDGE_CURVE('',#1362,#1359,#758,.T.);
#1711=EDGE_CURVE('',#1364,#1357,#759,.T.);
#1712=EDGE_CURVE('',#1365,#1364,#760,.T.);
#1713=EDGE_CURVE('',#1366,#1365,#761,.T.);
#1714=EDGE_CURVE('',#1367,#1366,#762,.T.);
#1715=EDGE_CURVE('',#1360,#1367,#763,.T.);
#1716=EDGE_CURVE('',#1368,#1369,#764,.T.);
#1717=EDGE_CURVE('',#1368,#1370,#765,.T.);
#1718=EDGE_CURVE('',#1371,#1370,#766,.T.);
#1719=EDGE_CURVE('',#1369,#1371,#767,.T.);
#1720=EDGE_CURVE('',#1369,#1372,#106,.T.);
#1721=EDGE_CURVE('',#1373,#1371,#107,.T.);
#1722=EDGE_CURVE('',#1372,#1373,#768,.T.);
#1723=EDGE_CURVE('',#1372,#1374,#769,.T.);
#1724=EDGE_CURVE('',#1375,#1373,#770,.T.);
#1725=EDGE_CURVE('',#1374,#1375,#771,.T.);
#1726=EDGE_CURVE('',#1374,#1376,#772,.T.);
#1727=EDGE_CURVE('',#1377,#1375,#773,.T.);
#1728=EDGE_CURVE('',#1376,#1377,#774,.T.);
#1729=EDGE_CURVE('',#1378,#1379,#775,.T.);
#1730=EDGE_CURVE('',#1379,#1380,#108,.T.);
#1731=EDGE_CURVE('',#1380,#1377,#776,.T.);
#1732=EDGE_CURVE('',#1370,#1378,#777,.T.);
#1733=EDGE_CURVE('',#1381,#1382,#778,.T.);
#1734=EDGE_CURVE('',#1381,#1383,#779,.T.);
#1735=EDGE_CURVE('',#1384,#1383,#780,.T.);
#1736=EDGE_CURVE('',#1382,#1384,#781,.T.);
#1737=EDGE_CURVE('',#1383,#1385,#782,.T.);
#1738=EDGE_CURVE('',#1385,#1386,#783,.T.);
#1739=EDGE_CURVE('',#1386,#1384,#784,.T.);
#1740=EDGE_CURVE('',#1387,#1382,#785,.T.);
#1741=EDGE_CURVE('',#1388,#1387,#786,.T.);
#1742=EDGE_CURVE('',#1381,#1388,#787,.T.);
#1743=EDGE_CURVE('',#1389,#1390,#788,.T.);
#1744=EDGE_CURVE('',#1389,#1391,#789,.T.);
#1745=EDGE_CURVE('',#1392,#1391,#790,.T.);
#1746=EDGE_CURVE('',#1390,#1392,#791,.T.);
#1747=EDGE_CURVE('',#1390,#1393,#792,.T.);
#1748=EDGE_CURVE('',#1394,#1392,#793,.T.);
#1749=EDGE_CURVE('',#1393,#1394,#794,.T.);
#1750=EDGE_CURVE('',#1393,#1395,#109,.T.);
#1751=EDGE_CURVE('',#1396,#1394,#110,.T.);
#1752=EDGE_CURVE('',#1395,#1396,#795,.T.);
#1753=EDGE_CURVE('',#1395,#1397,#796,.T.);
#1754=EDGE_CURVE('',#1398,#1396,#797,.T.);
#1755=EDGE_CURVE('',#1397,#1398,#798,.T.);
#1756=EDGE_CURVE('',#1397,#1399,#111,.T.);
#1757=EDGE_CURVE('',#1400,#1398,#112,.T.);
#1758=EDGE_CURVE('',#1399,#1400,#799,.T.);
#1759=EDGE_CURVE('',#1399,#1401,#800,.T.);
#1760=EDGE_CURVE('',#1402,#1400,#801,.T.);
#1761=EDGE_CURVE('',#1401,#1402,#802,.T.);
#1762=EDGE_CURVE('',#1391,#1403,#803,.T.);
#1763=EDGE_CURVE('',#1403,#1404,#113,.T.);
#1764=EDGE_CURVE('',#1404,#1405,#804,.T.);
#1765=EDGE_CURVE('',#1405,#1406,#114,.T.);
#1766=EDGE_CURVE('',#1406,#1407,#805,.T.);
#1767=EDGE_CURVE('',#1407,#1402,#806,.T.);
#1768=EDGE_CURVE('',#1408,#1409,#807,.T.);
#1769=EDGE_CURVE('',#1408,#1410,#808,.T.);
#1770=EDGE_CURVE('',#1411,#1410,#809,.T.);
#1771=EDGE_CURVE('',#1409,#1411,#810,.T.);
#1772=EDGE_CURVE('',#1412,#1413,#811,.T.);
#1773=EDGE_CURVE('',#1412,#1414,#812,.T.);
#1774=EDGE_CURVE('',#1415,#1414,#813,.T.);
#1775=EDGE_CURVE('',#1413,#1415,#814,.T.);
#1776=EDGE_CURVE('',#1413,#1408,#815,.T.);
#1777=EDGE_CURVE('',#1410,#1415,#816,.T.);
#1778=EDGE_CURVE('',#1414,#1411,#817,.T.);
#1779=EDGE_CURVE('',#1416,#1409,#818,.T.);
#1780=EDGE_CURVE('',#1417,#1416,#819,.T.);
#1781=EDGE_CURVE('',#1418,#1417,#820,.T.);
#1782=EDGE_CURVE('',#1419,#1418,#821,.T.);
#1783=EDGE_CURVE('',#1412,#1419,#822,.T.);
#1784=EDGE_CURVE('',#1420,#1421,#823,.T.);
#1785=EDGE_CURVE('',#1420,#1422,#824,.T.);
#1786=EDGE_CURVE('',#1423,#1422,#825,.T.);
#1787=EDGE_CURVE('',#1421,#1423,#826,.T.);
#1788=EDGE_CURVE('',#1421,#1424,#827,.T.);
#1789=EDGE_CURVE('',#1425,#1423,#828,.T.);
#1790=EDGE_CURVE('',#1424,#1425,#829,.T.);
#1791=EDGE_CURVE('',#1424,#1426,#115,.T.);
#1792=EDGE_CURVE('',#1427,#1425,#116,.T.);
#1793=EDGE_CURVE('',#1426,#1427,#830,.T.);
#1794=EDGE_CURVE('',#1426,#1428,#831,.T.);
#1795=EDGE_CURVE('',#1429,#1427,#832,.T.);
#1796=EDGE_CURVE('',#1428,#1429,#833,.T.);
#1797=EDGE_CURVE('',#1428,#1430,#834,.T.);
#1798=EDGE_CURVE('',#1431,#1429,#835,.T.);
#1799=EDGE_CURVE('',#1430,#1431,#836,.T.);
#1800=EDGE_CURVE('',#1422,#1432,#837,.T.);
#1801=EDGE_CURVE('',#1432,#1433,#117,.T.);
#1802=EDGE_CURVE('',#1433,#1431,#838,.T.);
#1803=EDGE_CURVE('',#1434,#1435,#118,.T.);
#1804=EDGE_CURVE('',#1436,#1434,#839,.T.);
#1805=EDGE_CURVE('',#1437,#1436,#119,.T.);
#1806=EDGE_CURVE('',#1438,#1437,#840,.T.);
#1807=EDGE_CURVE('',#1439,#1438,#120,.T.);
#1808=EDGE_CURVE('',#1440,#1439,#841,.T.);
#1809=EDGE_CURVE('',#1441,#1440,#121,.T.);
#1810=EDGE_CURVE('',#1435,#1441,#842,.T.);
#1811=EDGE_CURVE('',#1442,#1438,#843,.T.);
#1812=EDGE_CURVE('',#1443,#1442,#122,.T.);
#1813=EDGE_CURVE('',#1443,#1439,#844,.T.);
#1814=EDGE_CURVE('',#1444,#1437,#845,.T.);
#1815=EDGE_CURVE('',#1442,#1444,#846,.T.);
#1816=EDGE_CURVE('',#1445,#1436,#847,.T.);
#1817=EDGE_CURVE('',#1444,#1445,#123,.T.);
#1818=EDGE_CURVE('',#1446,#1434,#848,.T.);
#1819=EDGE_CURVE('',#1445,#1446,#849,.T.);
#1820=EDGE_CURVE('',#1447,#1448,#124,.T.);
#1821=EDGE_CURVE('',#1449,#1447,#850,.T.);
#1822=EDGE_CURVE('',#1450,#1449,#125,.T.);
#1823=EDGE_CURVE('',#1451,#1450,#851,.T.);
#1824=EDGE_CURVE('',#1452,#1451,#126,.T.);
#1825=EDGE_CURVE('',#1453,#1452,#852,.T.);
#1826=EDGE_CURVE('',#1454,#1453,#127,.T.);
#1827=EDGE_CURVE('',#1448,#1454,#853,.T.);
#1828=EDGE_CURVE('',#1455,#1451,#854,.T.);
#1829=EDGE_CURVE('',#1456,#1455,#128,.T.);
#1830=EDGE_CURVE('',#1456,#1452,#855,.T.);
#1831=EDGE_CURVE('',#1457,#1450,#856,.T.);
#1832=EDGE_CURVE('',#1455,#1457,#857,.T.);
#1833=EDGE_CURVE('',#1458,#1449,#858,.T.);
#1834=EDGE_CURVE('',#1457,#1458,#129,.T.);
#1835=EDGE_CURVE('',#1459,#1447,#859,.T.);
#1836=EDGE_CURVE('',#1458,#1459,#860,.T.);
#1837=EDGE_CURVE('',#1460,#1461,#130,.T.);
#1838=EDGE_CURVE('',#1462,#1460,#861,.T.);
#1839=EDGE_CURVE('',#1463,#1462,#131,.T.);
#1840=EDGE_CURVE('',#1464,#1463,#862,.T.);
#1841=EDGE_CURVE('',#1465,#1464,#132,.T.);
#1842=EDGE_CURVE('',#1466,#1465,#863,.T.);
#1843=EDGE_CURVE('',#1467,#1466,#133,.T.);
#1844=EDGE_CURVE('',#1461,#1467,#864,.T.);
#1845=EDGE_CURVE('',#1468,#1464,#865,.T.);
#1846=EDGE_CURVE('',#1469,#1468,#134,.T.);
#1847=EDGE_CURVE('',#1469,#1465,#866,.T.);
#1848=EDGE_CURVE('',#1470,#1463,#867,.T.);
#1849=EDGE_CURVE('',#1468,#1470,#868,.T.);
#1850=EDGE_CURVE('',#1471,#1462,#869,.T.);
#1851=EDGE_CURVE('',#1470,#1471,#135,.T.);
#1852=EDGE_CURVE('',#1472,#1460,#870,.T.);
#1853=EDGE_CURVE('',#1471,#1472,#871,.T.);
#1854=EDGE_CURVE('',#1473,#1443,#872,.T.);
#1855=EDGE_CURVE('',#1473,#1440,#873,.T.);
#1856=EDGE_CURVE('',#1474,#1473,#136,.T.);
#1857=EDGE_CURVE('',#1474,#1441,#874,.T.);
#1858=EDGE_CURVE('',#1475,#1474,#875,.T.);
#1859=EDGE_CURVE('',#1475,#1435,#876,.T.);
#1860=EDGE_CURVE('',#1446,#1475,#137,.T.);
#1861=EDGE_CURVE('',#1476,#1469,#877,.T.);
#1862=EDGE_CURVE('',#1476,#1466,#878,.T.);
#1863=EDGE_CURVE('',#1477,#1476,#138,.T.);
#1864=EDGE_CURVE('',#1477,#1467,#879,.T.);
#1865=EDGE_CURVE('',#1478,#1477,#880,.T.);
#1866=EDGE_CURVE('',#1478,#1461,#881,.T.);
#1867=EDGE_CURVE('',#1472,#1478,#139,.T.);
#1868=EDGE_CURVE('',#1479,#1456,#882,.T.);
#1869=EDGE_CURVE('',#1479,#1453,#883,.T.);
#1870=EDGE_CURVE('',#1480,#1479,#140,.T.);
#1871=EDGE_CURVE('',#1480,#1454,#884,.T.);
#1872=EDGE_CURVE('',#1481,#1480,#885,.T.);
#1873=EDGE_CURVE('',#1481,#1448,#886,.T.);
#1874=EDGE_CURVE('',#1459,#1481,#141,.T.);
#1875=EDGE_CURVE('',#1482,#1376,#887,.T.);
#1876=EDGE_CURVE('',#1483,#1482,#888,.T.);
#1877=EDGE_CURVE('',#1484,#1483,#889,.T.);
#1878=EDGE_CURVE('',#1485,#1484,#142,.T.);
#1879=EDGE_CURVE('',#1486,#1485,#890,.T.);
#1880=EDGE_CURVE('',#1368,#1486,#891,.T.);
#1881=EDGE_CURVE('',#1487,#1401,#892,.T.);
#1882=EDGE_CURVE('',#1488,#1487,#893,.T.);
#1883=EDGE_CURVE('',#1489,#1488,#143,.T.);
#1884=EDGE_CURVE('',#1490,#1489,#894,.T.);
#1885=EDGE_CURVE('',#1491,#1490,#144,.T.);
#1886=EDGE_CURVE('',#1492,#1491,#895,.T.);
#1887=EDGE_CURVE('',#1493,#1492,#145,.T.);
#1888=EDGE_CURVE('',#1494,#1493,#896,.T.);
#1889=EDGE_CURVE('',#1495,#1494,#897,.T.);
#1890=EDGE_CURVE('',#1420,#1495,#898,.T.);
#1891=EDGE_CURVE('',#1389,#1430,#899,.T.);
#1892=EDGE_CURVE('',#1496,#1386,#900,.T.);
#1893=EDGE_CURVE('',#1497,#1496,#901,.T.);
#1894=EDGE_CURVE('',#1387,#1497,#902,.T.);
#1895=EDGE_CURVE('',#1498,#1484,#903,.T.);
#1896=EDGE_CURVE('',#1499,#1498,#146,.T.);
#1897=EDGE_CURVE('',#1499,#1485,#904,.T.);
#1898=EDGE_CURVE('',#1483,#1418,#147,.T.);
#1899=EDGE_CURVE('',#1419,#1482,#148,.T.);
#1900=EDGE_CURVE('',#1500,#1366,#149,.T.);
#1901=EDGE_CURVE('',#1500,#1501,#905,.T.);
#1902=EDGE_CURVE('',#1367,#1501,#150,.T.);
#1903=EDGE_CURVE('',#1502,#1433,#906,.T.);
#1904=EDGE_CURVE('',#1502,#1503,#907,.T.);
#1905=EDGE_CURVE('',#1503,#1403,#908,.T.);
#1906=EDGE_CURVE('',#1504,#1432,#909,.T.);
#1907=EDGE_CURVE('',#1504,#1502,#151,.T.);
#1908=EDGE_CURVE('',#1505,#1494,#152,.T.);
#1909=EDGE_CURVE('',#1505,#1506,#910,.T.);
#1910=EDGE_CURVE('',#1495,#1506,#153,.T.);
#1911=EDGE_CURVE('',#1385,#1507,#911,.T.);
#1912=EDGE_CURVE('',#1507,#1508,#154,.T.);
#1913=EDGE_CURVE('',#1508,#1509,#912,.T.);
#1914=EDGE_CURVE('',#1509,#1510,#155,.T.);
#1915=EDGE_CURVE('',#1510,#1407,#913,.T.);
#1916=EDGE_CURVE('',#1511,#1406,#914,.T.);
#1917=EDGE_CURVE('',#1511,#1512,#915,.T.);
#1918=EDGE_CURVE('',#1512,#1379,#916,.T.);
#1919=EDGE_CURVE('',#1378,#1513,#917,.T.);
#1920=EDGE_CURVE('',#1513,#1514,#156,.T.);
#1921=EDGE_CURVE('',#1514,#1515,#918,.T.);
#1922=EDGE_CURVE('',#1515,#1496,#157,.T.);
#1923=EDGE_CURVE('',#1417,#1516,#158,.T.);
#1924=EDGE_CURVE('',#1516,#1517,#919,.T.);
#1925=EDGE_CURVE('',#1517,#1518,#159,.T.);
#1926=EDGE_CURVE('',#1518,#1519,#920,.T.);
#1927=EDGE_CURVE('',#1519,#1520,#160,.T.);
#1928=EDGE_CURVE('',#1520,#1521,#921,.T.);
#1929=EDGE_CURVE('',#1521,#1522,#161,.T.);
#1930=EDGE_CURVE('',#1522,#1523,#922,.T.);
#1931=EDGE_CURVE('',#1523,#1524,#162,.T.);
#1932=EDGE_CURVE('',#1524,#1500,#923,.T.);
#1933=EDGE_CURVE('',#1365,#1525,#163,.T.);
#1934=EDGE_CURVE('',#1525,#1526,#924,.T.);
#1935=EDGE_CURVE('',#1526,#1527,#164,.T.);
#1936=EDGE_CURVE('',#1527,#1528,#925,.T.);
#1937=EDGE_CURVE('',#1528,#1529,#165,.T.);
#1938=EDGE_CURVE('',#1529,#1505,#926,.T.);
#1939=EDGE_CURVE('',#1530,#1493,#927,.T.);
#1940=EDGE_CURVE('',#1498,#1530,#928,.T.);
#1941=EDGE_CURVE('',#1531,#1492,#929,.T.);
#1942=EDGE_CURVE('',#1530,#1531,#166,.T.);
#1943=EDGE_CURVE('',#1532,#1491,#930,.T.);
#1944=EDGE_CURVE('',#1531,#1532,#931,.T.);
#1945=EDGE_CURVE('',#1533,#1490,#932,.T.);
#1946=EDGE_CURVE('',#1532,#1533,#167,.T.);
#1947=EDGE_CURVE('',#1534,#1535,#933,.T.);
#1948=EDGE_CURVE('',#1534,#1536,#934,.T.);
#1949=EDGE_CURVE('',#1536,#1537,#935,.T.);
#1950=EDGE_CURVE('',#1535,#1537,#936,.T.);
#1951=EDGE_CURVE('',#1538,#1539,#937,.T.);
#1952=EDGE_CURVE('',#1537,#1538,#938,.T.);
#1953=EDGE_CURVE('',#1539,#1536,#939,.T.);
#1954=EDGE_CURVE('',#1540,#1534,#168,.T.);
#1955=EDGE_CURVE('',#1540,#1541,#940,.T.);
#1956=EDGE_CURVE('',#1539,#1541,#169,.T.);
#1957=EDGE_CURVE('',#1535,#1542,#170,.T.);
#1958=EDGE_CURVE('',#1543,#1538,#171,.T.);
#1959=EDGE_CURVE('',#1542,#1543,#941,.T.);
#1960=EDGE_CURVE('',#1542,#1540,#942,.T.);
#1961=EDGE_CURVE('',#1541,#1543,#943,.T.);
#1962=EDGE_CURVE('',#1544,#1545,#172,.T.);
#1963=EDGE_CURVE('',#1545,#1546,#173,.T.);
#1964=EDGE_CURVE('',#1546,#1547,#174,.T.);
#1965=EDGE_CURVE('',#1547,#1544,#175,.T.);
#1966=EDGE_CURVE('',#1548,#1549,#176,.T.);
#1967=EDGE_CURVE('',#1549,#1547,#23,.T.);
#1968=EDGE_CURVE('',#1546,#1550,#24,.T.);
#1969=EDGE_CURVE('',#1550,#1548,#25,.T.);
#1970=EDGE_CURVE('',#1551,#1552,#177,.T.);
#1971=EDGE_CURVE('',#1552,#1549,#26,.T.);
#1972=EDGE_CURVE('',#1548,#1551,#27,.T.);
#1973=EDGE_CURVE('',#1544,#1552,#28,.T.);
#1974=EDGE_CURVE('',#1551,#1545,#29,.T.);
#1975=EDGE_CURVE('',#1544,#1553,#944,.T.);
#1976=EDGE_CURVE('',#1554,#1553,#30,.T.);
#1977=EDGE_CURVE('',#1554,#1555,#945,.T.);
#1978=EDGE_CURVE('',#1555,#1498,#178,.T.);
#1979=EDGE_CURVE('',#1552,#1530,#179,.T.);
#1980=EDGE_CURVE('',#1556,#1547,#946,.T.);
#1981=EDGE_CURVE('',#1557,#1556,#180,.T.);
#1982=EDGE_CURVE('',#1558,#1557,#947,.T.);
#1983=EDGE_CURVE('',#1559,#1558,#181,.T.);
#1984=EDGE_CURVE('',#1560,#1559,#948,.T.);
#1985=EDGE_CURVE('',#1561,#1560,#182,.T.);
#1986=EDGE_CURVE('',#1562,#1561,#949,.T.);
#1987=EDGE_CURVE('',#1555,#1562,#183,.T.);
#1988=EDGE_CURVE('',#1553,#1554,#184,.T.);
#1989=EDGE_CURVE('',#1550,#1563,#950,.T.);
#1990=EDGE_CURVE('',#1563,#1563,#185,.T.);
#1991=EDGE_CURVE('',#1564,#1565,#186,.T.);
#1992=EDGE_CURVE('',#1565,#1566,#31,.T.);
#1993=EDGE_CURVE('',#1566,#1567,#187,.T.);
#1994=EDGE_CURVE('',#1567,#1564,#32,.T.);
#1995=EDGE_CURVE('',#1568,#1556,#188,.T.);
#1996=EDGE_CURVE('',#1556,#1565,#33,.T.);
#1997=EDGE_CURVE('',#1564,#1569,#34,.T.);
#1998=EDGE_CURVE('',#1569,#1568,#35,.T.);
#1999=EDGE_CURVE('',#1570,#1557,#189,.T.);
#2000=EDGE_CURVE('',#1568,#1570,#190,.T.);
#2001=EDGE_CURVE('',#1566,#1557,#36,.T.);
#2002=EDGE_CURVE('',#1570,#1567,#37,.T.);
#2003=EDGE_CURVE('',#1566,#1533,#191,.T.);
#2004=EDGE_CURVE('',#1533,#1571,#951,.T.);
#2005=EDGE_CURVE('',#1560,#1571,#192,.T.);
#2006=EDGE_CURVE('',#1558,#1559,#38,.T.);
#2007=EDGE_CURVE('',#1565,#1532,#193,.T.);
#2008=EDGE_CURVE('',#1569,#1572,#952,.T.);
#2009=EDGE_CURVE('',#1572,#1572,#194,.T.);
#2010=EDGE_CURVE('',#1558,#1573,#195,.T.);
#2011=EDGE_CURVE('',#1573,#1574,#196,.T.);
#2012=EDGE_CURVE('',#1574,#1575,#197,.T.);
#2013=EDGE_CURVE('',#1575,#1559,#198,.T.);
#2014=EDGE_CURVE('',#1575,#1573,#39,.T.);
#2015=EDGE_CURVE('',#1574,#1576,#953,.T.);
#2016=EDGE_CURVE('',#1576,#1576,#199,.T.);
#2017=EDGE_CURVE('',#1554,#1577,#200,.T.);
#2018=EDGE_CURVE('',#1577,#1578,#201,.T.);
#2019=EDGE_CURVE('',#1578,#1579,#202,.T.);
#2020=EDGE_CURVE('',#1579,#1553,#203,.T.);
#2021=EDGE_CURVE('',#1579,#1577,#40,.T.);
#2022=EDGE_CURVE('',#1578,#1580,#954,.T.);
#2023=EDGE_CURVE('',#1580,#1580,#204,.T.);
#2024=EDGE_CURVE('',#1581,#1581,#205,.T.);
#2025=EDGE_CURVE('',#1582,#1582,#206,.T.);
#2026=EDGE_CURVE('',#1583,#1583,#207,.T.);
#2027=EDGE_CURVE('',#1584,#1584,#208,.T.);
#2028=EDGE_CURVE('',#1531,#1549,#209,.T.);
#2029=EDGE_CURVE('',#1585,#1586,#41,.T.);
#2030=EDGE_CURVE('',#1587,#1585,#210,.T.);
#2031=EDGE_CURVE('',#1588,#1587,#42,.T.);
#2032=EDGE_CURVE('',#1586,#1588,#211,.T.);
#2033=EDGE_CURVE('',#1589,#1589,#212,.T.);
#2034=EDGE_CURVE('',#1589,#1584,#955,.T.);
#2035=EDGE_CURVE('',#1586,#1590,#956,.T.);
#2036=EDGE_CURVE('',#1591,#1588,#957,.T.);
#2037=EDGE_CURVE('',#1590,#1591,#213,.T.);
#2038=EDGE_CURVE('',#1592,#1593,#958,.T.);
#2039=EDGE_CURVE('',#1592,#1593,#214,.T.);
#2040=EDGE_CURVE('',#1594,#1594,#215,.T.);
#2041=EDGE_CURVE('',#1593,#1595,#43,.T.);
#2042=EDGE_CURVE('',#1596,#1592,#44,.T.);
#2043=EDGE_CURVE('',#1597,#1596,#45,.T.);
#2044=EDGE_CURVE('',#1595,#1597,#216,.T.);
#2045=EDGE_CURVE('',#1594,#1581,#959,.T.);
#2046=EDGE_CURVE('',#1598,#1599,#960,.T.);
#2047=EDGE_CURVE('',#1600,#1598,#217,.T.);
#2048=EDGE_CURVE('',#1600,#1601,#218,.T.);
#2049=EDGE_CURVE('',#1602,#1601,#219,.T.);
#2050=EDGE_CURVE('',#1603,#1602,#961,.T.);
#2051=EDGE_CURVE('',#1603,#1599,#220,.T.);
#2052=EDGE_CURVE('',#1604,#1604,#221,.T.);
#2053=EDGE_CURVE('',#1601,#1600,#46,.T.);
#2054=EDGE_CURVE('',#1599,#1605,#47,.T.);
#2055=EDGE_CURVE('',#1606,#1603,#48,.T.);
#2056=EDGE_CURVE('',#1605,#1606,#222,.T.);
#2057=EDGE_CURVE('',#1604,#1582,#962,.T.);
#2058=EDGE_CURVE('',#1607,#1608,#963,.T.);
#2059=EDGE_CURVE('',#1607,#1608,#223,.T.);
#2060=EDGE_CURVE('',#1609,#1609,#224,.T.);
#2061=EDGE_CURVE('',#1610,#1611,#49,.T.);
#2062=EDGE_CURVE('',#1608,#1610,#50,.T.);
#2063=EDGE_CURVE('',#1612,#1607,#51,.T.);
#2064=EDGE_CURVE('',#1611,#1612,#225,.T.);
#2065=EDGE_CURVE('',#1609,#1583,#964,.T.);
#2066=EDGE_CURVE('',#1613,#1416,#226,.T.);
#2067=EDGE_CURVE('',#1516,#1613,#965,.T.);
#2068=EDGE_CURVE('',#1614,#1388,#966,.T.);
#2069=EDGE_CURVE('',#1614,#1507,#967,.T.);
#2070=EDGE_CURVE('',#1615,#1380,#968,.T.);
#2071=EDGE_CURVE('',#1615,#1504,#969,.T.);
#2072=EDGE_CURVE('',#1506,#1616,#970,.T.);
#2073=EDGE_CURVE('',#1616,#1617,#227,.T.);
#2074=EDGE_CURVE('',#1617,#1618,#971,.T.);
#2075=EDGE_CURVE('',#1618,#1619,#228,.T.);
#2076=EDGE_CURVE('',#1619,#1620,#972,.T.);
#2077=EDGE_CURVE('',#1620,#1364,#229,.T.);
#2078=EDGE_CURVE('',#1501,#1621,#973,.T.);
#2079=EDGE_CURVE('',#1621,#1622,#230,.T.);
#2080=EDGE_CURVE('',#1622,#1623,#974,.T.);
#2081=EDGE_CURVE('',#1623,#1624,#231,.T.);
#2082=EDGE_CURVE('',#1624,#1625,#975,.T.);
#2083=EDGE_CURVE('',#1625,#1626,#232,.T.);
#2084=EDGE_CURVE('',#1626,#1627,#976,.T.);
#2085=EDGE_CURVE('',#1627,#1628,#233,.T.);
#2086=EDGE_CURVE('',#1628,#1613,#977,.T.);
#2087=EDGE_CURVE('',#1497,#1629,#234,.T.);
#2088=EDGE_CURVE('',#1629,#1630,#978,.T.);
#2089=EDGE_CURVE('',#1630,#1631,#235,.T.);
#2090=EDGE_CURVE('',#1631,#1486,#979,.T.);
#2091=EDGE_CURVE('',#1632,#1499,#980,.T.);
#2092=EDGE_CURVE('',#1632,#1488,#981,.T.);
#2093=EDGE_CURVE('',#1487,#1633,#982,.T.);
#2094=EDGE_CURVE('',#1633,#1634,#236,.T.);
#2095=EDGE_CURVE('',#1634,#1635,#983,.T.);
#2096=EDGE_CURVE('',#1635,#1614,#237,.T.);
#2097=EDGE_CURVE('',#1631,#1513,#984,.T.);
#2098=EDGE_CURVE('',#1502,#1591,#238,.T.);
#2099=EDGE_CURVE('',#1590,#1504,#239,.T.);
#2100=EDGE_CURVE('',#1596,#1615,#240,.T.);
#2101=EDGE_CURVE('',#1585,#1595,#985,.T.);
#2102=EDGE_CURVE('',#1503,#1636,#241,.T.);
#2103=EDGE_CURVE('',#1636,#1404,#986,.T.);
#2104=EDGE_CURVE('',#1598,#1636,#242,.T.);
#2105=EDGE_CURVE('',#1602,#1503,#243,.T.);
#2106=EDGE_CURVE('',#1606,#1538,#987,.T.);
#2107=EDGE_CURVE('',#1539,#1587,#988,.T.);
#2108=EDGE_CURVE('',#1636,#1637,#989,.T.);
#2109=EDGE_CURVE('',#1637,#1405,#990,.T.);
#2110=EDGE_CURVE('',#1612,#1605,#991,.T.);
#2111=EDGE_CURVE('',#1610,#1637,#244,.T.);
#2112=EDGE_CURVE('',#1597,#1638,#245,.T.);
#2113=EDGE_CURVE('',#1638,#1639,#992,.T.);
#2114=EDGE_CURVE('',#1639,#1611,#246,.T.);
#2115=EDGE_CURVE('',#1571,#1489,#993,.T.);
#2116=EDGE_CURVE('',#1635,#1508,#994,.T.);
#2117=EDGE_CURVE('',#1634,#1509,#995,.T.);
#2118=EDGE_CURVE('',#1633,#1510,#996,.T.);
#2119=EDGE_CURVE('',#1630,#1514,#997,.T.);
#2120=EDGE_CURVE('',#1629,#1515,#998,.T.);
#2121=EDGE_CURVE('',#1529,#1616,#999,.T.);
#2122=EDGE_CURVE('',#1528,#1617,#1000,.T.);
#2123=EDGE_CURVE('',#1527,#1618,#1001,.T.);
#2124=EDGE_CURVE('',#1526,#1619,#1002,.T.);
#2125=EDGE_CURVE('',#1525,#1620,#1003,.T.);
#2126=EDGE_CURVE('',#1524,#1621,#1004,.T.);
#2127=EDGE_CURVE('',#1523,#1622,#1005,.T.);
#2128=EDGE_CURVE('',#1522,#1623,#1006,.T.);
#2129=EDGE_CURVE('',#1521,#1624,#1007,.T.);
#2130=EDGE_CURVE('',#1520,#1625,#1008,.T.);
#2131=EDGE_CURVE('',#1519,#1626,#1009,.T.);
#2132=EDGE_CURVE('',#1518,#1627,#1010,.T.);
#2133=EDGE_CURVE('',#1517,#1628,#1011,.T.);
#2134=EDGE_CURVE('',#1512,#1615,#247,.T.);
#2135=EDGE_CURVE('',#1638,#1512,#248,.T.);
#2136=EDGE_CURVE('',#1639,#1511,#249,.T.);
#2137=EDGE_CURVE('',#1637,#1511,#250,.T.);
#2138=EDGE_CURVE('',#1562,#1499,#251,.T.);
#2139=EDGE_CURVE('',#1561,#1632,#252,.T.);
#2140=EDGE_CURVE('',#1571,#1632,#253,.T.);
#2141=ORIENTED_EDGE('',*,*,#1640,.F.);
#2142=ORIENTED_EDGE('',*,*,#1641,.F.);
#2143=ORIENTED_EDGE('',*,*,#1642,.F.);
#2144=ORIENTED_EDGE('',*,*,#1643,.T.);
#2145=ORIENTED_EDGE('',*,*,#1644,.F.);
#2146=ORIENTED_EDGE('',*,*,#1643,.F.);
#2147=ORIENTED_EDGE('',*,*,#1645,.F.);
#2148=ORIENTED_EDGE('',*,*,#1646,.T.);
#2149=ORIENTED_EDGE('',*,*,#1647,.F.);
#2150=ORIENTED_EDGE('',*,*,#1646,.F.);
#2151=ORIENTED_EDGE('',*,*,#1648,.F.);
#2152=ORIENTED_EDGE('',*,*,#1649,.T.);
#2153=ORIENTED_EDGE('',*,*,#1650,.F.);
#2154=ORIENTED_EDGE('',*,*,#1649,.F.);
#2155=ORIENTED_EDGE('',*,*,#1651,.F.);
#2156=ORIENTED_EDGE('',*,*,#1641,.T.);
#2157=ORIENTED_EDGE('',*,*,#1652,.F.);
#2158=ORIENTED_EDGE('',*,*,#1653,.F.);
#2159=ORIENTED_EDGE('',*,*,#1654,.F.);
#2160=ORIENTED_EDGE('',*,*,#1655,.T.);
#2161=ORIENTED_EDGE('',*,*,#1656,.F.);
#2162=ORIENTED_EDGE('',*,*,#1655,.F.);
#2163=ORIENTED_EDGE('',*,*,#1657,.F.);
#2164=ORIENTED_EDGE('',*,*,#1658,.T.);
#2165=ORIENTED_EDGE('',*,*,#1659,.F.);
#2166=ORIENTED_EDGE('',*,*,#1658,.F.);
#2167=ORIENTED_EDGE('',*,*,#1660,.F.);
#2168=ORIENTED_EDGE('',*,*,#1661,.T.);
#2169=ORIENTED_EDGE('',*,*,#1662,.F.);
#2170=ORIENTED_EDGE('',*,*,#1661,.F.);
#2171=ORIENTED_EDGE('',*,*,#1663,.F.);
#2172=ORIENTED_EDGE('',*,*,#1653,.T.);
#2173=ORIENTED_EDGE('',*,*,#1664,.F.);
#2174=ORIENTED_EDGE('',*,*,#1665,.F.);
#2175=ORIENTED_EDGE('',*,*,#1666,.F.);
#2176=ORIENTED_EDGE('',*,*,#1667,.T.);
#2177=ORIENTED_EDGE('',*,*,#1668,.F.);
#2178=ORIENTED_EDGE('',*,*,#1667,.F.);
#2179=ORIENTED_EDGE('',*,*,#1669,.F.);
#2180=ORIENTED_EDGE('',*,*,#1670,.T.);
#2181=ORIENTED_EDGE('',*,*,#1671,.F.);
#2182=ORIENTED_EDGE('',*,*,#1670,.F.);
#2183=ORIENTED_EDGE('',*,*,#1672,.F.);
#2184=ORIENTED_EDGE('',*,*,#1673,.T.);
#2185=ORIENTED_EDGE('',*,*,#1674,.F.);
#2186=ORIENTED_EDGE('',*,*,#1673,.F.);
#2187=ORIENTED_EDGE('',*,*,#1675,.F.);
#2188=ORIENTED_EDGE('',*,*,#1665,.T.);
#2189=ORIENTED_EDGE('',*,*,#1676,.F.);
#2190=ORIENTED_EDGE('',*,*,#1677,.F.);
#2191=ORIENTED_EDGE('',*,*,#1678,.F.);
#2192=ORIENTED_EDGE('',*,*,#1679,.T.);
#2193=ORIENTED_EDGE('',*,*,#1680,.F.);
#2194=ORIENTED_EDGE('',*,*,#1679,.F.);
#2195=ORIENTED_EDGE('',*,*,#1681,.F.);
#2196=ORIENTED_EDGE('',*,*,#1682,.T.);
#2197=ORIENTED_EDGE('',*,*,#1683,.F.);
#2198=ORIENTED_EDGE('',*,*,#1682,.F.);
#2199=ORIENTED_EDGE('',*,*,#1684,.F.);
#2200=ORIENTED_EDGE('',*,*,#1685,.T.);
#2201=ORIENTED_EDGE('',*,*,#1686,.F.);
#2202=ORIENTED_EDGE('',*,*,#1685,.F.);
#2203=ORIENTED_EDGE('',*,*,#1687,.F.);
#2204=ORIENTED_EDGE('',*,*,#1677,.T.);
#2205=ORIENTED_EDGE('',*,*,#1688,.F.);
#2206=ORIENTED_EDGE('',*,*,#1689,.F.);
#2207=ORIENTED_EDGE('',*,*,#1690,.F.);
#2208=ORIENTED_EDGE('',*,*,#1691,.T.);
#2209=ORIENTED_EDGE('',*,*,#1692,.F.);
#2210=ORIENTED_EDGE('',*,*,#1691,.F.);
#2211=ORIENTED_EDGE('',*,*,#1693,.F.);
#2212=ORIENTED_EDGE('',*,*,#1694,.T.);
#2213=ORIENTED_EDGE('',*,*,#1695,.F.);
#2214=ORIENTED_EDGE('',*,*,#1694,.F.);
#2215=ORIENTED_EDGE('',*,*,#1696,.F.);
#2216=ORIENTED_EDGE('',*,*,#1697,.T.);
#2217=ORIENTED_EDGE('',*,*,#1698,.F.);
#2218=ORIENTED_EDGE('',*,*,#1697,.F.);
#2219=ORIENTED_EDGE('',*,*,#1699,.F.);
#2220=ORIENTED_EDGE('',*,*,#1689,.T.);
#2221=ORIENTED_EDGE('',*,*,#1700,.F.);
#2222=ORIENTED_EDGE('',*,*,#1701,.T.);
#2223=ORIENTED_EDGE('',*,*,#1702,.F.);
#2224=ORIENTED_EDGE('',*,*,#1703,.F.);
#2225=ORIENTED_EDGE('',*,*,#1704,.F.);
#2226=ORIENTED_EDGE('',*,*,#1705,.T.);
#2227=ORIENTED_EDGE('',*,*,#1706,.F.);
#2228=ORIENTED_EDGE('',*,*,#1707,.F.);
#2229=ORIENTED_EDGE('',*,*,#1708,.F.);
#2230=ORIENTED_EDGE('',*,*,#1707,.T.);
#2231=ORIENTED_EDGE('',*,*,#1709,.F.);
#2232=ORIENTED_EDGE('',*,*,#1701,.F.);
#2233=ORIENTED_EDGE('',*,*,#1709,.T.);
#2234=ORIENTED_EDGE('',*,*,#1706,.T.);
#2235=ORIENTED_EDGE('',*,*,#1710,.T.);
#2236=ORIENTED_EDGE('',*,*,#1702,.T.);
#2237=ORIENTED_EDGE('',*,*,#1704,.T.);
#2238=ORIENTED_EDGE('',*,*,#1708,.T.);
#2239=ORIENTED_EDGE('',*,*,#1700,.T.);
#2240=ORIENTED_EDGE('',*,*,#1711,.F.);
#2241=ORIENTED_EDGE('',*,*,#1712,.F.);
#2242=ORIENTED_EDGE('',*,*,#1713,.F.);
#2243=ORIENTED_EDGE('',*,*,#1714,.F.);
#2244=ORIENTED_EDGE('',*,*,#1715,.F.);
#2245=ORIENTED_EDGE('',*,*,#1716,.F.);
#2246=ORIENTED_EDGE('',*,*,#1717,.T.);
#2247=ORIENTED_EDGE('',*,*,#1718,.F.);
#2248=ORIENTED_EDGE('',*,*,#1719,.F.);
#2249=ORIENTED_EDGE('',*,*,#1720,.F.);
#2250=ORIENTED_EDGE('',*,*,#1719,.T.);
#2251=ORIENTED_EDGE('',*,*,#1721,.F.);
#2252=ORIENTED_EDGE('',*,*,#1722,.F.);
#2253=ORIENTED_EDGE('',*,*,#1723,.F.);
#2254=ORIENTED_EDGE('',*,*,#1722,.T.);
#2255=ORIENTED_EDGE('',*,*,#1724,.F.);
#2256=ORIENTED_EDGE('',*,*,#1725,.F.);
#2257=ORIENTED_EDGE('',*,*,#1726,.F.);
#2258=ORIENTED_EDGE('',*,*,#1725,.T.);
#2259=ORIENTED_EDGE('',*,*,#1727,.F.);
#2260=ORIENTED_EDGE('',*,*,#1728,.F.);
#2261=ORIENTED_EDGE('',*,*,#1729,.T.);
#2262=ORIENTED_EDGE('',*,*,#1730,.T.);
#2263=ORIENTED_EDGE('',*,*,#1731,.T.);
#2264=ORIENTED_EDGE('',*,*,#1727,.T.);
#2265=ORIENTED_EDGE('',*,*,#1724,.T.);
#2266=ORIENTED_EDGE('',*,*,#1721,.T.);
#2267=ORIENTED_EDGE('',*,*,#1718,.T.);
#2268=ORIENTED_EDGE('',*,*,#1732,.T.);
#2269=ORIENTED_EDGE('',*,*,#1733,.F.);
#2270=ORIENTED_EDGE('',*,*,#1734,.T.);
#2271=ORIENTED_EDGE('',*,*,#1735,.F.);
#2272=ORIENTED_EDGE('',*,*,#1736,.F.);
#2273=ORIENTED_EDGE('',*,*,#1735,.T.);
#2274=ORIENTED_EDGE('',*,*,#1737,.T.);
#2275=ORIENTED_EDGE('',*,*,#1738,.T.);
#2276=ORIENTED_EDGE('',*,*,#1739,.T.);
#2277=ORIENTED_EDGE('',*,*,#1733,.T.);
#2278=ORIENTED_EDGE('',*,*,#1740,.F.);
#2279=ORIENTED_EDGE('',*,*,#1741,.F.);
#2280=ORIENTED_EDGE('',*,*,#1742,.F.);
#2281=ORIENTED_EDGE('',*,*,#1743,.F.);
#2282=ORIENTED_EDGE('',*,*,#1744,.T.);
#2283=ORIENTED_EDGE('',*,*,#1745,.F.);
#2284=ORIENTED_EDGE('',*,*,#1746,.F.);
#2285=ORIENTED_EDGE('',*,*,#1747,.F.);
#2286=ORIENTED_EDGE('',*,*,#1746,.T.);
#2287=ORIENTED_EDGE('',*,*,#1748,.F.);
#2288=ORIENTED_EDGE('',*,*,#1749,.F.);
#2289=ORIENTED_EDGE('',*,*,#1750,.F.);
#2290=ORIENTED_EDGE('',*,*,#1749,.T.);
#2291=ORIENTED_EDGE('',*,*,#1751,.F.);
#2292=ORIENTED_EDGE('',*,*,#1752,.F.);
#2293=ORIENTED_EDGE('',*,*,#1753,.F.);
#2294=ORIENTED_EDGE('',*,*,#1752,.T.);
#2295=ORIENTED_EDGE('',*,*,#1754,.F.);
#2296=ORIENTED_EDGE('',*,*,#1755,.F.);
#2297=ORIENTED_EDGE('',*,*,#1756,.F.);
#2298=ORIENTED_EDGE('',*,*,#1755,.T.);
#2299=ORIENTED_EDGE('',*,*,#1757,.F.);
#2300=ORIENTED_EDGE('',*,*,#1758,.F.);
#2301=ORIENTED_EDGE('',*,*,#1759,.F.);
#2302=ORIENTED_EDGE('',*,*,#1758,.T.);
#2303=ORIENTED_EDGE('',*,*,#1760,.F.);
#2304=ORIENTED_EDGE('',*,*,#1761,.F.);
#2305=ORIENTED_EDGE('',*,*,#1762,.T.);
#2306=ORIENTED_EDGE('',*,*,#1763,.T.);
#2307=ORIENTED_EDGE('',*,*,#1764,.T.);
#2308=ORIENTED_EDGE('',*,*,#1765,.T.);
#2309=ORIENTED_EDGE('',*,*,#1766,.T.);
#2310=ORIENTED_EDGE('',*,*,#1767,.T.);
#2311=ORIENTED_EDGE('',*,*,#1760,.T.);
#2312=ORIENTED_EDGE('',*,*,#1757,.T.);
#2313=ORIENTED_EDGE('',*,*,#1754,.T.);
#2314=ORIENTED_EDGE('',*,*,#1751,.T.);
#2315=ORIENTED_EDGE('',*,*,#1748,.T.);
#2316=ORIENTED_EDGE('',*,*,#1745,.T.);
#2317=ORIENTED_EDGE('',*,*,#1768,.F.);
#2318=ORIENTED_EDGE('',*,*,#1769,.T.);
#2319=ORIENTED_EDGE('',*,*,#1770,.F.);
#2320=ORIENTED_EDGE('',*,*,#1771,.F.);
#2321=ORIENTED_EDGE('',*,*,#1772,.F.);
#2322=ORIENTED_EDGE('',*,*,#1773,.T.);
#2323=ORIENTED_EDGE('',*,*,#1774,.F.);
#2324=ORIENTED_EDGE('',*,*,#1775,.F.);
#2325=ORIENTED_EDGE('',*,*,#1776,.F.);
#2326=ORIENTED_EDGE('',*,*,#1775,.T.);
#2327=ORIENTED_EDGE('',*,*,#1777,.F.);
#2328=ORIENTED_EDGE('',*,*,#1769,.F.);
#2329=ORIENTED_EDGE('',*,*,#1777,.T.);
#2330=ORIENTED_EDGE('',*,*,#1774,.T.);
#2331=ORIENTED_EDGE('',*,*,#1778,.T.);
#2332=ORIENTED_EDGE('',*,*,#1770,.T.);
#2333=ORIENTED_EDGE('',*,*,#1772,.T.);
#2334=ORIENTED_EDGE('',*,*,#1776,.T.);
#2335=ORIENTED_EDGE('',*,*,#1768,.T.);
#2336=ORIENTED_EDGE('',*,*,#1779,.F.);
#2337=ORIENTED_EDGE('',*,*,#1780,.F.);
#2338=ORIENTED_EDGE('',*,*,#1781,.F.);
#2339=ORIENTED_EDGE('',*,*,#1782,.F.);
#2340=ORIENTED_EDGE('',*,*,#1783,.F.);
#2341=ORIENTED_EDGE('',*,*,#1784,.F.);
#2342=ORIENTED_EDGE('',*,*,#1785,.T.);
#2343=ORIENTED_EDGE('',*,*,#1786,.F.);
#2344=ORIENTED_EDGE('',*,*,#1787,.F.);
#2345=ORIENTED_EDGE('',*,*,#1788,.F.);
#2346=ORIENTED_EDGE('',*,*,#1787,.T.);
#2347=ORIENTED_EDGE('',*,*,#1789,.F.);
#2348=ORIENTED_EDGE('',*,*,#1790,.F.);
#2349=ORIENTED_EDGE('',*,*,#1791,.F.);
#2350=ORIENTED_EDGE('',*,*,#1790,.T.);
#2351=ORIENTED_EDGE('',*,*,#1792,.F.);
#2352=ORIENTED_EDGE('',*,*,#1793,.F.);
#2353=ORIENTED_EDGE('',*,*,#1794,.F.);
#2354=ORIENTED_EDGE('',*,*,#1793,.T.);
#2355=ORIENTED_EDGE('',*,*,#1795,.F.);
#2356=ORIENTED_EDGE('',*,*,#1796,.F.);
#2357=ORIENTED_EDGE('',*,*,#1797,.F.);
#2358=ORIENTED_EDGE('',*,*,#1796,.T.);
#2359=ORIENTED_EDGE('',*,*,#1798,.F.);
#2360=ORIENTED_EDGE('',*,*,#1799,.F.);
#2361=ORIENTED_EDGE('',*,*,#1800,.T.);
#2362=ORIENTED_EDGE('',*,*,#1801,.T.);
#2363=ORIENTED_EDGE('',*,*,#1802,.T.);
#2364=ORIENTED_EDGE('',*,*,#1798,.T.);
#2365=ORIENTED_EDGE('',*,*,#1795,.T.);
#2366=ORIENTED_EDGE('',*,*,#1792,.T.);
#2367=ORIENTED_EDGE('',*,*,#1789,.T.);
#2368=ORIENTED_EDGE('',*,*,#1786,.T.);
#2369=ORIENTED_EDGE('',*,*,#1803,.F.);
#2370=ORIENTED_EDGE('',*,*,#1804,.F.);
#2371=ORIENTED_EDGE('',*,*,#1805,.F.);
#2372=ORIENTED_EDGE('',*,*,#1806,.F.);
#2373=ORIENTED_EDGE('',*,*,#1807,.F.);
#2374=ORIENTED_EDGE('',*,*,#1808,.F.);
#2375=ORIENTED_EDGE('',*,*,#1809,.F.);
#2376=ORIENTED_EDGE('',*,*,#1810,.F.);
#2377=ORIENTED_EDGE('',*,*,#1807,.T.);
#2378=ORIENTED_EDGE('',*,*,#1811,.F.);
#2379=ORIENTED_EDGE('',*,*,#1812,.F.);
#2380=ORIENTED_EDGE('',*,*,#1813,.T.);
#2381=ORIENTED_EDGE('',*,*,#1806,.T.);
#2382=ORIENTED_EDGE('',*,*,#1814,.F.);
#2383=ORIENTED_EDGE('',*,*,#1815,.F.);
#2384=ORIENTED_EDGE('',*,*,#1811,.T.);
#2385=ORIENTED_EDGE('',*,*,#1805,.T.);
#2386=ORIENTED_EDGE('',*,*,#1816,.F.);
#2387=ORIENTED_EDGE('',*,*,#1817,.F.);
#2388=ORIENTED_EDGE('',*,*,#1814,.T.);
#2389=ORIENTED_EDGE('',*,*,#1804,.T.);
#2390=ORIENTED_EDGE('',*,*,#1818,.F.);
#2391=ORIENTED_EDGE('',*,*,#1819,.F.);
#2392=ORIENTED_EDGE('',*,*,#1816,.T.);
#2393=ORIENTED_EDGE('',*,*,#1820,.F.);
#2394=ORIENTED_EDGE('',*,*,#1821,.F.);
#2395=ORIENTED_EDGE('',*,*,#1822,.F.);
#2396=ORIENTED_EDGE('',*,*,#1823,.F.);
#2397=ORIENTED_EDGE('',*,*,#1824,.F.);
#2398=ORIENTED_EDGE('',*,*,#1825,.F.);
#2399=ORIENTED_EDGE('',*,*,#1826,.F.);
#2400=ORIENTED_EDGE('',*,*,#1827,.F.);
#2401=ORIENTED_EDGE('',*,*,#1824,.T.);
#2402=ORIENTED_EDGE('',*,*,#1828,.F.);
#2403=ORIENTED_EDGE('',*,*,#1829,.F.);
#2404=ORIENTED_EDGE('',*,*,#1830,.T.);
#2405=ORIENTED_EDGE('',*,*,#1823,.T.);
#2406=ORIENTED_EDGE('',*,*,#1831,.F.);
#2407=ORIENTED_EDGE('',*,*,#1832,.F.);
#2408=ORIENTED_EDGE('',*,*,#1828,.T.);
#2409=ORIENTED_EDGE('',*,*,#1822,.T.);
#2410=ORIENTED_EDGE('',*,*,#1833,.F.);
#2411=ORIENTED_EDGE('',*,*,#1834,.F.);
#2412=ORIENTED_EDGE('',*,*,#1831,.T.);
#2413=ORIENTED_EDGE('',*,*,#1821,.T.);
#2414=ORIENTED_EDGE('',*,*,#1835,.F.);
#2415=ORIENTED_EDGE('',*,*,#1836,.F.);
#2416=ORIENTED_EDGE('',*,*,#1833,.T.);
#2417=ORIENTED_EDGE('',*,*,#1837,.F.);
#2418=ORIENTED_EDGE('',*,*,#1838,.F.);
#2419=ORIENTED_EDGE('',*,*,#1839,.F.);
#2420=ORIENTED_EDGE('',*,*,#1840,.F.);
#2421=ORIENTED_EDGE('',*,*,#1841,.F.);
#2422=ORIENTED_EDGE('',*,*,#1842,.F.);
#2423=ORIENTED_EDGE('',*,*,#1843,.F.);
#2424=ORIENTED_EDGE('',*,*,#1844,.F.);
#2425=ORIENTED_EDGE('',*,*,#1841,.T.);
#2426=ORIENTED_EDGE('',*,*,#1845,.F.);
#2427=ORIENTED_EDGE('',*,*,#1846,.F.);
#2428=ORIENTED_EDGE('',*,*,#1847,.T.);
#2429=ORIENTED_EDGE('',*,*,#1840,.T.);
#2430=ORIENTED_EDGE('',*,*,#1848,.F.);
#2431=ORIENTED_EDGE('',*,*,#1849,.F.);
#2432=ORIENTED_EDGE('',*,*,#1845,.T.);
#2433=ORIENTED_EDGE('',*,*,#1839,.T.);
#2434=ORIENTED_EDGE('',*,*,#1850,.F.);
#2435=ORIENTED_EDGE('',*,*,#1851,.F.);
#2436=ORIENTED_EDGE('',*,*,#1848,.T.);
#2437=ORIENTED_EDGE('',*,*,#1838,.T.);
#2438=ORIENTED_EDGE('',*,*,#1852,.F.);
#2439=ORIENTED_EDGE('',*,*,#1853,.F.);
#2440=ORIENTED_EDGE('',*,*,#1850,.T.);
#2441=ORIENTED_EDGE('',*,*,#1808,.T.);
#2442=ORIENTED_EDGE('',*,*,#1813,.F.);
#2443=ORIENTED_EDGE('',*,*,#1854,.F.);
#2444=ORIENTED_EDGE('',*,*,#1855,.T.);
#2445=ORIENTED_EDGE('',*,*,#1809,.T.);
#2446=ORIENTED_EDGE('',*,*,#1855,.F.);
#2447=ORIENTED_EDGE('',*,*,#1856,.F.);
#2448=ORIENTED_EDGE('',*,*,#1857,.T.);
#2449=ORIENTED_EDGE('',*,*,#1810,.T.);
#2450=ORIENTED_EDGE('',*,*,#1857,.F.);
#2451=ORIENTED_EDGE('',*,*,#1858,.F.);
#2452=ORIENTED_EDGE('',*,*,#1859,.T.);
#2453=ORIENTED_EDGE('',*,*,#1803,.T.);
#2454=ORIENTED_EDGE('',*,*,#1859,.F.);
#2455=ORIENTED_EDGE('',*,*,#1860,.F.);
#2456=ORIENTED_EDGE('',*,*,#1818,.T.);
#2457=ORIENTED_EDGE('',*,*,#1842,.T.);
#2458=ORIENTED_EDGE('',*,*,#1847,.F.);
#2459=ORIENTED_EDGE('',*,*,#1861,.F.);
#2460=ORIENTED_EDGE('',*,*,#1862,.T.);
#2461=ORIENTED_EDGE('',*,*,#1843,.T.);
#2462=ORIENTED_EDGE('',*,*,#1862,.F.);
#2463=ORIENTED_EDGE('',*,*,#1863,.F.);
#2464=ORIENTED_EDGE('',*,*,#1864,.T.);
#2465=ORIENTED_EDGE('',*,*,#1844,.T.);
#2466=ORIENTED_EDGE('',*,*,#1864,.F.);
#2467=ORIENTED_EDGE('',*,*,#1865,.F.);
#2468=ORIENTED_EDGE('',*,*,#1866,.T.);
#2469=ORIENTED_EDGE('',*,*,#1837,.T.);
#2470=ORIENTED_EDGE('',*,*,#1866,.F.);
#2471=ORIENTED_EDGE('',*,*,#1867,.F.);
#2472=ORIENTED_EDGE('',*,*,#1852,.T.);
#2473=ORIENTED_EDGE('',*,*,#1825,.T.);
#2474=ORIENTED_EDGE('',*,*,#1830,.F.);
#2475=ORIENTED_EDGE('',*,*,#1868,.F.);
#2476=ORIENTED_EDGE('',*,*,#1869,.T.);
#2477=ORIENTED_EDGE('',*,*,#1826,.T.);
#2478=ORIENTED_EDGE('',*,*,#1869,.F.);
#2479=ORIENTED_EDGE('',*,*,#1870,.F.);
#2480=ORIENTED_EDGE('',*,*,#1871,.T.);
#2481=ORIENTED_EDGE('',*,*,#1827,.T.);
#2482=ORIENTED_EDGE('',*,*,#1871,.F.);
#2483=ORIENTED_EDGE('',*,*,#1872,.F.);
#2484=ORIENTED_EDGE('',*,*,#1873,.T.);
#2485=ORIENTED_EDGE('',*,*,#1820,.T.);
#2486=ORIENTED_EDGE('',*,*,#1873,.F.);
#2487=ORIENTED_EDGE('',*,*,#1874,.F.);
#2488=ORIENTED_EDGE('',*,*,#1835,.T.);
#2489=ORIENTED_EDGE('',*,*,#1726,.T.);
#2490=ORIENTED_EDGE('',*,*,#1875,.F.);
#2491=ORIENTED_EDGE('',*,*,#1876,.F.);
#2492=ORIENTED_EDGE('',*,*,#1877,.F.);
#2493=ORIENTED_EDGE('',*,*,#1878,.F.);
#2494=ORIENTED_EDGE('',*,*,#1879,.F.);
#2495=ORIENTED_EDGE('',*,*,#1880,.F.);
#2496=ORIENTED_EDGE('',*,*,#1716,.T.);
#2497=ORIENTED_EDGE('',*,*,#1720,.T.);
#2498=ORIENTED_EDGE('',*,*,#1723,.T.);
#2499=ORIENTED_EDGE('',*,*,#1759,.T.);
#2500=ORIENTED_EDGE('',*,*,#1881,.F.);
#2501=ORIENTED_EDGE('',*,*,#1882,.F.);
#2502=ORIENTED_EDGE('',*,*,#1883,.F.);
#2503=ORIENTED_EDGE('',*,*,#1884,.F.);
#2504=ORIENTED_EDGE('',*,*,#1885,.F.);
#2505=ORIENTED_EDGE('',*,*,#1886,.F.);
#2506=ORIENTED_EDGE('',*,*,#1887,.F.);
#2507=ORIENTED_EDGE('',*,*,#1888,.F.);
#2508=ORIENTED_EDGE('',*,*,#1889,.F.);
#2509=ORIENTED_EDGE('',*,*,#1890,.F.);
#2510=ORIENTED_EDGE('',*,*,#1784,.T.);
#2511=ORIENTED_EDGE('',*,*,#1788,.T.);
#2512=ORIENTED_EDGE('',*,*,#1791,.T.);
#2513=ORIENTED_EDGE('',*,*,#1794,.T.);
#2514=ORIENTED_EDGE('',*,*,#1797,.T.);
#2515=ORIENTED_EDGE('',*,*,#1891,.F.);
#2516=ORIENTED_EDGE('',*,*,#1743,.T.);
#2517=ORIENTED_EDGE('',*,*,#1747,.T.);
#2518=ORIENTED_EDGE('',*,*,#1750,.T.);
#2519=ORIENTED_EDGE('',*,*,#1753,.T.);
#2520=ORIENTED_EDGE('',*,*,#1756,.T.);
#2521=ORIENTED_EDGE('',*,*,#1740,.T.);
#2522=ORIENTED_EDGE('',*,*,#1736,.T.);
#2523=ORIENTED_EDGE('',*,*,#1739,.F.);
#2524=ORIENTED_EDGE('',*,*,#1892,.F.);
#2525=ORIENTED_EDGE('',*,*,#1893,.F.);
#2526=ORIENTED_EDGE('',*,*,#1894,.F.);
#2527=ORIENTED_EDGE('',*,*,#1878,.T.);
#2528=ORIENTED_EDGE('',*,*,#1895,.F.);
#2529=ORIENTED_EDGE('',*,*,#1896,.F.);
#2530=ORIENTED_EDGE('',*,*,#1897,.T.);
#2531=ORIENTED_EDGE('',*,*,#1782,.T.);
#2532=ORIENTED_EDGE('',*,*,#1898,.F.);
#2533=ORIENTED_EDGE('',*,*,#1876,.T.);
#2534=ORIENTED_EDGE('',*,*,#1899,.F.);
#2535=ORIENTED_EDGE('',*,*,#1714,.T.);
#2536=ORIENTED_EDGE('',*,*,#1900,.F.);
#2537=ORIENTED_EDGE('',*,*,#1901,.T.);
#2538=ORIENTED_EDGE('',*,*,#1902,.F.);
#2539=ORIENTED_EDGE('',*,*,#1891,.T.);
#2540=ORIENTED_EDGE('',*,*,#1799,.T.);
#2541=ORIENTED_EDGE('',*,*,#1802,.F.);
#2542=ORIENTED_EDGE('',*,*,#1903,.F.);
#2543=ORIENTED_EDGE('',*,*,#1904,.T.);
#2544=ORIENTED_EDGE('',*,*,#1905,.T.);
#2545=ORIENTED_EDGE('',*,*,#1762,.F.);
#2546=ORIENTED_EDGE('',*,*,#1744,.F.);
#2547=ORIENTED_EDGE('',*,*,#1906,.F.);
#2548=ORIENTED_EDGE('',*,*,#1907,.T.);
#2549=ORIENTED_EDGE('',*,*,#1903,.T.);
#2550=ORIENTED_EDGE('',*,*,#1801,.F.);
#2551=ORIENTED_EDGE('',*,*,#1889,.T.);
#2552=ORIENTED_EDGE('',*,*,#1908,.F.);
#2553=ORIENTED_EDGE('',*,*,#1909,.T.);
#2554=ORIENTED_EDGE('',*,*,#1910,.F.);
#2555=ORIENTED_EDGE('',*,*,#1911,.T.);
#2556=ORIENTED_EDGE('',*,*,#1912,.T.);
#2557=ORIENTED_EDGE('',*,*,#1913,.T.);
#2558=ORIENTED_EDGE('',*,*,#1914,.T.);
#2559=ORIENTED_EDGE('',*,*,#1915,.T.);
#2560=ORIENTED_EDGE('',*,*,#1766,.F.);
#2561=ORIENTED_EDGE('',*,*,#1916,.F.);
#2562=ORIENTED_EDGE('',*,*,#1917,.T.);
#2563=ORIENTED_EDGE('',*,*,#1918,.T.);
#2564=ORIENTED_EDGE('',*,*,#1729,.F.);
#2565=ORIENTED_EDGE('',*,*,#1919,.T.);
#2566=ORIENTED_EDGE('',*,*,#1920,.T.);
#2567=ORIENTED_EDGE('',*,*,#1921,.T.);
#2568=ORIENTED_EDGE('',*,*,#1922,.T.);
#2569=ORIENTED_EDGE('',*,*,#1892,.T.);
#2570=ORIENTED_EDGE('',*,*,#1738,.F.);
#2571=ORIENTED_EDGE('',*,*,#1781,.T.);
#2572=ORIENTED_EDGE('',*,*,#1923,.T.);
#2573=ORIENTED_EDGE('',*,*,#1924,.T.);
#2574=ORIENTED_EDGE('',*,*,#1925,.T.);
#2575=ORIENTED_EDGE('',*,*,#1926,.T.);
#2576=ORIENTED_EDGE('',*,*,#1927,.T.);
#2577=ORIENTED_EDGE('',*,*,#1928,.T.);
#2578=ORIENTED_EDGE('',*,*,#1929,.T.);
#2579=ORIENTED_EDGE('',*,*,#1930,.T.);
#2580=ORIENTED_EDGE('',*,*,#1931,.T.);
#2581=ORIENTED_EDGE('',*,*,#1932,.T.);
#2582=ORIENTED_EDGE('',*,*,#1900,.T.);
#2583=ORIENTED_EDGE('',*,*,#1713,.T.);
#2584=ORIENTED_EDGE('',*,*,#1933,.T.);
#2585=ORIENTED_EDGE('',*,*,#1934,.T.);
#2586=ORIENTED_EDGE('',*,*,#1935,.T.);
#2587=ORIENTED_EDGE('',*,*,#1936,.T.);
#2588=ORIENTED_EDGE('',*,*,#1937,.T.);
#2589=ORIENTED_EDGE('',*,*,#1938,.T.);
#2590=ORIENTED_EDGE('',*,*,#1908,.T.);
#2591=ORIENTED_EDGE('',*,*,#1888,.T.);
#2592=ORIENTED_EDGE('',*,*,#1939,.F.);
#2593=ORIENTED_EDGE('',*,*,#1940,.F.);
#2594=ORIENTED_EDGE('',*,*,#1895,.T.);
#2595=ORIENTED_EDGE('',*,*,#1877,.T.);
#2596=ORIENTED_EDGE('',*,*,#1898,.T.);
#2597=ORIENTED_EDGE('',*,*,#1819,.T.);
#2598=ORIENTED_EDGE('',*,*,#1860,.T.);
#2599=ORIENTED_EDGE('',*,*,#1858,.T.);
#2600=ORIENTED_EDGE('',*,*,#1856,.T.);
#2601=ORIENTED_EDGE('',*,*,#1854,.T.);
#2602=ORIENTED_EDGE('',*,*,#1812,.T.);
#2603=ORIENTED_EDGE('',*,*,#1815,.T.);
#2604=ORIENTED_EDGE('',*,*,#1817,.T.);
#2605=ORIENTED_EDGE('',*,*,#1836,.T.);
#2606=ORIENTED_EDGE('',*,*,#1874,.T.);
#2607=ORIENTED_EDGE('',*,*,#1872,.T.);
#2608=ORIENTED_EDGE('',*,*,#1870,.T.);
#2609=ORIENTED_EDGE('',*,*,#1868,.T.);
#2610=ORIENTED_EDGE('',*,*,#1829,.T.);
#2611=ORIENTED_EDGE('',*,*,#1832,.T.);
#2612=ORIENTED_EDGE('',*,*,#1834,.T.);
#2613=ORIENTED_EDGE('',*,*,#1887,.T.);
#2614=ORIENTED_EDGE('',*,*,#1941,.F.);
#2615=ORIENTED_EDGE('',*,*,#1942,.F.);
#2616=ORIENTED_EDGE('',*,*,#1939,.T.);
#2617=ORIENTED_EDGE('',*,*,#1886,.T.);
#2618=ORIENTED_EDGE('',*,*,#1943,.F.);
#2619=ORIENTED_EDGE('',*,*,#1944,.F.);
#2620=ORIENTED_EDGE('',*,*,#1941,.T.);
#2621=ORIENTED_EDGE('',*,*,#1885,.T.);
#2622=ORIENTED_EDGE('',*,*,#1945,.F.);
#2623=ORIENTED_EDGE('',*,*,#1946,.F.);
#2624=ORIENTED_EDGE('',*,*,#1943,.T.);
#2625=ORIENTED_EDGE('',*,*,#1947,.F.);
#2626=ORIENTED_EDGE('',*,*,#1948,.T.);
#2627=ORIENTED_EDGE('',*,*,#1949,.T.);
#2628=ORIENTED_EDGE('',*,*,#1950,.F.);
#2629=ORIENTED_EDGE('',*,*,#1951,.F.);
#2630=ORIENTED_EDGE('',*,*,#1952,.F.);
#2631=ORIENTED_EDGE('',*,*,#1949,.F.);
#2632=ORIENTED_EDGE('',*,*,#1953,.F.);
#2633=ORIENTED_EDGE('',*,*,#1954,.F.);
#2634=ORIENTED_EDGE('',*,*,#1955,.T.);
#2635=ORIENTED_EDGE('',*,*,#1956,.F.);
#2636=ORIENTED_EDGE('',*,*,#1953,.T.);
#2637=ORIENTED_EDGE('',*,*,#1948,.F.);
#2638=ORIENTED_EDGE('',*,*,#1957,.F.);
#2639=ORIENTED_EDGE('',*,*,#1950,.T.);
#2640=ORIENTED_EDGE('',*,*,#1952,.T.);
#2641=ORIENTED_EDGE('',*,*,#1958,.F.);
#2642=ORIENTED_EDGE('',*,*,#1959,.F.);
#2643=ORIENTED_EDGE('',*,*,#1960,.F.);
#2644=ORIENTED_EDGE('',*,*,#1959,.T.);
#2645=ORIENTED_EDGE('',*,*,#1961,.F.);
#2646=ORIENTED_EDGE('',*,*,#1955,.F.);
#2647=ORIENTED_EDGE('',*,*,#1962,.T.);
#2648=ORIENTED_EDGE('',*,*,#1963,.T.);
#2649=ORIENTED_EDGE('',*,*,#1964,.T.);
#2650=ORIENTED_EDGE('',*,*,#1965,.T.);
#2651=ORIENTED_EDGE('',*,*,#1966,.T.);
#2652=ORIENTED_EDGE('',*,*,#1967,.T.);
#2653=ORIENTED_EDGE('',*,*,#1964,.F.);
#2654=ORIENTED_EDGE('',*,*,#1968,.T.);
#2655=ORIENTED_EDGE('',*,*,#1969,.T.);
#2656=ORIENTED_EDGE('',*,*,#1970,.T.);
#2657=ORIENTED_EDGE('',*,*,#1971,.T.);
#2658=ORIENTED_EDGE('',*,*,#1966,.F.);
#2659=ORIENTED_EDGE('',*,*,#1972,.T.);
#2660=ORIENTED_EDGE('',*,*,#1962,.F.);
#2661=ORIENTED_EDGE('',*,*,#1973,.T.);
#2662=ORIENTED_EDGE('',*,*,#1970,.F.);
#2663=ORIENTED_EDGE('',*,*,#1974,.T.);
#2664=ORIENTED_EDGE('',*,*,#1973,.F.);
#2665=ORIENTED_EDGE('',*,*,#1975,.T.);
#2666=ORIENTED_EDGE('',*,*,#1976,.F.);
#2667=ORIENTED_EDGE('',*,*,#1977,.T.);
#2668=ORIENTED_EDGE('',*,*,#1978,.T.);
#2669=ORIENTED_EDGE('',*,*,#1940,.T.);
#2670=ORIENTED_EDGE('',*,*,#1979,.F.);
#2671=ORIENTED_EDGE('',*,*,#1965,.F.);
#2672=ORIENTED_EDGE('',*,*,#1980,.F.);
#2673=ORIENTED_EDGE('',*,*,#1981,.F.);
#2674=ORIENTED_EDGE('',*,*,#1982,.F.);
#2675=ORIENTED_EDGE('',*,*,#1983,.F.);
#2676=ORIENTED_EDGE('',*,*,#1984,.F.);
#2677=ORIENTED_EDGE('',*,*,#1985,.F.);
#2678=ORIENTED_EDGE('',*,*,#1986,.F.);
#2679=ORIENTED_EDGE('',*,*,#1987,.F.);
#2680=ORIENTED_EDGE('',*,*,#1977,.F.);
#2681=ORIENTED_EDGE('',*,*,#1988,.F.);
#2682=ORIENTED_EDGE('',*,*,#1975,.F.);
#2683=ORIENTED_EDGE('',*,*,#1696,.T.);
#2684=ORIENTED_EDGE('',*,*,#1693,.T.);
#2685=ORIENTED_EDGE('',*,*,#1690,.T.);
#2686=ORIENTED_EDGE('',*,*,#1699,.T.);
#2687=ORIENTED_EDGE('',*,*,#1684,.T.);
#2688=ORIENTED_EDGE('',*,*,#1681,.T.);
#2689=ORIENTED_EDGE('',*,*,#1678,.T.);
#2690=ORIENTED_EDGE('',*,*,#1687,.T.);
#2691=ORIENTED_EDGE('',*,*,#1672,.T.);
#2692=ORIENTED_EDGE('',*,*,#1669,.T.);
#2693=ORIENTED_EDGE('',*,*,#1666,.T.);
#2694=ORIENTED_EDGE('',*,*,#1675,.T.);
#2695=ORIENTED_EDGE('',*,*,#1660,.T.);
#2696=ORIENTED_EDGE('',*,*,#1657,.T.);
#2697=ORIENTED_EDGE('',*,*,#1654,.T.);
#2698=ORIENTED_EDGE('',*,*,#1663,.T.);
#2699=ORIENTED_EDGE('',*,*,#1648,.T.);
#2700=ORIENTED_EDGE('',*,*,#1645,.T.);
#2701=ORIENTED_EDGE('',*,*,#1642,.T.);
#2702=ORIENTED_EDGE('',*,*,#1651,.T.);
#2703=ORIENTED_EDGE('',*,*,#1963,.F.);
#2704=ORIENTED_EDGE('',*,*,#1974,.F.);
#2705=ORIENTED_EDGE('',*,*,#1972,.F.);
#2706=ORIENTED_EDGE('',*,*,#1969,.F.);
#2707=ORIENTED_EDGE('',*,*,#1989,.T.);
#2708=ORIENTED_EDGE('',*,*,#1990,.T.);
#2709=ORIENTED_EDGE('',*,*,#1989,.F.);
#2710=ORIENTED_EDGE('',*,*,#1968,.F.);
#2711=ORIENTED_EDGE('',*,*,#1991,.T.);
#2712=ORIENTED_EDGE('',*,*,#1992,.T.);
#2713=ORIENTED_EDGE('',*,*,#1993,.T.);
#2714=ORIENTED_EDGE('',*,*,#1994,.T.);
#2715=ORIENTED_EDGE('',*,*,#1995,.T.);
#2716=ORIENTED_EDGE('',*,*,#1996,.T.);
#2717=ORIENTED_EDGE('',*,*,#1991,.F.);
#2718=ORIENTED_EDGE('',*,*,#1997,.T.);
#2719=ORIENTED_EDGE('',*,*,#1998,.T.);
#2720=ORIENTED_EDGE('',*,*,#1999,.T.);
#2721=ORIENTED_EDGE('',*,*,#1981,.T.);
#2722=ORIENTED_EDGE('',*,*,#1995,.F.);
#2723=ORIENTED_EDGE('',*,*,#2000,.T.);
#2724=ORIENTED_EDGE('',*,*,#1993,.F.);
#2725=ORIENTED_EDGE('',*,*,#2001,.T.);
#2726=ORIENTED_EDGE('',*,*,#1999,.F.);
#2727=ORIENTED_EDGE('',*,*,#2002,.T.);
#2728=ORIENTED_EDGE('',*,*,#2001,.F.);
#2729=ORIENTED_EDGE('',*,*,#2003,.T.);
#2730=ORIENTED_EDGE('',*,*,#2004,.T.);
#2731=ORIENTED_EDGE('',*,*,#2005,.F.);
#2732=ORIENTED_EDGE('',*,*,#1984,.T.);
#2733=ORIENTED_EDGE('',*,*,#2006,.F.);
#2734=ORIENTED_EDGE('',*,*,#1982,.T.);
#2735=ORIENTED_EDGE('',*,*,#1992,.F.);
#2736=ORIENTED_EDGE('',*,*,#2007,.T.);
#2737=ORIENTED_EDGE('',*,*,#1946,.T.);
#2738=ORIENTED_EDGE('',*,*,#2003,.F.);
#2739=ORIENTED_EDGE('',*,*,#1994,.F.);
#2740=ORIENTED_EDGE('',*,*,#2002,.F.);
#2741=ORIENTED_EDGE('',*,*,#2000,.F.);
#2742=ORIENTED_EDGE('',*,*,#1998,.F.);
#2743=ORIENTED_EDGE('',*,*,#2008,.T.);
#2744=ORIENTED_EDGE('',*,*,#2009,.T.);
#2745=ORIENTED_EDGE('',*,*,#2008,.F.);
#2746=ORIENTED_EDGE('',*,*,#1997,.F.);
#2747=ORIENTED_EDGE('',*,*,#2010,.T.);
#2748=ORIENTED_EDGE('',*,*,#2011,.T.);
#2749=ORIENTED_EDGE('',*,*,#2012,.T.);
#2750=ORIENTED_EDGE('',*,*,#2013,.T.);
#2751=ORIENTED_EDGE('',*,*,#1983,.T.);
#2752=ORIENTED_EDGE('',*,*,#2010,.F.);
#2753=ORIENTED_EDGE('',*,*,#2006,.T.);
#2754=ORIENTED_EDGE('',*,*,#2013,.F.);
#2755=ORIENTED_EDGE('',*,*,#2014,.T.);
#2756=ORIENTED_EDGE('',*,*,#2011,.F.);
#2757=ORIENTED_EDGE('',*,*,#2014,.F.);
#2758=ORIENTED_EDGE('',*,*,#2012,.F.);
#2759=ORIENTED_EDGE('',*,*,#2015,.T.);
#2760=ORIENTED_EDGE('',*,*,#2016,.T.);
#2761=ORIENTED_EDGE('',*,*,#2015,.F.);
#2762=ORIENTED_EDGE('',*,*,#2017,.T.);
#2763=ORIENTED_EDGE('',*,*,#2018,.T.);
#2764=ORIENTED_EDGE('',*,*,#2019,.T.);
#2765=ORIENTED_EDGE('',*,*,#2020,.T.);
#2766=ORIENTED_EDGE('',*,*,#1988,.T.);
#2767=ORIENTED_EDGE('',*,*,#2017,.F.);
#2768=ORIENTED_EDGE('',*,*,#1976,.T.);
#2769=ORIENTED_EDGE('',*,*,#2020,.F.);
#2770=ORIENTED_EDGE('',*,*,#2021,.T.);
#2771=ORIENTED_EDGE('',*,*,#2018,.F.);
#2772=ORIENTED_EDGE('',*,*,#2021,.F.);
#2773=ORIENTED_EDGE('',*,*,#2019,.F.);
#2774=ORIENTED_EDGE('',*,*,#2022,.T.);
#2775=ORIENTED_EDGE('',*,*,#2023,.T.);
#2776=ORIENTED_EDGE('',*,*,#2022,.F.);
#2777=ORIENTED_EDGE('',*,*,#2023,.F.);
#2778=ORIENTED_EDGE('',*,*,#2024,.F.);
#2779=ORIENTED_EDGE('',*,*,#2009,.F.);
#2780=ORIENTED_EDGE('',*,*,#2025,.F.);
#2781=ORIENTED_EDGE('',*,*,#2016,.F.);
#2782=ORIENTED_EDGE('',*,*,#2026,.F.);
#2783=ORIENTED_EDGE('',*,*,#1990,.F.);
#2784=ORIENTED_EDGE('',*,*,#2027,.F.);
#2785=ORIENTED_EDGE('',*,*,#1971,.F.);
#2786=ORIENTED_EDGE('',*,*,#1979,.T.);
#2787=ORIENTED_EDGE('',*,*,#1942,.T.);
#2788=ORIENTED_EDGE('',*,*,#2028,.T.);
#2789=ORIENTED_EDGE('',*,*,#2029,.F.);
#2790=ORIENTED_EDGE('',*,*,#2030,.F.);
#2791=ORIENTED_EDGE('',*,*,#2031,.F.);
#2792=ORIENTED_EDGE('',*,*,#2032,.F.);
#2793=ORIENTED_EDGE('',*,*,#2033,.F.);
#2794=ORIENTED_EDGE('',*,*,#2034,.T.);
#2795=ORIENTED_EDGE('',*,*,#2027,.T.);
#2796=ORIENTED_EDGE('',*,*,#2034,.F.);
#2797=ORIENTED_EDGE('',*,*,#2035,.F.);
#2798=ORIENTED_EDGE('',*,*,#2032,.T.);
#2799=ORIENTED_EDGE('',*,*,#2036,.F.);
#2800=ORIENTED_EDGE('',*,*,#2037,.F.);
#2801=ORIENTED_EDGE('',*,*,#2033,.T.);
#2802=ORIENTED_EDGE('',*,*,#2038,.F.);
#2803=ORIENTED_EDGE('',*,*,#2039,.T.);
#2804=ORIENTED_EDGE('',*,*,#2040,.T.);
#2805=ORIENTED_EDGE('',*,*,#2041,.F.);
#2806=ORIENTED_EDGE('',*,*,#2039,.F.);
#2807=ORIENTED_EDGE('',*,*,#2042,.F.);
#2808=ORIENTED_EDGE('',*,*,#2043,.F.);
#2809=ORIENTED_EDGE('',*,*,#2044,.F.);
#2810=ORIENTED_EDGE('',*,*,#2040,.F.);
#2811=ORIENTED_EDGE('',*,*,#2045,.T.);
#2812=ORIENTED_EDGE('',*,*,#2024,.T.);
#2813=ORIENTED_EDGE('',*,*,#2045,.F.);
#2814=ORIENTED_EDGE('',*,*,#2046,.F.);
#2815=ORIENTED_EDGE('',*,*,#2047,.F.);
#2816=ORIENTED_EDGE('',*,*,#2048,.T.);
#2817=ORIENTED_EDGE('',*,*,#2049,.F.);
#2818=ORIENTED_EDGE('',*,*,#2050,.F.);
#2819=ORIENTED_EDGE('',*,*,#2051,.T.);
#2820=ORIENTED_EDGE('',*,*,#2052,.T.);
#2821=ORIENTED_EDGE('',*,*,#2053,.F.);
#2822=ORIENTED_EDGE('',*,*,#2048,.F.);
#2823=ORIENTED_EDGE('',*,*,#2054,.F.);
#2824=ORIENTED_EDGE('',*,*,#2051,.F.);
#2825=ORIENTED_EDGE('',*,*,#2055,.F.);
#2826=ORIENTED_EDGE('',*,*,#2056,.F.);
#2827=ORIENTED_EDGE('',*,*,#2052,.F.);
#2828=ORIENTED_EDGE('',*,*,#2057,.T.);
#2829=ORIENTED_EDGE('',*,*,#2025,.T.);
#2830=ORIENTED_EDGE('',*,*,#2057,.F.);
#2831=ORIENTED_EDGE('',*,*,#2058,.F.);
#2832=ORIENTED_EDGE('',*,*,#2059,.T.);
#2833=ORIENTED_EDGE('',*,*,#2060,.T.);
#2834=ORIENTED_EDGE('',*,*,#2061,.F.);
#2835=ORIENTED_EDGE('',*,*,#2062,.F.);
#2836=ORIENTED_EDGE('',*,*,#2059,.F.);
#2837=ORIENTED_EDGE('',*,*,#2063,.F.);
#2838=ORIENTED_EDGE('',*,*,#2064,.F.);
#2839=ORIENTED_EDGE('',*,*,#2060,.F.);
#2840=ORIENTED_EDGE('',*,*,#2065,.T.);
#2841=ORIENTED_EDGE('',*,*,#2026,.T.);
#2842=ORIENTED_EDGE('',*,*,#2065,.F.);
#2843=ORIENTED_EDGE('',*,*,#1780,.T.);
#2844=ORIENTED_EDGE('',*,*,#2066,.F.);
#2845=ORIENTED_EDGE('',*,*,#2067,.F.);
#2846=ORIENTED_EDGE('',*,*,#1923,.F.);
#2847=ORIENTED_EDGE('',*,*,#1742,.T.);
#2848=ORIENTED_EDGE('',*,*,#2068,.F.);
#2849=ORIENTED_EDGE('',*,*,#2069,.T.);
#2850=ORIENTED_EDGE('',*,*,#1911,.F.);
#2851=ORIENTED_EDGE('',*,*,#1737,.F.);
#2852=ORIENTED_EDGE('',*,*,#1734,.F.);
#2853=ORIENTED_EDGE('',*,*,#1779,.T.);
#2854=ORIENTED_EDGE('',*,*,#1771,.T.);
#2855=ORIENTED_EDGE('',*,*,#1778,.F.);
#2856=ORIENTED_EDGE('',*,*,#1773,.F.);
#2857=ORIENTED_EDGE('',*,*,#1783,.T.);
#2858=ORIENTED_EDGE('',*,*,#1899,.T.);
#2859=ORIENTED_EDGE('',*,*,#1875,.T.);
#2860=ORIENTED_EDGE('',*,*,#1728,.T.);
#2861=ORIENTED_EDGE('',*,*,#1731,.F.);
#2862=ORIENTED_EDGE('',*,*,#2070,.F.);
#2863=ORIENTED_EDGE('',*,*,#2071,.T.);
#2864=ORIENTED_EDGE('',*,*,#1906,.T.);
#2865=ORIENTED_EDGE('',*,*,#1800,.F.);
#2866=ORIENTED_EDGE('',*,*,#1785,.F.);
#2867=ORIENTED_EDGE('',*,*,#1890,.T.);
#2868=ORIENTED_EDGE('',*,*,#1910,.T.);
#2869=ORIENTED_EDGE('',*,*,#2072,.T.);
#2870=ORIENTED_EDGE('',*,*,#2073,.T.);
#2871=ORIENTED_EDGE('',*,*,#2074,.T.);
#2872=ORIENTED_EDGE('',*,*,#2075,.T.);
#2873=ORIENTED_EDGE('',*,*,#2076,.T.);
#2874=ORIENTED_EDGE('',*,*,#2077,.T.);
#2875=ORIENTED_EDGE('',*,*,#1711,.T.);
#2876=ORIENTED_EDGE('',*,*,#1703,.T.);
#2877=ORIENTED_EDGE('',*,*,#1710,.F.);
#2878=ORIENTED_EDGE('',*,*,#1705,.F.);
#2879=ORIENTED_EDGE('',*,*,#1715,.T.);
#2880=ORIENTED_EDGE('',*,*,#1902,.T.);
#2881=ORIENTED_EDGE('',*,*,#2078,.T.);
#2882=ORIENTED_EDGE('',*,*,#2079,.T.);
#2883=ORIENTED_EDGE('',*,*,#2080,.T.);
#2884=ORIENTED_EDGE('',*,*,#2081,.T.);
#2885=ORIENTED_EDGE('',*,*,#2082,.T.);
#2886=ORIENTED_EDGE('',*,*,#2083,.T.);
#2887=ORIENTED_EDGE('',*,*,#2084,.T.);
#2888=ORIENTED_EDGE('',*,*,#2085,.T.);
#2889=ORIENTED_EDGE('',*,*,#2086,.T.);
#2890=ORIENTED_EDGE('',*,*,#2066,.T.);
#2891=ORIENTED_EDGE('',*,*,#1741,.T.);
#2892=ORIENTED_EDGE('',*,*,#1894,.T.);
#2893=ORIENTED_EDGE('',*,*,#2087,.T.);
#2894=ORIENTED_EDGE('',*,*,#2088,.T.);
#2895=ORIENTED_EDGE('',*,*,#2089,.T.);
#2896=ORIENTED_EDGE('',*,*,#2090,.T.);
#2897=ORIENTED_EDGE('',*,*,#1879,.T.);
#2898=ORIENTED_EDGE('',*,*,#1897,.F.);
#2899=ORIENTED_EDGE('',*,*,#2091,.F.);
#2900=ORIENTED_EDGE('',*,*,#2092,.T.);
#2901=ORIENTED_EDGE('',*,*,#1882,.T.);
#2902=ORIENTED_EDGE('',*,*,#2093,.T.);
#2903=ORIENTED_EDGE('',*,*,#2094,.T.);
#2904=ORIENTED_EDGE('',*,*,#2095,.T.);
#2905=ORIENTED_EDGE('',*,*,#2096,.T.);
#2906=ORIENTED_EDGE('',*,*,#2068,.T.);
#2907=ORIENTED_EDGE('',*,*,#1880,.T.);
#2908=ORIENTED_EDGE('',*,*,#2090,.F.);
#2909=ORIENTED_EDGE('',*,*,#2097,.T.);
#2910=ORIENTED_EDGE('',*,*,#1919,.F.);
#2911=ORIENTED_EDGE('',*,*,#1732,.F.);
#2912=ORIENTED_EDGE('',*,*,#1717,.F.);
#2913=ORIENTED_EDGE('',*,*,#2037,.T.);
#2914=ORIENTED_EDGE('',*,*,#2098,.F.);
#2915=ORIENTED_EDGE('',*,*,#1907,.F.);
#2916=ORIENTED_EDGE('',*,*,#2099,.F.);
#2917=ORIENTED_EDGE('',*,*,#2035,.T.);
#2918=ORIENTED_EDGE('',*,*,#2099,.T.);
#2919=ORIENTED_EDGE('',*,*,#2071,.F.);
#2920=ORIENTED_EDGE('',*,*,#2100,.F.);
#2921=ORIENTED_EDGE('',*,*,#2042,.T.);
#2922=ORIENTED_EDGE('',*,*,#2038,.T.);
#2923=ORIENTED_EDGE('',*,*,#2041,.T.);
#2924=ORIENTED_EDGE('',*,*,#2101,.F.);
#2925=ORIENTED_EDGE('',*,*,#2029,.T.);
#2926=ORIENTED_EDGE('',*,*,#1905,.F.);
#2927=ORIENTED_EDGE('',*,*,#2102,.T.);
#2928=ORIENTED_EDGE('',*,*,#2103,.T.);
#2929=ORIENTED_EDGE('',*,*,#1763,.F.);
#2930=ORIENTED_EDGE('',*,*,#2049,.T.);
#2931=ORIENTED_EDGE('',*,*,#2053,.T.);
#2932=ORIENTED_EDGE('',*,*,#2047,.T.);
#2933=ORIENTED_EDGE('',*,*,#2104,.T.);
#2934=ORIENTED_EDGE('',*,*,#2102,.F.);
#2935=ORIENTED_EDGE('',*,*,#2105,.F.);
#2936=ORIENTED_EDGE('',*,*,#1958,.T.);
#2937=ORIENTED_EDGE('',*,*,#2106,.F.);
#2938=ORIENTED_EDGE('',*,*,#2055,.T.);
#2939=ORIENTED_EDGE('',*,*,#2050,.T.);
#2940=ORIENTED_EDGE('',*,*,#2105,.T.);
#2941=ORIENTED_EDGE('',*,*,#1904,.F.);
#2942=ORIENTED_EDGE('',*,*,#2098,.T.);
#2943=ORIENTED_EDGE('',*,*,#2036,.T.);
#2944=ORIENTED_EDGE('',*,*,#2031,.T.);
#2945=ORIENTED_EDGE('',*,*,#2107,.F.);
#2946=ORIENTED_EDGE('',*,*,#1956,.T.);
#2947=ORIENTED_EDGE('',*,*,#1961,.T.);
#2948=ORIENTED_EDGE('',*,*,#2103,.F.);
#2949=ORIENTED_EDGE('',*,*,#2108,.T.);
#2950=ORIENTED_EDGE('',*,*,#2109,.T.);
#2951=ORIENTED_EDGE('',*,*,#1764,.F.);
#2952=ORIENTED_EDGE('',*,*,#2046,.T.);
#2953=ORIENTED_EDGE('',*,*,#2054,.T.);
#2954=ORIENTED_EDGE('',*,*,#2110,.F.);
#2955=ORIENTED_EDGE('',*,*,#2063,.T.);
#2956=ORIENTED_EDGE('',*,*,#2058,.T.);
#2957=ORIENTED_EDGE('',*,*,#2062,.T.);
#2958=ORIENTED_EDGE('',*,*,#2111,.T.);
#2959=ORIENTED_EDGE('',*,*,#2108,.F.);
#2960=ORIENTED_EDGE('',*,*,#2104,.F.);
#2961=ORIENTED_EDGE('',*,*,#2030,.T.);
#2962=ORIENTED_EDGE('',*,*,#2101,.T.);
#2963=ORIENTED_EDGE('',*,*,#2044,.T.);
#2964=ORIENTED_EDGE('',*,*,#2112,.T.);
#2965=ORIENTED_EDGE('',*,*,#2113,.T.);
#2966=ORIENTED_EDGE('',*,*,#2114,.T.);
#2967=ORIENTED_EDGE('',*,*,#2064,.T.);
#2968=ORIENTED_EDGE('',*,*,#2110,.T.);
#2969=ORIENTED_EDGE('',*,*,#2056,.T.);
#2970=ORIENTED_EDGE('',*,*,#2106,.T.);
#2971=ORIENTED_EDGE('',*,*,#1951,.T.);
#2972=ORIENTED_EDGE('',*,*,#2107,.T.);
#2973=ORIENTED_EDGE('',*,*,#1695,.T.);
#2974=ORIENTED_EDGE('',*,*,#1698,.T.);
#2975=ORIENTED_EDGE('',*,*,#1688,.T.);
#2976=ORIENTED_EDGE('',*,*,#1692,.T.);
#2977=ORIENTED_EDGE('',*,*,#1683,.T.);
#2978=ORIENTED_EDGE('',*,*,#1686,.T.);
#2979=ORIENTED_EDGE('',*,*,#1676,.T.);
#2980=ORIENTED_EDGE('',*,*,#1680,.T.);
#2981=ORIENTED_EDGE('',*,*,#1671,.T.);
#2982=ORIENTED_EDGE('',*,*,#1674,.T.);
#2983=ORIENTED_EDGE('',*,*,#1664,.T.);
#2984=ORIENTED_EDGE('',*,*,#1668,.T.);
#2985=ORIENTED_EDGE('',*,*,#1659,.T.);
#2986=ORIENTED_EDGE('',*,*,#1662,.T.);
#2987=ORIENTED_EDGE('',*,*,#1652,.T.);
#2988=ORIENTED_EDGE('',*,*,#1656,.T.);
#2989=ORIENTED_EDGE('',*,*,#1647,.T.);
#2990=ORIENTED_EDGE('',*,*,#1650,.T.);
#2991=ORIENTED_EDGE('',*,*,#1640,.T.);
#2992=ORIENTED_EDGE('',*,*,#1644,.T.);
#2993=ORIENTED_EDGE('',*,*,#1884,.T.);
#2994=ORIENTED_EDGE('',*,*,#2115,.F.);
#2995=ORIENTED_EDGE('',*,*,#2004,.F.);
#2996=ORIENTED_EDGE('',*,*,#1945,.T.);
#2997=ORIENTED_EDGE('',*,*,#1853,.T.);
#2998=ORIENTED_EDGE('',*,*,#1867,.T.);
#2999=ORIENTED_EDGE('',*,*,#1865,.T.);
#3000=ORIENTED_EDGE('',*,*,#1863,.T.);
#3001=ORIENTED_EDGE('',*,*,#1861,.T.);
#3002=ORIENTED_EDGE('',*,*,#1846,.T.);
#3003=ORIENTED_EDGE('',*,*,#1849,.T.);
#3004=ORIENTED_EDGE('',*,*,#1851,.T.);
#3005=ORIENTED_EDGE('',*,*,#1967,.F.);
#3006=ORIENTED_EDGE('',*,*,#2028,.F.);
#3007=ORIENTED_EDGE('',*,*,#1944,.T.);
#3008=ORIENTED_EDGE('',*,*,#2007,.F.);
#3009=ORIENTED_EDGE('',*,*,#1996,.F.);
#3010=ORIENTED_EDGE('',*,*,#1980,.T.);
#3011=ORIENTED_EDGE('',*,*,#1957,.T.);
#3012=ORIENTED_EDGE('',*,*,#1960,.T.);
#3013=ORIENTED_EDGE('',*,*,#1954,.T.);
#3014=ORIENTED_EDGE('',*,*,#1947,.T.);
#3015=ORIENTED_EDGE('',*,*,#2096,.F.);
#3016=ORIENTED_EDGE('',*,*,#2116,.T.);
#3017=ORIENTED_EDGE('',*,*,#1912,.F.);
#3018=ORIENTED_EDGE('',*,*,#2069,.F.);
#3019=ORIENTED_EDGE('',*,*,#2095,.F.);
#3020=ORIENTED_EDGE('',*,*,#2117,.T.);
#3021=ORIENTED_EDGE('',*,*,#1913,.F.);
#3022=ORIENTED_EDGE('',*,*,#2116,.F.);
#3023=ORIENTED_EDGE('',*,*,#2094,.F.);
#3024=ORIENTED_EDGE('',*,*,#2118,.T.);
#3025=ORIENTED_EDGE('',*,*,#1914,.F.);
#3026=ORIENTED_EDGE('',*,*,#2117,.F.);
#3027=ORIENTED_EDGE('',*,*,#1881,.T.);
#3028=ORIENTED_EDGE('',*,*,#1761,.T.);
#3029=ORIENTED_EDGE('',*,*,#1767,.F.);
#3030=ORIENTED_EDGE('',*,*,#1915,.F.);
#3031=ORIENTED_EDGE('',*,*,#2118,.F.);
#3032=ORIENTED_EDGE('',*,*,#2093,.F.);
#3033=ORIENTED_EDGE('',*,*,#2089,.F.);
#3034=ORIENTED_EDGE('',*,*,#2119,.T.);
#3035=ORIENTED_EDGE('',*,*,#1920,.F.);
#3036=ORIENTED_EDGE('',*,*,#2097,.F.);
#3037=ORIENTED_EDGE('',*,*,#2088,.F.);
#3038=ORIENTED_EDGE('',*,*,#2120,.T.);
#3039=ORIENTED_EDGE('',*,*,#1921,.F.);
#3040=ORIENTED_EDGE('',*,*,#2119,.F.);
#3041=ORIENTED_EDGE('',*,*,#2087,.F.);
#3042=ORIENTED_EDGE('',*,*,#1893,.T.);
#3043=ORIENTED_EDGE('',*,*,#1922,.F.);
#3044=ORIENTED_EDGE('',*,*,#2120,.F.);
#3045=ORIENTED_EDGE('',*,*,#1938,.F.);
#3046=ORIENTED_EDGE('',*,*,#2121,.T.);
#3047=ORIENTED_EDGE('',*,*,#2072,.F.);
#3048=ORIENTED_EDGE('',*,*,#1909,.F.);
#3049=ORIENTED_EDGE('',*,*,#1937,.F.);
#3050=ORIENTED_EDGE('',*,*,#2122,.T.);
#3051=ORIENTED_EDGE('',*,*,#2073,.F.);
#3052=ORIENTED_EDGE('',*,*,#2121,.F.);
#3053=ORIENTED_EDGE('',*,*,#1936,.F.);
#3054=ORIENTED_EDGE('',*,*,#2123,.T.);
#3055=ORIENTED_EDGE('',*,*,#2074,.F.);
#3056=ORIENTED_EDGE('',*,*,#2122,.F.);
#3057=ORIENTED_EDGE('',*,*,#1935,.F.);
#3058=ORIENTED_EDGE('',*,*,#2124,.T.);
#3059=ORIENTED_EDGE('',*,*,#2075,.F.);
#3060=ORIENTED_EDGE('',*,*,#2123,.F.);
#3061=ORIENTED_EDGE('',*,*,#1934,.F.);
#3062=ORIENTED_EDGE('',*,*,#2125,.T.);
#3063=ORIENTED_EDGE('',*,*,#2076,.F.);
#3064=ORIENTED_EDGE('',*,*,#2124,.F.);
#3065=ORIENTED_EDGE('',*,*,#1712,.T.);
#3066=ORIENTED_EDGE('',*,*,#2077,.F.);
#3067=ORIENTED_EDGE('',*,*,#2125,.F.);
#3068=ORIENTED_EDGE('',*,*,#1933,.F.);
#3069=ORIENTED_EDGE('',*,*,#1932,.F.);
#3070=ORIENTED_EDGE('',*,*,#2126,.T.);
#3071=ORIENTED_EDGE('',*,*,#2078,.F.);
#3072=ORIENTED_EDGE('',*,*,#1901,.F.);
#3073=ORIENTED_EDGE('',*,*,#1931,.F.);
#3074=ORIENTED_EDGE('',*,*,#2127,.T.);
#3075=ORIENTED_EDGE('',*,*,#2079,.F.);
#3076=ORIENTED_EDGE('',*,*,#2126,.F.);
#3077=ORIENTED_EDGE('',*,*,#1930,.F.);
#3078=ORIENTED_EDGE('',*,*,#2128,.T.);
#3079=ORIENTED_EDGE('',*,*,#2080,.F.);
#3080=ORIENTED_EDGE('',*,*,#2127,.F.);
#3081=ORIENTED_EDGE('',*,*,#1929,.F.);
#3082=ORIENTED_EDGE('',*,*,#2129,.T.);
#3083=ORIENTED_EDGE('',*,*,#2081,.F.);
#3084=ORIENTED_EDGE('',*,*,#2128,.F.);
#3085=ORIENTED_EDGE('',*,*,#1928,.F.);
#3086=ORIENTED_EDGE('',*,*,#2130,.T.);
#3087=ORIENTED_EDGE('',*,*,#2082,.F.);
#3088=ORIENTED_EDGE('',*,*,#2129,.F.);
#3089=ORIENTED_EDGE('',*,*,#1927,.F.);
#3090=ORIENTED_EDGE('',*,*,#2131,.T.);
#3091=ORIENTED_EDGE('',*,*,#2083,.F.);
#3092=ORIENTED_EDGE('',*,*,#2130,.F.);
#3093=ORIENTED_EDGE('',*,*,#1926,.F.);
#3094=ORIENTED_EDGE('',*,*,#2132,.T.);
#3095=ORIENTED_EDGE('',*,*,#2084,.F.);
#3096=ORIENTED_EDGE('',*,*,#2131,.F.);
#3097=ORIENTED_EDGE('',*,*,#1925,.F.);
#3098=ORIENTED_EDGE('',*,*,#2133,.T.);
#3099=ORIENTED_EDGE('',*,*,#2085,.F.);
#3100=ORIENTED_EDGE('',*,*,#2132,.F.);
#3101=ORIENTED_EDGE('',*,*,#1924,.F.);
#3102=ORIENTED_EDGE('',*,*,#2067,.T.);
#3103=ORIENTED_EDGE('',*,*,#2086,.F.);
#3104=ORIENTED_EDGE('',*,*,#2133,.F.);
#3105=ORIENTED_EDGE('',*,*,#2043,.T.);
#3106=ORIENTED_EDGE('',*,*,#2100,.T.);
#3107=ORIENTED_EDGE('',*,*,#2134,.F.);
#3108=ORIENTED_EDGE('',*,*,#2135,.F.);
#3109=ORIENTED_EDGE('',*,*,#2112,.F.);
#3110=ORIENTED_EDGE('',*,*,#2136,.F.);
#3111=ORIENTED_EDGE('',*,*,#2113,.F.);
#3112=ORIENTED_EDGE('',*,*,#2135,.T.);
#3113=ORIENTED_EDGE('',*,*,#1917,.F.);
#3114=ORIENTED_EDGE('',*,*,#2061,.T.);
#3115=ORIENTED_EDGE('',*,*,#2114,.F.);
#3116=ORIENTED_EDGE('',*,*,#2136,.T.);
#3117=ORIENTED_EDGE('',*,*,#2137,.F.);
#3118=ORIENTED_EDGE('',*,*,#2111,.F.);
#3119=ORIENTED_EDGE('',*,*,#2109,.F.);
#3120=ORIENTED_EDGE('',*,*,#2137,.T.);
#3121=ORIENTED_EDGE('',*,*,#1916,.T.);
#3122=ORIENTED_EDGE('',*,*,#1765,.F.);
#3123=ORIENTED_EDGE('',*,*,#1918,.F.);
#3124=ORIENTED_EDGE('',*,*,#2134,.T.);
#3125=ORIENTED_EDGE('',*,*,#2070,.T.);
#3126=ORIENTED_EDGE('',*,*,#1730,.F.);
#3127=ORIENTED_EDGE('',*,*,#2138,.T.);
#3128=ORIENTED_EDGE('',*,*,#1896,.T.);
#3129=ORIENTED_EDGE('',*,*,#1978,.F.);
#3130=ORIENTED_EDGE('',*,*,#1987,.T.);
#3131=ORIENTED_EDGE('',*,*,#2139,.T.);
#3132=ORIENTED_EDGE('',*,*,#2091,.T.);
#3133=ORIENTED_EDGE('',*,*,#2138,.F.);
#3134=ORIENTED_EDGE('',*,*,#1986,.T.);
#3135=ORIENTED_EDGE('',*,*,#2005,.T.);
#3136=ORIENTED_EDGE('',*,*,#2140,.T.);
#3137=ORIENTED_EDGE('',*,*,#2139,.F.);
#3138=ORIENTED_EDGE('',*,*,#1985,.T.);
#3139=ORIENTED_EDGE('',*,*,#1883,.T.);
#3140=ORIENTED_EDGE('',*,*,#2092,.F.);
#3141=ORIENTED_EDGE('',*,*,#2140,.F.);
#3142=ORIENTED_EDGE('',*,*,#2115,.T.);
#3143=PLANE('',#3429);
#3144=PLANE('',#3433);
#3145=PLANE('',#3437);
#3146=PLANE('',#3441);
#3147=PLANE('',#3445);
#3148=PLANE('',#3449);
#3149=PLANE('',#3453);
#3150=PLANE('',#3457);
#3151=PLANE('',#3461);
#3152=PLANE('',#3465);
#3153=PLANE('',#3469);
#3154=PLANE('',#3470);
#3155=PLANE('',#3471);
#3156=PLANE('',#3472);
#3157=PLANE('',#3473);
#3158=PLANE('',#3474);
#3159=PLANE('',#3478);
#3160=PLANE('',#3479);
#3161=PLANE('',#3480);
#3162=PLANE('',#3482);
#3163=PLANE('',#3483);
#3164=PLANE('',#3484);
#3165=PLANE('',#3485);
#3166=PLANE('',#3486);
#3167=PLANE('',#3490);
#3168=PLANE('',#3494);
#3169=PLANE('',#3495);
#3170=PLANE('',#3498);
#3171=PLANE('',#3499);
#3172=PLANE('',#3500);
#3173=PLANE('',#3501);
#3174=PLANE('',#3502);
#3175=PLANE('',#3503);
#3176=PLANE('',#3504);
#3177=PLANE('',#3508);
#3178=PLANE('',#3509);
#3179=PLANE('',#3510);
#3180=PLANE('',#3512);
#3181=PLANE('',#3519);
#3182=PLANE('',#3522);
#3183=PLANE('',#3523);
#3184=PLANE('',#3530);
#3185=PLANE('',#3533);
#3186=PLANE('',#3534);
#3187=PLANE('',#3541);
#3188=PLANE('',#3544);
#3189=PLANE('',#3545);
#3190=PLANE('',#3548);
#3191=PLANE('',#3551);
#3192=PLANE('',#3554);
#3193=PLANE('',#3557);
#3194=PLANE('',#3560);
#3195=PLANE('',#3563);
#3196=PLANE('',#3565);
#3197=PLANE('',#3569);
#3198=PLANE('',#3578);
#3199=PLANE('',#3584);
#3200=PLANE('',#3589);
#3201=PLANE('',#3600);
#3202=PLANE('',#3603);
#3203=PLANE('',#3604);
#3204=PLANE('',#3605);
#3205=PLANE('',#3608);
#3206=PLANE('',#3611);
#3207=PLANE('',#3622);
#3208=PLANE('',#3656);
#3209=PLANE('',#3658);
#3210=PLANE('',#3660);
#3211=PLANE('',#3662);
#3212=PLANE('',#3670);
#3213=PLANE('',#3672);
#3214=PLANE('',#3678);
#3215=PLANE('',#3688);
#3216=PLANE('',#3696);
#3217=PLANE('',#3697);
#3218=PLANE('',#3705);
#3219=PLANE('',#3710);
#3220=PLANE('',#3720);
#3221=PLANE('',#3723);
#3222=PLANE('',#3726);
#3223=PLANE('',#3729);
#3224=PLANE('',#3731);
#3225=PLANE('',#3733);
#3226=PLANE('',#3735);
#3227=PLANE('',#3737);
#3228=PLANE('',#3739);
#3229=PLANE('',#3741);
#3230=PLANE('',#3743);
#3231=PLANE('',#3745);
#3232=PLANE('',#3747);
#3233=PLANE('',#3749);
#3234=ADVANCED_FACE('',(#324),#3143,.F.);
#3235=ADVANCED_FACE('',(#325),#254,.F.);
#3236=ADVANCED_FACE('',(#326),#3144,.F.);
#3237=ADVANCED_FACE('',(#327),#255,.F.);
#3238=ADVANCED_FACE('',(#328),#3145,.F.);
#3239=ADVANCED_FACE('',(#329),#256,.F.);
#3240=ADVANCED_FACE('',(#330),#3146,.F.);
#3241=ADVANCED_FACE('',(#331),#257,.F.);
#3242=ADVANCED_FACE('',(#332),#3147,.F.);
#3243=ADVANCED_FACE('',(#333),#258,.F.);
#3244=ADVANCED_FACE('',(#334),#3148,.F.);
#3245=ADVANCED_FACE('',(#335),#259,.F.);
#3246=ADVANCED_FACE('',(#336),#3149,.F.);
#3247=ADVANCED_FACE('',(#337),#260,.F.);
#3248=ADVANCED_FACE('',(#338),#3150,.F.);
#3249=ADVANCED_FACE('',(#339),#261,.F.);
#3250=ADVANCED_FACE('',(#340),#3151,.F.);
#3251=ADVANCED_FACE('',(#341),#262,.F.);
#3252=ADVANCED_FACE('',(#342),#3152,.F.);
#3253=ADVANCED_FACE('',(#343),#263,.F.);
#3254=ADVANCED_FACE('',(#344),#3153,.T.);
#3255=ADVANCED_FACE('',(#345),#3154,.T.);
#3256=ADVANCED_FACE('',(#346),#3155,.T.);
#3257=ADVANCED_FACE('',(#347),#3156,.T.);
#3258=ADVANCED_FACE('',(#348),#3157,.F.);
#3259=ADVANCED_FACE('',(#349),#3158,.T.);
#3260=ADVANCED_FACE('',(#350),#264,.T.);
#3261=ADVANCED_FACE('',(#351),#3159,.T.);
#3262=ADVANCED_FACE('',(#352),#3160,.T.);
#3263=ADVANCED_FACE('',(#353),#3161,.F.);
#3264=ADVANCED_FACE('',(#354),#3162,.T.);
#3265=ADVANCED_FACE('',(#355),#3163,.T.);
#3266=ADVANCED_FACE('',(#356),#3164,.F.);
#3267=ADVANCED_FACE('',(#357),#3165,.T.);
#3268=ADVANCED_FACE('',(#358),#3166,.T.);
#3269=ADVANCED_FACE('',(#359),#265,.T.);
#3270=ADVANCED_FACE('',(#360),#3167,.T.);
#3271=ADVANCED_FACE('',(#361),#266,.T.);
#3272=ADVANCED_FACE('',(#362),#3168,.T.);
#3273=ADVANCED_FACE('',(#363),#3169,.F.);
#3274=ADVANCED_FACE('',(#364),#3170,.T.);
#3275=ADVANCED_FACE('',(#365),#3171,.T.);
#3276=ADVANCED_FACE('',(#366),#3172,.T.);
#3277=ADVANCED_FACE('',(#367),#3173,.T.);
#3278=ADVANCED_FACE('',(#368),#3174,.F.);
#3279=ADVANCED_FACE('',(#369),#3175,.T.);
#3280=ADVANCED_FACE('',(#370),#3176,.T.);
#3281=ADVANCED_FACE('',(#371),#267,.T.);
#3282=ADVANCED_FACE('',(#372),#3177,.T.);
#3283=ADVANCED_FACE('',(#373),#3178,.T.);
#3284=ADVANCED_FACE('',(#374),#3179,.F.);
#3285=ADVANCED_FACE('',(#375),#3180,.T.);
#3286=ADVANCED_FACE('',(#376),#268,.F.);
#3287=ADVANCED_FACE('',(#377),#3181,.F.);
#3288=ADVANCED_FACE('',(#378),#269,.F.);
#3289=ADVANCED_FACE('',(#379),#3182,.F.);
#3290=ADVANCED_FACE('',(#380),#3183,.T.);
#3291=ADVANCED_FACE('',(#381),#270,.F.);
#3292=ADVANCED_FACE('',(#382),#3184,.F.);
#3293=ADVANCED_FACE('',(#383),#271,.F.);
#3294=ADVANCED_FACE('',(#384),#3185,.F.);
#3295=ADVANCED_FACE('',(#385),#3186,.T.);
#3296=ADVANCED_FACE('',(#386),#272,.F.);
#3297=ADVANCED_FACE('',(#387),#3187,.F.);
#3298=ADVANCED_FACE('',(#388),#273,.F.);
#3299=ADVANCED_FACE('',(#389),#3188,.F.);
#3300=ADVANCED_FACE('',(#390),#3189,.F.);
#3301=ADVANCED_FACE('',(#391),#274,.F.);
#3302=ADVANCED_FACE('',(#392),#3190,.F.);
#3303=ADVANCED_FACE('',(#393),#275,.F.);
#3304=ADVANCED_FACE('',(#394),#3191,.F.);
#3305=ADVANCED_FACE('',(#395),#276,.F.);
#3306=ADVANCED_FACE('',(#396),#3192,.F.);
#3307=ADVANCED_FACE('',(#397),#277,.F.);
#3308=ADVANCED_FACE('',(#398),#3193,.F.);
#3309=ADVANCED_FACE('',(#399),#278,.F.);
#3310=ADVANCED_FACE('',(#400),#3194,.F.);
#3311=ADVANCED_FACE('',(#401),#279,.F.);
#3312=ADVANCED_FACE('',(#402),#3195,.F.);
#3313=ADVANCED_FACE('',(#403),#3196,.F.);
#3314=ADVANCED_FACE('',(#404),#3197,.F.);
#3315=ADVANCED_FACE('',(#405),#280,.T.);
#3316=ADVANCED_FACE('',(#406),#281,.F.);
#3317=ADVANCED_FACE('',(#407),#282,.F.);
#3318=ADVANCED_FACE('',(#408),#3198,.F.);
#3319=ADVANCED_FACE('',(#409),#283,.F.);
#3320=ADVANCED_FACE('',(#410),#284,.F.);
#3321=ADVANCED_FACE('',(#411),#3199,.F.);
#3322=ADVANCED_FACE('',(#412,#64,#65),#3200,.T.);
#3323=ADVANCED_FACE('',(#413),#285,.T.);
#3324=ADVANCED_FACE('',(#414),#3201,.T.);
#3325=ADVANCED_FACE('',(#415),#286,.T.);
#3326=ADVANCED_FACE('',(#416),#3202,.F.);
#3327=ADVANCED_FACE('',(#417),#3203,.F.);
#3328=ADVANCED_FACE('',(#418),#3204,.F.);
#3329=ADVANCED_FACE('',(#419),#3205,.F.);
#3330=ADVANCED_FACE('',(#420),#3206,.F.);
#3331=ADVANCED_FACE('',(#421),#60,.T.);
#3332=ADVANCED_FACE('',(#422),#52,.F.);
#3333=ADVANCED_FACE('',(#423),#53,.F.);
#3334=ADVANCED_FACE('',(#424),#54,.F.);
#3335=ADVANCED_FACE('',(#425),#287,.T.);
#3336=ADVANCED_FACE('',(#426,#66,#67,#68,#69,#70),#3207,.F.);
#3337=ADVANCED_FACE('',(#427),#288,.F.);
#3338=ADVANCED_FACE('',(#428),#55,.F.);
#3339=ADVANCED_FACE('',(#429),#56,.F.);
#3340=ADVANCED_FACE('',(#430),#61,.T.);
#3341=ADVANCED_FACE('',(#431),#57,.F.);
#3342=ADVANCED_FACE('',(#432),#289,.T.);
#3343=ADVANCED_FACE('',(#433),#15,.F.);
#3344=ADVANCED_FACE('',(#434),#290,.F.);
#3345=ADVANCED_FACE('',(#435),#62,.T.);
#3346=ADVANCED_FACE('',(#436),#58,.F.);
#3347=ADVANCED_FACE('',(#437),#291,.F.);
#3348=ADVANCED_FACE('',(#438),#63,.T.);
#3349=ADVANCED_FACE('',(#439),#59,.F.);
#3350=ADVANCED_FACE('',(#440),#292,.F.);
#3351=ADVANCED_FACE('',(#441,#71),#3208,.T.);
#3352=ADVANCED_FACE('',(#442,#72),#3209,.T.);
#3353=ADVANCED_FACE('',(#443,#73),#3210,.T.);
#3354=ADVANCED_FACE('',(#444,#74),#3211,.T.);
#3355=ADVANCED_FACE('',(#445),#16,.F.);
#3356=ADVANCED_FACE('',(#446),#293,.T.);
#3357=ADVANCED_FACE('',(#447),#294,.F.);
#3358=ADVANCED_FACE('',(#448,#75),#3212,.T.);
#3359=ADVANCED_FACE('',(#449,#76),#3213,.T.);
#3360=ADVANCED_FACE('',(#450),#295,.T.);
#3361=ADVANCED_FACE('',(#451),#296,.F.);
#3362=ADVANCED_FACE('',(#452,#77),#3214,.T.);
#3363=ADVANCED_FACE('',(#453),#297,.T.);
#3364=ADVANCED_FACE('',(#454),#298,.T.);
#3365=ADVANCED_FACE('',(#455),#299,.F.);
#3366=ADVANCED_FACE('',(#456,#78),#3215,.T.);
#3367=ADVANCED_FACE('',(#457),#300,.T.);
#3368=ADVANCED_FACE('',(#458),#301,.F.);
#3369=ADVANCED_FACE('',(#459),#302,.F.);
#3370=ADVANCED_FACE('',(#460),#3216,.F.);
#3371=ADVANCED_FACE('',(#461),#3217,.F.);
#3372=ADVANCED_FACE('',(#462),#3218,.T.);
#3373=ADVANCED_FACE('',(#463),#3219,.F.);
#3374=ADVANCED_FACE('',(#464),#17,.T.);
#3375=ADVANCED_FACE('',(#465),#303,.F.);
#3376=ADVANCED_FACE('',(#466),#304,.F.);
#3377=ADVANCED_FACE('',(#467),#18,.T.);
#3378=ADVANCED_FACE('',(#468),#305,.F.);
#3379=ADVANCED_FACE('',(#469),#3220,.F.);
#3380=ADVANCED_FACE('',(#470),#306,.F.);
#3381=ADVANCED_FACE('',(#471,#79,#80,#81,#82,#83),#3221,.T.);
#3382=ADVANCED_FACE('',(#472,#84),#3222,.T.);
#3383=ADVANCED_FACE('',(#473,#85),#307,.T.);
#3384=ADVANCED_FACE('',(#474),#308,.F.);
#3385=ADVANCED_FACE('',(#475),#3223,.F.);
#3386=ADVANCED_FACE('',(#476),#309,.F.);
#3387=ADVANCED_FACE('',(#477),#3224,.F.);
#3388=ADVANCED_FACE('',(#478),#310,.F.);
#3389=ADVANCED_FACE('',(#479),#3225,.F.);
#3390=ADVANCED_FACE('',(#480),#311,.F.);
#3391=ADVANCED_FACE('',(#481),#3226,.F.);
#3392=ADVANCED_FACE('',(#482),#312,.F.);
#3393=ADVANCED_FACE('',(#483),#3227,.F.);
#3394=ADVANCED_FACE('',(#484),#313,.F.);
#3395=ADVANCED_FACE('',(#485),#3228,.F.);
#3396=ADVANCED_FACE('',(#486),#314,.F.);
#3397=ADVANCED_FACE('',(#487),#3229,.F.);
#3398=ADVANCED_FACE('',(#488),#315,.T.);
#3399=ADVANCED_FACE('',(#489),#3230,.F.);
#3400=ADVANCED_FACE('',(#490),#316,.F.);
#3401=ADVANCED_FACE('',(#491),#3231,.F.);
#3402=ADVANCED_FACE('',(#492),#317,.F.);
#3403=ADVANCED_FACE('',(#493),#3232,.F.);
#3404=ADVANCED_FACE('',(#494),#318,.T.);
#3405=ADVANCED_FACE('',(#495),#3233,.F.);
#3406=ADVANCED_FACE('',(#496),#19,.T.);
#3407=ADVANCED_FACE('',(#497),#319,.F.);
#3408=ADVANCED_FACE('',(#498),#20,.T.);
#3409=ADVANCED_FACE('',(#499),#320,.F.);
#3410=ADVANCED_FACE('',(#500),#321,.F.);
#3411=ADVANCED_FACE('',(#501),#21,.F.);
#3412=ADVANCED_FACE('',(#502),#322,.T.);
#3413=ADVANCED_FACE('',(#503),#22,.F.);
#3414=ADVANCED_FACE('',(#504),#323,.T.);
#3415=CLOSED_SHELL('',(#3234,#3235,#3236,#3237,#3238,#3239,#3240,#3241,
#3242,#3243,#3244,#3245,#3246,#3247,#3248,#3249,#3250,#3251,#3252,#3253,
#3254,#3255,#3256,#3257,#3258,#3259,#3260,#3261,#3262,#3263,#3264,#3265,
#3266,#3267,#3268,#3269,#3270,#3271,#3272,#3273,#3274,#3275,#3276,#3277,
#3278,#3279,#3280,#3281,#3282,#3283,#3284,#3285,#3286,#3287,#3288,#3289,
#3290,#3291,#3292,#3293,#3294,#3295,#3296,#3297,#3298,#3299,#3300,#3301,
#3302,#3303,#3304,#3305,#3306,#3307,#3308,#3309,#3310,#3311,#3312,#3313,
#3314,#3315,#3316,#3317,#3318,#3319,#3320,#3321,#3322,#3323,#3324,#3325,
#3326,#3327,#3328,#3329,#3330,#3331,#3332,#3333,#3334,#3335,#3336,#3337,
#3338,#3339,#3340,#3341,#3342,#3343,#3344,#3345,#3346,#3347,#3348,#3349,
#3350,#3351,#3352,#3353,#3354,#3355,#3356,#3357,#3358,#3359,#3360,#3361,
#3362,#3363,#3364,#3365,#3366,#3367,#3368,#3369,#3370,#3371,#3372,#3373,
#3374,#3375,#3376,#3377,#3378,#3379,#3380,#3381,#3382,#3383,#3384,#3385,
#3386,#3387,#3388,#3389,#3390,#3391,#3392,#3393,#3394,#3395,#3396,#3397,
#3398,#3399,#3400,#3401,#3402,#3403,#3404,#3405,#3406,#3407,#3408,#3409,
#3410,#3411,#3412,#3413,#3414));
#3416=DERIVED_UNIT_ELEMENT(#3418,1.);
#3417=DERIVED_UNIT_ELEMENT(#6281,-3.);
#3418=(
MASS_UNIT()
NAMED_UNIT(*)
SI_UNIT(.KILO.,.GRAM.)
);
#3419=DERIVED_UNIT((#3416,#3417));
#3420=MEASURE_REPRESENTATION_ITEM('density measure',
POSITIVE_RATIO_MEASURE(7850.),#3419);
#3421=PROPERTY_DEFINITION_REPRESENTATION(#3426,#3423);
#3422=PROPERTY_DEFINITION_REPRESENTATION(#3427,#3424);
#3423=REPRESENTATION('material name',(#3425),#6278);
#3424=REPRESENTATION('density',(#3420),#6278);
#3425=DESCRIPTIVE_REPRESENTATION_ITEM('Steel','Steel');
#3426=PROPERTY_DEFINITION('material property','material name',#6288);
#3427=PROPERTY_DEFINITION('material property','density of part',#6288);
#3428=AXIS2_PLACEMENT_3D('',#4734,#3762,#3763);
#3429=AXIS2_PLACEMENT_3D('',#4735,#3764,#3765);
#3430=AXIS2_PLACEMENT_3D('',#4744,#3770,#3771);
#3431=AXIS2_PLACEMENT_3D('',#4746,#3772,#3773);
#3432=AXIS2_PLACEMENT_3D('',#4748,#3774,#3775);
#3433=AXIS2_PLACEMENT_3D('',#4750,#3777,#3778);
#3434=AXIS2_PLACEMENT_3D('',#4756,#3782,#3783);
#3435=AXIS2_PLACEMENT_3D('',#4757,#3784,#3785);
#3436=AXIS2_PLACEMENT_3D('',#4758,#3786,#3787);
#3437=AXIS2_PLACEMENT_3D('',#4759,#3788,#3789);
#3438=AXIS2_PLACEMENT_3D('',#4768,#3794,#3795);
#3439=AXIS2_PLACEMENT_3D('',#4770,#3796,#3797);
#3440=AXIS2_PLACEMENT_3D('',#4772,#3798,#3799);
#3441=AXIS2_PLACEMENT_3D('',#4774,#3801,#3802);
#3442=AXIS2_PLACEMENT_3D('',#4780,#3806,#3807);
#3443=AXIS2_PLACEMENT_3D('',#4781,#3808,#3809);
#3444=AXIS2_PLACEMENT_3D('',#4782,#3810,#3811);
#3445=AXIS2_PLACEMENT_3D('',#4783,#3812,#3813);
#3446=AXIS2_PLACEMENT_3D('',#4792,#3818,#3819);
#3447=AXIS2_PLACEMENT_3D('',#4794,#3820,#3821);
#3448=AXIS2_PLACEMENT_3D('',#4796,#3822,#3823);
#3449=AXIS2_PLACEMENT_3D('',#4798,#3825,#3826);
#3450=AXIS2_PLACEMENT_3D('',#4804,#3830,#3831);
#3451=AXIS2_PLACEMENT_3D('',#4805,#3832,#3833);
#3452=AXIS2_PLACEMENT_3D('',#4806,#3834,#3835);
#3453=AXIS2_PLACEMENT_3D('',#4807,#3836,#3837);
#3454=AXIS2_PLACEMENT_3D('',#4816,#3842,#3843);
#3455=AXIS2_PLACEMENT_3D('',#4818,#3844,#3845);
#3456=AXIS2_PLACEMENT_3D('',#4820,#3846,#3847);
#3457=AXIS2_PLACEMENT_3D('',#4822,#3849,#3850);
#3458=AXIS2_PLACEMENT_3D('',#4828,#3854,#3855);
#3459=AXIS2_PLACEMENT_3D('',#4829,#3856,#3857);
#3460=AXIS2_PLACEMENT_3D('',#4830,#3858,#3859);
#3461=AXIS2_PLACEMENT_3D('',#4831,#3860,#3861);
#3462=AXIS2_PLACEMENT_3D('',#4840,#3866,#3867);
#3463=AXIS2_PLACEMENT_3D('',#4842,#3868,#3869);
#3464=AXIS2_PLACEMENT_3D('',#4844,#3870,#3871);
#3465=AXIS2_PLACEMENT_3D('',#4846,#3873,#3874);
#3466=AXIS2_PLACEMENT_3D('',#4852,#3878,#3879);
#3467=AXIS2_PLACEMENT_3D('',#4853,#3880,#3881);
#3468=AXIS2_PLACEMENT_3D('',#4854,#3882,#3883);
#3469=AXIS2_PLACEMENT_3D('',#4855,#3884,#3885);
#3470=AXIS2_PLACEMENT_3D('',#4864,#3890,#3891);
#3471=AXIS2_PLACEMENT_3D('',#4873,#3896,#3897);
#3472=AXIS2_PLACEMENT_3D('',#4876,#3900,#3901);
#3473=AXIS2_PLACEMENT_3D('',#4878,#3903,#3904);
#3474=AXIS2_PLACEMENT_3D('',#4888,#3910,#3911);
#3475=AXIS2_PLACEMENT_3D('',#4897,#3916,#3917);
#3476=AXIS2_PLACEMENT_3D('',#4899,#3918,#3919);
#3477=AXIS2_PLACEMENT_3D('',#4901,#3920,#3921);
#3478=AXIS2_PLACEMENT_3D('',#4903,#3923,#3924);
#3479=AXIS2_PLACEMENT_3D('',#4909,#3928,#3929);
#3480=AXIS2_PLACEMENT_3D('',#4915,#3933,#3934);
#3481=AXIS2_PLACEMENT_3D('',#4920,#3936,#3937);
#3482=AXIS2_PLACEMENT_3D('',#4923,#3940,#3941);
#3483=AXIS2_PLACEMENT_3D('',#4932,#3946,#3947);
#3484=AXIS2_PLACEMENT_3D('',#4938,#3951,#3952);
#3485=AXIS2_PLACEMENT_3D('',#4944,#3956,#3957);
#3486=AXIS2_PLACEMENT_3D('',#4953,#3962,#3963);
#3487=AXIS2_PLACEMENT_3D('',#4959,#3967,#3968);
#3488=AXIS2_PLACEMENT_3D('',#4961,#3969,#3970);
#3489=AXIS2_PLACEMENT_3D('',#4963,#3971,#3972);
#3490=AXIS2_PLACEMENT_3D('',#4965,#3974,#3975);
#3491=AXIS2_PLACEMENT_3D('',#4971,#3979,#3980);
#3492=AXIS2_PLACEMENT_3D('',#4973,#3981,#3982);
#3493=AXIS2_PLACEMENT_3D('',#4975,#3983,#3984);
#3494=AXIS2_PLACEMENT_3D('',#4977,#3986,#3987);
#3495=AXIS2_PLACEMENT_3D('',#4983,#3991,#3992);
#3496=AXIS2_PLACEMENT_3D('',#4987,#3994,#3995);
#3497=AXIS2_PLACEMENT_3D('',#4991,#3997,#3998);
#3498=AXIS2_PLACEMENT_3D('',#4995,#4001,#4002);
#3499=AXIS2_PLACEMENT_3D('',#5004,#4007,#4008);
#3500=AXIS2_PLACEMENT_3D('',#5013,#4013,#4014);
#3501=AXIS2_PLACEMENT_3D('',#5016,#4017,#4018);
#3502=AXIS2_PLACEMENT_3D('',#5018,#4020,#4021);
#3503=AXIS2_PLACEMENT_3D('',#5028,#4027,#4028);
#3504=AXIS2_PLACEMENT_3D('',#5037,#4033,#4034);
#3505=AXIS2_PLACEMENT_3D('',#5043,#4038,#4039);
#3506=AXIS2_PLACEMENT_3D('',#5045,#4040,#4041);
#3507=AXIS2_PLACEMENT_3D('',#5047,#4042,#4043);
#3508=AXIS2_PLACEMENT_3D('',#5049,#4045,#4046);
#3509=AXIS2_PLACEMENT_3D('',#5055,#4050,#4051);
#3510=AXIS2_PLACEMENT_3D('',#5061,#4055,#4056);
#3511=AXIS2_PLACEMENT_3D('',#5065,#4058,#4059);
#3512=AXIS2_PLACEMENT_3D('',#5067,#4061,#4062);
#3513=AXIS2_PLACEMENT_3D('',#5070,#4063,#4064);
#3514=AXIS2_PLACEMENT_3D('',#5074,#4066,#4067);
#3515=AXIS2_PLACEMENT_3D('',#5078,#4069,#4070);
#3516=AXIS2_PLACEMENT_3D('',#5082,#4072,#4073);
#3517=AXIS2_PLACEMENT_3D('',#5084,#4075,#4076);
#3518=AXIS2_PLACEMENT_3D('',#5088,#4078,#4079);
#3519=AXIS2_PLACEMENT_3D('',#5090,#4081,#4082);
#3520=AXIS2_PLACEMENT_3D('',#5094,#4085,#4086);
#3521=AXIS2_PLACEMENT_3D('',#5097,#4088,#4089);
#3522=AXIS2_PLACEMENT_3D('',#5098,#4090,#4091);
#3523=AXIS2_PLACEMENT_3D('',#5102,#4094,#4095);
#3524=AXIS2_PLACEMENT_3D('',#5105,#4096,#4097);
#3525=AXIS2_PLACEMENT_3D('',#5109,#4099,#4100);
#3526=AXIS2_PLACEMENT_3D('',#5113,#4102,#4103);
#3527=AXIS2_PLACEMENT_3D('',#5117,#4105,#4106);
#3528=AXIS2_PLACEMENT_3D('',#5119,#4108,#4109);
#3529=AXIS2_PLACEMENT_3D('',#5123,#4111,#4112);
#3530=AXIS2_PLACEMENT_3D('',#5125,#4114,#4115);
#3531=AXIS2_PLACEMENT_3D('',#5129,#4118,#4119);
#3532=AXIS2_PLACEMENT_3D('',#5132,#4121,#4122);
#3533=AXIS2_PLACEMENT_3D('',#5133,#4123,#4124);
#3534=AXIS2_PLACEMENT_3D('',#5137,#4127,#4128);
#3535=AXIS2_PLACEMENT_3D('',#5140,#4129,#4130);
#3536=AXIS2_PLACEMENT_3D('',#5144,#4132,#4133);
#3537=AXIS2_PLACEMENT_3D('',#5148,#4135,#4136);
#3538=AXIS2_PLACEMENT_3D('',#5152,#4138,#4139);
#3539=AXIS2_PLACEMENT_3D('',#5154,#4141,#4142);
#3540=AXIS2_PLACEMENT_3D('',#5158,#4144,#4145);
#3541=AXIS2_PLACEMENT_3D('',#5160,#4147,#4148);
#3542=AXIS2_PLACEMENT_3D('',#5164,#4151,#4152);
#3543=AXIS2_PLACEMENT_3D('',#5167,#4154,#4155);
#3544=AXIS2_PLACEMENT_3D('',#5168,#4156,#4157);
#3545=AXIS2_PLACEMENT_3D('',#5172,#4160,#4161);
#3546=AXIS2_PLACEMENT_3D('',#5176,#4164,#4165);
#3547=AXIS2_PLACEMENT_3D('',#5178,#4166,#4167);
#3548=AXIS2_PLACEMENT_3D('',#5180,#4169,#4170);
#3549=AXIS2_PLACEMENT_3D('',#5184,#4173,#4174);
#3550=AXIS2_PLACEMENT_3D('',#5185,#4175,#4176);
#3551=AXIS2_PLACEMENT_3D('',#5186,#4177,#4178);
#3552=AXIS2_PLACEMENT_3D('',#5190,#4181,#4182);
#3553=AXIS2_PLACEMENT_3D('',#5192,#4183,#4184);
#3554=AXIS2_PLACEMENT_3D('',#5194,#4186,#4187);
#3555=AXIS2_PLACEMENT_3D('',#5198,#4190,#4191);
#3556=AXIS2_PLACEMENT_3D('',#5199,#4192,#4193);
#3557=AXIS2_PLACEMENT_3D('',#5200,#4194,#4195);
#3558=AXIS2_PLACEMENT_3D('',#5204,#4198,#4199);
#3559=AXIS2_PLACEMENT_3D('',#5206,#4200,#4201);
#3560=AXIS2_PLACEMENT_3D('',#5208,#4203,#4204);
#3561=AXIS2_PLACEMENT_3D('',#5212,#4207,#4208);
#3562=AXIS2_PLACEMENT_3D('',#5213,#4209,#4210);
#3563=AXIS2_PLACEMENT_3D('',#5214,#4211,#4212);
#3564=AXIS2_PLACEMENT_3D('',#5222,#4216,#4217);
#3565=AXIS2_PLACEMENT_3D('',#5226,#4220,#4221);
#3566=AXIS2_PLACEMENT_3D('',#5232,#4224,#4225);
#3567=AXIS2_PLACEMENT_3D('',#5236,#4227,#4228);
#3568=AXIS2_PLACEMENT_3D('',#5240,#4230,#4231);
#3569=AXIS2_PLACEMENT_3D('',#5247,#4236,#4237);
#3570=AXIS2_PLACEMENT_3D('',#5253,#4241,#4242);
#3571=AXIS2_PLACEMENT_3D('',#5257,#4244,#4245);
#3572=AXIS2_PLACEMENT_3D('',#5259,#4247,#4248);
#3573=AXIS2_PLACEMENT_3D('',#5260,#4249,#4250);
#3574=AXIS2_PLACEMENT_3D('',#5261,#4251,#4252);
#3575=AXIS2_PLACEMENT_3D('',#5262,#4253,#4254);
#3576=AXIS2_PLACEMENT_3D('',#5264,#4255,#4256);
#3577=AXIS2_PLACEMENT_3D('',#5267,#4258,#4259);
#3578=AXIS2_PLACEMENT_3D('',#5268,#4260,#4261);
#3579=AXIS2_PLACEMENT_3D('',#5274,#4265,#4266);
#3580=AXIS2_PLACEMENT_3D('',#5277,#4268,#4269);
#3581=AXIS2_PLACEMENT_3D('',#5278,#4270,#4271);
#3582=AXIS2_PLACEMENT_3D('',#5280,#4272,#4273);
#3583=AXIS2_PLACEMENT_3D('',#5283,#4275,#4276);
#3584=AXIS2_PLACEMENT_3D('',#5284,#4277,#4278);
#3585=AXIS2_PLACEMENT_3D('',#5288,#4280,#4281);
#3586=AXIS2_PLACEMENT_3D('',#5292,#4283,#4284);
#3587=AXIS2_PLACEMENT_3D('',#5302,#4290,#4291);
#3588=AXIS2_PLACEMENT_3D('',#5305,#4293,#4294);
#3589=AXIS2_PLACEMENT_3D('',#5306,#4295,#4296);
#3590=AXIS2_PLACEMENT_3D('',#5308,#4297,#4298);
#3591=AXIS2_PLACEMENT_3D('',#5312,#4300,#4301);
#3592=AXIS2_PLACEMENT_3D('',#5316,#4303,#4304);
#3593=AXIS2_PLACEMENT_3D('',#5320,#4306,#4307);
#3594=AXIS2_PLACEMENT_3D('',#5324,#4309,#4310);
#3595=AXIS2_PLACEMENT_3D('',#5327,#4312,#4313);
#3596=AXIS2_PLACEMENT_3D('',#5331,#4315,#4316);
#3597=AXIS2_PLACEMENT_3D('',#5335,#4318,#4319);
#3598=AXIS2_PLACEMENT_3D('',#5340,#4323,#4324);
#3599=AXIS2_PLACEMENT_3D('',#5343,#4326,#4327);
#3600=AXIS2_PLACEMENT_3D('',#5344,#4328,#4329);
#3601=AXIS2_PLACEMENT_3D('',#5348,#4332,#4333);
#3602=AXIS2_PLACEMENT_3D('',#5351,#4335,#4336);
#3603=AXIS2_PLACEMENT_3D('',#5352,#4337,#4338);
#3604=AXIS2_PLACEMENT_3D('',#5361,#4343,#4344);
#3605=AXIS2_PLACEMENT_3D('',#5367,#4348,#4349);
#3606=AXIS2_PLACEMENT_3D('',#5369,#4350,#4351);
#3607=AXIS2_PLACEMENT_3D('',#5372,#4353,#4354);
#3608=AXIS2_PLACEMENT_3D('',#5373,#4355,#4356);
#3609=AXIS2_PLACEMENT_3D('',#5375,#4357,#4358);
#3610=AXIS2_PLACEMENT_3D('',#5377,#4359,#4360);
#3611=AXIS2_PLACEMENT_3D('',#5379,#4362,#4363);
#3612=AXIS2_PLACEMENT_3D('',#5382,#4366,#4367);
#3613=AXIS2_PLACEMENT_3D('',#5385,#4368,#4369);
#3614=AXIS2_PLACEMENT_3D('',#5387,#4370,#4371);
#3615=AXIS2_PLACEMENT_3D('',#5389,#4372,#4373);
#3616=AXIS2_PLACEMENT_3D('',#5390,#4374,#4375);
#3617=AXIS2_PLACEMENT_3D('',#5423,#4376,#4377);
#3618=AXIS2_PLACEMENT_3D('',#5471,#4378,#4379);
#3619=AXIS2_PLACEMENT_3D('',#5530,#4380,#4381);
#3620=AXIS2_PLACEMENT_3D('',#5544,#4384,#4385);
#3621=AXIS2_PLACEMENT_3D('',#5545,#4386,#4387);
#3622=AXIS2_PLACEMENT_3D('',#5546,#4388,#4389);
#3623=AXIS2_PLACEMENT_3D('',#5550,#4391,#4392);
#3624=AXIS2_PLACEMENT_3D('',#5554,#4394,#4395);
#3625=AXIS2_PLACEMENT_3D('',#5558,#4397,#4398);
#3626=AXIS2_PLACEMENT_3D('',#5561,#4400,#4401);
#3627=AXIS2_PLACEMENT_3D('',#5562,#4402,#4403);
#3628=AXIS2_PLACEMENT_3D('',#5563,#4404,#4405);
#3629=AXIS2_PLACEMENT_3D('',#5566,#4407,#4408);
#3630=AXIS2_PLACEMENT_3D('',#5599,#4409,#4410);
#3631=AXIS2_PLACEMENT_3D('',#5607,#4411,#4412);
#3632=AXIS2_PLACEMENT_3D('',#5644,#4413,#4414);
#3633=AXIS2_PLACEMENT_3D('',#5660,#4415,#4416);
#3634=AXIS2_PLACEMENT_3D('',#5662,#4417,#4418);
#3635=AXIS2_PLACEMENT_3D('',#5663,#4419,#4420);
#3636=AXIS2_PLACEMENT_3D('',#5712,#4421,#4422);
#3637=AXIS2_PLACEMENT_3D('',#5713,#4423,#4424);
#3638=AXIS2_PLACEMENT_3D('',#5716,#4426,#4427);
#3639=AXIS2_PLACEMENT_3D('',#5734,#4428,#4429);
#3640=AXIS2_PLACEMENT_3D('',#5735,#4430,#4431);
#3641=AXIS2_PLACEMENT_3D('',#5738,#4433,#4434);
#3642=AXIS2_PLACEMENT_3D('',#5739,#4435,#4436);
#3643=AXIS2_PLACEMENT_3D('',#5741,#4437,#4438);
#3644=AXIS2_PLACEMENT_3D('',#5743,#4439,#4440);
#3645=AXIS2_PLACEMENT_3D('',#5745,#4441,#4442);
#3646=AXIS2_PLACEMENT_3D('',#5746,#4443,#4444);
#3647=AXIS2_PLACEMENT_3D('',#5803,#4445,#4446);
#3648=AXIS2_PLACEMENT_3D('',#5806,#4448,#4449);
#3649=AXIS2_PLACEMENT_3D('',#5807,#4450,#4451);
#3650=AXIS2_PLACEMENT_3D('',#5809,#4452,#4453);
#3651=AXIS2_PLACEMENT_3D('',#5811,#4454,#4455);
#3652=AXIS2_PLACEMENT_3D('',#5813,#4456,#4457);
#3653=AXIS2_PLACEMENT_3D('',#5814,#4458,#4459);
#3654=AXIS2_PLACEMENT_3D('',#5871,#4460,#4461);
#3655=AXIS2_PLACEMENT_3D('',#5874,#4463,#4464);
#3656=AXIS2_PLACEMENT_3D('',#5875,#4465,#4466);
#3657=AXIS2_PLACEMENT_3D('',#5877,#4467,#4468);
#3658=AXIS2_PLACEMENT_3D('',#5878,#4469,#4470);
#3659=AXIS2_PLACEMENT_3D('',#5880,#4471,#4472);
#3660=AXIS2_PLACEMENT_3D('',#5881,#4473,#4474);
#3661=AXIS2_PLACEMENT_3D('',#5883,#4475,#4476);
#3662=AXIS2_PLACEMENT_3D('',#5884,#4477,#4478);
#3663=AXIS2_PLACEMENT_3D('',#5886,#4479,#4480);
#3664=AXIS2_PLACEMENT_3D('',#5896,#4481,#4482);
#3665=AXIS2_PLACEMENT_3D('',#5897,#4483,#4484);
#3666=AXIS2_PLACEMENT_3D('',#5911,#4485,#4486);
#3667=AXIS2_PLACEMENT_3D('',#5923,#4487,#4488);
#3668=AXIS2_PLACEMENT_3D('',#5924,#4489,#4490);
#3669=AXIS2_PLACEMENT_3D('',#5926,#4491,#4492);
#3670=AXIS2_PLACEMENT_3D('',#5928,#4494,#4495);
#3671=AXIS2_PLACEMENT_3D('',#5933,#4498,#4499);
#3672=AXIS2_PLACEMENT_3D('',#5934,#4500,#4501);
#3673=AXIS2_PLACEMENT_3D('',#5938,#4503,#4504);
#3674=AXIS2_PLACEMENT_3D('',#5940,#4505,#4506);
#3675=AXIS2_PLACEMENT_3D('',#5941,#4507,#4508);
#3676=AXIS2_PLACEMENT_3D('',#5971,#4509,#4510);
#3677=AXIS2_PLACEMENT_3D('',#5972,#4511,#4512);
#3678=AXIS2_PLACEMENT_3D('',#5974,#4514,#4515);
#3679=AXIS2_PLACEMENT_3D('',#5979,#4517,#4518);
#3680=AXIS2_PLACEMENT_3D('',#5981,#4519,#4520);
#3681=AXIS2_PLACEMENT_3D('',#5983,#4521,#4522);
#3682=AXIS2_PLACEMENT_3D('',#5986,#4524,#4525);
#3683=AXIS2_PLACEMENT_3D('',#5988,#4526,#4527);
#3684=AXIS2_PLACEMENT_3D('',#5989,#4528,#4529);
#3685=AXIS2_PLACEMENT_3D('',#6008,#4530,#4531);
#3686=AXIS2_PLACEMENT_3D('',#6033,#4532,#4533);
#3687=AXIS2_PLACEMENT_3D('',#6034,#4534,#4535);
#3688=AXIS2_PLACEMENT_3D('',#6036,#4537,#4538);
#3689=AXIS2_PLACEMENT_3D('',#6040,#4540,#4541);
#3690=AXIS2_PLACEMENT_3D('',#6042,#4542,#4543);
#3691=AXIS2_PLACEMENT_3D('',#6043,#4544,#4545);
#3692=AXIS2_PLACEMENT_3D('',#6077,#4546,#4547);
#3693=AXIS2_PLACEMENT_3D('',#6078,#4548,#4549);
#3694=AXIS2_PLACEMENT_3D('',#6080,#4551,#4552);
#3695=AXIS2_PLACEMENT_3D('',#6082,#4553,#4554);
#3696=AXIS2_PLACEMENT_3D('',#6084,#4556,#4557);
#3697=AXIS2_PLACEMENT_3D('',#6088,#4560,#4561);
#3698=AXIS2_PLACEMENT_3D('',#6095,#4565,#4566);
#3699=AXIS2_PLACEMENT_3D('',#6099,#4568,#4569);
#3700=AXIS2_PLACEMENT_3D('',#6102,#4571,#4572);
#3701=AXIS2_PLACEMENT_3D('',#6106,#4574,#4575);
#3702=AXIS2_PLACEMENT_3D('',#6110,#4577,#4578);
#3703=AXIS2_PLACEMENT_3D('',#6114,#4580,#4581);
#3704=AXIS2_PLACEMENT_3D('',#6118,#4583,#4584);
#3705=AXIS2_PLACEMENT_3D('',#6120,#4586,#4587);
#3706=AXIS2_PLACEMENT_3D('',#6122,#4588,#4589);
#3707=AXIS2_PLACEMENT_3D('',#6126,#4591,#4592);
#3708=AXIS2_PLACEMENT_3D('',#6134,#4597,#4598);
#3709=AXIS2_PLACEMENT_3D('',#6137,#4600,#4601);
#3710=AXIS2_PLACEMENT_3D('',#6138,#4602,#4603);
#3711=AXIS2_PLACEMENT_3D('',#6149,#4605,#4606);
#3712=AXIS2_PLACEMENT_3D('',#6150,#4607,#4608);
#3713=AXIS2_PLACEMENT_3D('',#6151,#4609,#4610);
#3714=AXIS2_PLACEMENT_3D('',#6152,#4611,#4612);
#3715=AXIS2_PLACEMENT_3D('',#6154,#4614,#4615);
#3716=AXIS2_PLACEMENT_3D('',#6156,#4616,#4617);
#3717=AXIS2_PLACEMENT_3D('',#6167,#4619,#4620);
#3718=AXIS2_PLACEMENT_3D('',#6168,#4621,#4622);
#3719=AXIS2_PLACEMENT_3D('',#6169,#4623,#4624);
#3720=AXIS2_PLACEMENT_3D('',#6172,#4627,#4628);
#3721=AXIS2_PLACEMENT_3D('',#6176,#4631,#4632);
#3722=AXIS2_PLACEMENT_3D('',#6178,#4634,#4635);
#3723=AXIS2_PLACEMENT_3D('',#6179,#4636,#4637);
#3724=AXIS2_PLACEMENT_3D('',#6181,#4638,#4639);
#3725=AXIS2_PLACEMENT_3D('',#6184,#4641,#4642);
#3726=AXIS2_PLACEMENT_3D('',#6185,#4643,#4644);
#3727=AXIS2_PLACEMENT_3D('',#6187,#4646,#4647);
#3728=AXIS2_PLACEMENT_3D('',#6188,#4648,#4649);
#3729=AXIS2_PLACEMENT_3D('',#6190,#4651,#4652);
#3730=AXIS2_PLACEMENT_3D('',#6192,#4654,#4655);
#3731=AXIS2_PLACEMENT_3D('',#6194,#4657,#4658);
#3732=AXIS2_PLACEMENT_3D('',#6195,#4659,#4660);
#3733=AXIS2_PLACEMENT_3D('',#6197,#4662,#4663);
#3734=AXIS2_PLACEMENT_3D('',#6199,#4665,#4666);
#3735=AXIS2_PLACEMENT_3D('',#6200,#4667,#4668);
#3736=AXIS2_PLACEMENT_3D('',#6202,#4670,#4671);
#3737=AXIS2_PLACEMENT_3D('',#6204,#4673,#4674);
#3738=AXIS2_PLACEMENT_3D('',#6206,#4676,#4677);
#3739=AXIS2_PLACEMENT_3D('',#6208,#4679,#4680);
#3740=AXIS2_PLACEMENT_3D('',#6210,#4682,#4683);
#3741=AXIS2_PLACEMENT_3D('',#6211,#4684,#4685);
#3742=AXIS2_PLACEMENT_3D('',#6213,#4687,#4688);
#3743=AXIS2_PLACEMENT_3D('',#6215,#4690,#4691);
#3744=AXIS2_PLACEMENT_3D('',#6217,#4693,#4694);
#3745=AXIS2_PLACEMENT_3D('',#6219,#4696,#4697);
#3746=AXIS2_PLACEMENT_3D('',#6221,#4699,#4700);
#3747=AXIS2_PLACEMENT_3D('',#6223,#4702,#4703);
#3748=AXIS2_PLACEMENT_3D('',#6225,#4705,#4706);
#3749=AXIS2_PLACEMENT_3D('',#6227,#4708,#4709);
#3750=AXIS2_PLACEMENT_3D('',#6237,#4710,#4711);
#3751=AXIS2_PLACEMENT_3D('',#6238,#4712,#4713);
#3752=AXIS2_PLACEMENT_3D('',#6239,#4714,#4715);
#3753=AXIS2_PLACEMENT_3D('',#6240,#4716,#4717);
#3754=AXIS2_PLACEMENT_3D('',#6250,#4718,#4719);
#3755=AXIS2_PLACEMENT_3D('',#6251,#4720,#4721);
#3756=AXIS2_PLACEMENT_3D('',#6252,#4722,#4723);
#3757=AXIS2_PLACEMENT_3D('',#6262,#4724,#4725);
#3758=AXIS2_PLACEMENT_3D('',#6263,#4726,#4727);
#3759=AXIS2_PLACEMENT_3D('',#6264,#4728,#4729);
#3760=AXIS2_PLACEMENT_3D('',#6274,#4730,#4731);
#3761=AXIS2_PLACEMENT_3D('',#6275,#4732,#4733);
#3762=DIRECTION('axis',(0.,0.,1.));
#3763=DIRECTION('refdir',(1.,0.,0.));
#3764=DIRECTION('center_axis',(-0.999999736252363,-0.000726288651065718,
0.));
#3765=DIRECTION('ref_axis',(0.000726288651065718,-0.999999736252363,0.));
#3766=DIRECTION('',(-0.000726288651065718,0.999999736252363,0.));
#3767=DIRECTION('',(0.,0.,1.));
#3768=DIRECTION('',(0.000726288651065718,-0.999999736252363,0.));
#3769=DIRECTION('',(0.,0.,1.));
#3770=DIRECTION('center_axis',(0.,0.,1.));
#3771=DIRECTION('ref_axis',(-0.999999736252363,-0.000726288651066535,0.));
#3772=DIRECTION('center_axis',(0.,0.,-1.));
#3773=DIRECTION('ref_axis',(-0.999999736252363,-0.000726288651066535,0.));
#3774=DIRECTION('center_axis',(0.,0.,1.));
#3775=DIRECTION('ref_axis',(-0.999999736252363,-0.000726288651066535,0.));
#3776=DIRECTION('',(0.,0.,1.));
#3777=DIRECTION('center_axis',(0.999999736252363,0.000726288651065718,0.));
#3778=DIRECTION('ref_axis',(-0.000726288651065718,0.999999736252363,0.));
#3779=DIRECTION('',(0.000726288651065718,-0.999999736252363,0.));
#3780=DIRECTION('',(-0.000726288651065718,0.999999736252363,0.));
#3781=DIRECTION('',(0.,0.,1.));
#3782=DIRECTION('center_axis',(0.,0.,1.));
#3783=DIRECTION('ref_axis',(0.999999736252363,0.000726288651066535,0.));
#3784=DIRECTION('center_axis',(0.,0.,-1.));
#3785=DIRECTION('ref_axis',(0.999999736252363,0.000726288651066535,0.));
#3786=DIRECTION('center_axis',(0.,0.,1.));
#3787=DIRECTION('ref_axis',(0.999999736252363,0.000726288651066535,0.));
#3788=DIRECTION('center_axis',(0.999999736252363,0.000726288651065718,0.));
#3789=DIRECTION('ref_axis',(-0.000726288651065718,0.999999736252363,0.));
#3790=DIRECTION('',(0.000726288651065718,-0.999999736252363,0.));
#3791=DIRECTION('',(0.,0.,1.));
#3792=DIRECTION('',(-0.000726288651065718,0.999999736252363,0.));
#3793=DIRECTION('',(0.,0.,1.));
#3794=DIRECTION('center_axis',(0.,0.,1.));
#3795=DIRECTION('ref_axis',(0.999999736252363,0.000726288651066535,0.));
#3796=DIRECTION('center_axis',(0.,0.,-1.));
#3797=DIRECTION('ref_axis',(0.999999736252363,0.000726288651066535,0.));
#3798=DIRECTION('center_axis',(0.,0.,1.));
#3799=DIRECTION('ref_axis',(0.999999736252363,0.000726288651066535,0.));
#3800=DIRECTION('',(0.,0.,1.));
#3801=DIRECTION('center_axis',(-0.999999736252363,-0.000726288651065718,
0.));
#3802=DIRECTION('ref_axis',(0.000726288651065718,-0.999999736252363,0.));
#3803=DIRECTION('',(-0.000726288651065718,0.999999736252363,0.));
#3804=DIRECTION('',(0.000726288651065718,-0.999999736252363,0.));
#3805=DIRECTION('',(0.,0.,1.));
#3806=DIRECTION('center_axis',(0.,0.,1.));
#3807=DIRECTION('ref_axis',(-0.999999736252363,-0.000726288651066535,0.));
#3808=DIRECTION('center_axis',(0.,0.,-1.));
#3809=DIRECTION('ref_axis',(-0.999999736252363,-0.000726288651066535,0.));
#3810=DIRECTION('center_axis',(0.,0.,1.));
#3811=DIRECTION('ref_axis',(-0.999999736252363,-0.000726288651066535,0.));
#3812=DIRECTION('center_axis',(0.999999736252363,0.000726288651065718,0.));
#3813=DIRECTION('ref_axis',(-0.000726288651065718,0.999999736252363,0.));
#3814=DIRECTION('',(0.000726288651065718,-0.999999736252363,0.));
#3815=DIRECTION('',(0.,0.,1.));
#3816=DIRECTION('',(-0.000726288651065718,0.999999736252363,0.));
#3817=DIRECTION('',(0.,0.,1.));
#3818=DIRECTION('center_axis',(0.,0.,1.));
#3819=DIRECTION('ref_axis',(0.999999736252363,0.000726288651066535,0.));
#3820=DIRECTION('center_axis',(0.,0.,-1.));
#3821=DIRECTION('ref_axis',(0.999999736252363,0.000726288651066535,0.));
#3822=DIRECTION('center_axis',(0.,0.,1.));
#3823=DIRECTION('ref_axis',(0.999999736252363,0.000726288651066535,0.));
#3824=DIRECTION('',(0.,0.,1.));
#3825=DIRECTION('center_axis',(-0.999999736252363,-0.000726288651065718,
0.));
#3826=DIRECTION('ref_axis',(0.000726288651065718,-0.999999736252363,0.));
#3827=DIRECTION('',(-0.000726288651065718,0.999999736252363,0.));
#3828=DIRECTION('',(0.000726288651065718,-0.999999736252363,0.));
#3829=DIRECTION('',(0.,0.,1.));
#3830=DIRECTION('center_axis',(0.,0.,1.));
#3831=DIRECTION('ref_axis',(-0.999999736252363,-0.000726288651066535,0.));
#3832=DIRECTION('center_axis',(0.,0.,-1.));
#3833=DIRECTION('ref_axis',(-0.999999736252363,-0.000726288651066535,0.));
#3834=DIRECTION('center_axis',(0.,0.,1.));
#3835=DIRECTION('ref_axis',(-0.999999736252363,-0.000726288651066535,0.));
#3836=DIRECTION('center_axis',(0.999999736252363,0.00072628865106557,0.));
#3837=DIRECTION('ref_axis',(-0.00072628865106557,0.999999736252363,0.));
#3838=DIRECTION('',(0.00072628865106557,-0.999999736252363,0.));
#3839=DIRECTION('',(0.,0.,1.));
#3840=DIRECTION('',(-0.00072628865106557,0.999999736252363,0.));
#3841=DIRECTION('',(0.,0.,1.));
#3842=DIRECTION('center_axis',(0.,0.,1.));
#3843=DIRECTION('ref_axis',(0.999999736252363,0.000726288651066537,0.));
#3844=DIRECTION('center_axis',(0.,0.,-1.));
#3845=DIRECTION('ref_axis',(0.999999736252363,0.000726288651066537,0.));
#3846=DIRECTION('center_axis',(0.,0.,1.));
#3847=DIRECTION('ref_axis',(0.999999736252363,0.000726288651066537,0.));
#3848=DIRECTION('',(0.,0.,1.));
#3849=DIRECTION('center_axis',(-0.999999736252363,-0.00072628865106557,
0.));
#3850=DIRECTION('ref_axis',(0.00072628865106557,-0.999999736252363,0.));
#3851=DIRECTION('',(-0.00072628865106557,0.999999736252363,0.));
#3852=DIRECTION('',(0.00072628865106557,-0.999999736252363,0.));
#3853=DIRECTION('',(0.,0.,1.));
#3854=DIRECTION('center_axis',(0.,0.,1.));
#3855=DIRECTION('ref_axis',(-0.999999736252363,-0.000726288651066537,0.));
#3856=DIRECTION('center_axis',(0.,0.,-1.));
#3857=DIRECTION('ref_axis',(-0.999999736252363,-0.000726288651066537,0.));
#3858=DIRECTION('center_axis',(0.,0.,1.));
#3859=DIRECTION('ref_axis',(-0.999999736252363,-0.000726288651066537,0.));
#3860=DIRECTION('center_axis',(0.999999736252363,0.000726288651065718,0.));
#3861=DIRECTION('ref_axis',(-0.000726288651065718,0.999999736252363,0.));
#3862=DIRECTION('',(0.000726288651065718,-0.999999736252363,0.));
#3863=DIRECTION('',(0.,0.,1.));
#3864=DIRECTION('',(-0.000726288651065718,0.999999736252363,0.));
#3865=DIRECTION('',(0.,0.,1.));
#3866=DIRECTION('center_axis',(0.,0.,1.));
#3867=DIRECTION('ref_axis',(0.999999736252363,0.000726288651066535,0.));
#3868=DIRECTION('center_axis',(0.,0.,-1.));
#3869=DIRECTION('ref_axis',(0.999999736252363,0.000726288651066535,0.));
#3870=DIRECTION('center_axis',(0.,0.,1.));
#3871=DIRECTION('ref_axis',(0.999999736252363,0.000726288651066535,0.));
#3872=DIRECTION('',(0.,0.,1.));
#3873=DIRECTION('center_axis',(-0.999999736252363,-0.000726288651065718,
0.));
#3874=DIRECTION('ref_axis',(0.000726288651065718,-0.999999736252363,0.));
#3875=DIRECTION('',(-0.000726288651065718,0.999999736252363,0.));
#3876=DIRECTION('',(0.000726288651065718,-0.999999736252363,0.));
#3877=DIRECTION('',(0.,0.,1.));
#3878=DIRECTION('center_axis',(0.,0.,1.));
#3879=DIRECTION('ref_axis',(-0.999999736252363,-0.000726288651066535,0.));
#3880=DIRECTION('center_axis',(0.,0.,-1.));
#3881=DIRECTION('ref_axis',(-0.999999736252363,-0.000726288651066535,0.));
#3882=DIRECTION('center_axis',(0.,0.,1.));
#3883=DIRECTION('ref_axis',(-0.999999736252363,-0.000726288651066535,0.));
#3884=DIRECTION('center_axis',(-1.,5.55111512312579E-16,0.));
#3885=DIRECTION('ref_axis',(-5.55111512312579E-16,-1.,0.));
#3886=DIRECTION('',(5.55111512312579E-16,1.,0.));
#3887=DIRECTION('',(0.,0.,1.));
#3888=DIRECTION('',(-5.55111512312579E-16,-1.,0.));
#3889=DIRECTION('',(0.,0.,1.));
#3890=DIRECTION('center_axis',(1.,-5.5511151231258E-16,0.));
#3891=DIRECTION('ref_axis',(5.5511151231258E-16,1.,0.));
#3892=DIRECTION('',(-5.5511151231258E-16,-1.,0.));
#3893=DIRECTION('',(0.,0.,1.));
#3894=DIRECTION('',(5.5511151231258E-16,1.,0.));
#3895=DIRECTION('',(0.,0.,1.));
#3896=DIRECTION('center_axis',(-5.28635991593466E-16,-1.,0.));
#3897=DIRECTION('ref_axis',(1.,-5.28635991593466E-16,0.));
#3898=DIRECTION('',(-1.,5.28635991593466E-16,0.));
#3899=DIRECTION('',(1.,-5.28635991593466E-16,0.));
#3900=DIRECTION('center_axis',(0.,0.,1.));
#3901=DIRECTION('ref_axis',(1.,0.,0.));
#3902=DIRECTION('',(-1.,4.87636607191881E-16,0.));
#3903=DIRECTION('center_axis',(0.,0.,-1.));
#3904=DIRECTION('ref_axis',(-1.,0.,0.));
#3905=DIRECTION('',(1.,2.16628856059185E-16,0.));
#3906=DIRECTION('',(0.,1.,0.));
#3907=DIRECTION('',(-1.,-2.16628856059185E-16,0.));
#3908=DIRECTION('',(0.,-1.,0.));
#3909=DIRECTION('',(1.,2.16628856059185E-16,0.));
#3910=DIRECTION('center_axis',(1.,0.,0.));
#3911=DIRECTION('ref_axis',(0.,1.,0.));
#3912=DIRECTION('',(0.,-1.,0.));
#3913=DIRECTION('',(0.,0.,1.));
#3914=DIRECTION('',(0.,1.,0.));
#3915=DIRECTION('',(0.,0.,1.));
#3916=DIRECTION('center_axis',(0.,0.,1.));
#3917=DIRECTION('ref_axis',(1.,-3.24943324280534E-15,0.));
#3918=DIRECTION('center_axis',(0.,0.,-1.));
#3919=DIRECTION('ref_axis',(1.,-3.24943324280534E-15,0.));
#3920=DIRECTION('center_axis',(0.,0.,1.));
#3921=DIRECTION('ref_axis',(1.,-3.24943324280534E-15,0.));
#3922=DIRECTION('',(0.,0.,1.));
#3923=DIRECTION('center_axis',(6.20000197227759E-13,-1.,0.));
#3924=DIRECTION('ref_axis',(1.,6.20000197227759E-13,0.));
#3925=DIRECTION('',(-1.,-6.20000197227759E-13,0.));
#3926=DIRECTION('',(1.,6.20000197227759E-13,0.));
#3927=DIRECTION('',(0.,0.,1.));
#3928=DIRECTION('center_axis',(-1.,-2.22044604925031E-15,0.));
#3929=DIRECTION('ref_axis',(2.22044604925031E-15,-1.,0.));
#3930=DIRECTION('',(-2.22044604925031E-15,1.,0.));
#3931=DIRECTION('',(2.22044604925031E-15,-1.,0.));
#3932=DIRECTION('',(0.,0.,1.));
#3933=DIRECTION('center_axis',(0.,0.,-1.));
#3934=DIRECTION('ref_axis',(1.,0.,0.));
#3935=DIRECTION('',(4.82692734046693E-13,-1.,0.));
#3936=DIRECTION('center_axis',(0.,0.,-1.));
#3937=DIRECTION('ref_axis',(1.,-4.0371746349939E-15,0.));
#3938=DIRECTION('',(-1.,-1.9341247888557E-15,0.));
#3939=DIRECTION('',(-1.,0.,0.));
#3940=DIRECTION('center_axis',(1.,0.,0.));
#3941=DIRECTION('ref_axis',(0.,1.,0.));
#3942=DIRECTION('',(0.,-1.,0.));
#3943=DIRECTION('',(0.,0.,1.));
#3944=DIRECTION('',(0.,1.,0.));
#3945=DIRECTION('',(0.,0.,1.));
#3946=DIRECTION('center_axis',(0.,0.,1.));
#3947=DIRECTION('ref_axis',(1.,0.,0.));
#3948=DIRECTION('',(-1.,-1.38777878078144E-16,0.));
#3949=DIRECTION('',(0.,-1.,0.));
#3950=DIRECTION('',(1.,0.,0.));
#3951=DIRECTION('center_axis',(0.,0.,-1.));
#3952=DIRECTION('ref_axis',(-1.,0.,0.));
#3953=DIRECTION('',(-1.,0.,0.));
#3954=DIRECTION('',(-3.5527136788005E-16,-1.,0.));
#3955=DIRECTION('',(1.,0.,0.));
#3956=DIRECTION('center_axis',(-1.11022302462516E-15,-1.,0.));
#3957=DIRECTION('ref_axis',(1.,-1.11022302462516E-15,0.));
#3958=DIRECTION('',(-1.,1.11022302462516E-15,0.));
#3959=DIRECTION('',(0.,0.,1.));
#3960=DIRECTION('',(1.,-1.11022302462516E-15,0.));
#3961=DIRECTION('',(0.,0.,1.));
#3962=DIRECTION('center_axis',(-1.,-3.25073317191396E-13,0.));
#3963=DIRECTION('ref_axis',(3.25073317191396E-13,-1.,0.));
#3964=DIRECTION('',(-3.25073317191396E-13,1.,0.));
#3965=DIRECTION('',(3.25073317191396E-13,-1.,0.));
#3966=DIRECTION('',(0.,0.,1.));
#3967=DIRECTION('center_axis',(0.,0.,1.));
#3968=DIRECTION('ref_axis',(-0.99999999999928,-1.19970968694901E-6,0.));
#3969=DIRECTION('center_axis',(0.,0.,-1.));
#3970=DIRECTION('ref_axis',(-0.99999999999928,-1.19970968694901E-6,0.));
#3971=DIRECTION('center_axis',(0.,0.,1.));
#3972=DIRECTION('ref_axis',(-0.99999999999928,-1.19970968694901E-6,0.));
#3973=DIRECTION('',(0.,0.,1.));
#3974=DIRECTION('center_axis',(3.28914915257419E-13,1.,0.));
#3975=DIRECTION('ref_axis',(-1.,3.28914915257419E-13,0.));
#3976=DIRECTION('',(1.,-3.28914915257419E-13,0.));
#3977=DIRECTION('',(-1.,3.28914915257419E-13,0.));
#3978=DIRECTION('',(0.,0.,1.));
#3979=DIRECTION('center_axis',(0.,0.,1.));
#3980=DIRECTION('ref_axis',(-3.12918563161664E-6,0.999999999995104,0.));
#3981=DIRECTION('center_axis',(0.,0.,-1.));
#3982=DIRECTION('ref_axis',(-3.12918563161664E-6,0.999999999995104,0.));
#3983=DIRECTION('center_axis',(0.,0.,1.));
#3984=DIRECTION('ref_axis',(-3.12918563161664E-6,0.999999999995104,0.));
#3985=DIRECTION('',(0.,0.,1.));
#3986=DIRECTION('center_axis',(1.,1.8791456653318E-11,0.));
#3987=DIRECTION('ref_axis',(-1.8791456653318E-11,1.,0.));
#3988=DIRECTION('',(1.8791456653318E-11,-1.,0.));
#3989=DIRECTION('',(-1.8791456653318E-11,1.,0.));
#3990=DIRECTION('',(0.,0.,1.));
#3991=DIRECTION('center_axis',(0.,0.,-1.));
#3992=DIRECTION('ref_axis',(1.,0.,0.));
#3993=DIRECTION('',(8.88178419700125E-17,1.,0.));
#3994=DIRECTION('center_axis',(0.,0.,-1.));
#3995=DIRECTION('ref_axis',(-1.,2.69144975666705E-15,0.));
#3996=DIRECTION('',(1.,-1.42469577659139E-13,0.));
#3997=DIRECTION('center_axis',(0.,0.,-1.));
#3998=DIRECTION('ref_axis',(2.30629719497138E-6,0.999999999997341,0.));
#3999=DIRECTION('',(0.,-1.,0.));
#4000=DIRECTION('',(1.,0.,0.));
#4001=DIRECTION('center_axis',(-1.,0.,0.));
#4002=DIRECTION('ref_axis',(0.,-1.,0.));
#4003=DIRECTION('',(0.,1.,0.));
#4004=DIRECTION('',(0.,0.,1.));
#4005=DIRECTION('',(0.,-1.,0.));
#4006=DIRECTION('',(0.,0.,1.));
#4007=DIRECTION('center_axis',(1.,0.,0.));
#4008=DIRECTION('ref_axis',(0.,1.,0.));
#4009=DIRECTION('',(0.,-1.,0.));
#4010=DIRECTION('',(0.,0.,1.));
#4011=DIRECTION('',(0.,1.,0.));
#4012=DIRECTION('',(0.,0.,1.));
#4013=DIRECTION('center_axis',(-3.96232875908369E-16,-1.,0.));
#4014=DIRECTION('ref_axis',(1.,-3.96232875908369E-16,0.));
#4015=DIRECTION('',(-1.,3.96232875908369E-16,0.));
#4016=DIRECTION('',(1.,-3.96232875908369E-16,0.));
#4017=DIRECTION('center_axis',(0.,0.,1.));
#4018=DIRECTION('ref_axis',(1.,0.,0.));
#4019=DIRECTION('',(-1.,0.,0.));
#4020=DIRECTION('center_axis',(0.,0.,-1.));
#4021=DIRECTION('ref_axis',(-1.,0.,0.));
#4022=DIRECTION('',(1.,2.16628856059185E-16,0.));
#4023=DIRECTION('',(0.,1.,0.));
#4024=DIRECTION('',(-1.,-2.16628856059185E-16,0.));
#4025=DIRECTION('',(0.,-1.,0.));
#4026=DIRECTION('',(1.,2.16628856059185E-16,0.));
#4027=DIRECTION('center_axis',(1.,0.,0.));
#4028=DIRECTION('ref_axis',(0.,1.,0.));
#4029=DIRECTION('',(0.,-1.,0.));
#4030=DIRECTION('',(0.,0.,1.));
#4031=DIRECTION('',(0.,1.,0.));
#4032=DIRECTION('',(0.,0.,1.));
#4033=DIRECTION('center_axis',(3.04926466969303E-12,-1.,0.));
#4034=DIRECTION('ref_axis',(1.,3.04926466969303E-12,0.));
#4035=DIRECTION('',(-1.,-3.04926466969303E-12,0.));
#4036=DIRECTION('',(1.,3.04926466969303E-12,0.));
#4037=DIRECTION('',(0.,0.,1.));
#4038=DIRECTION('center_axis',(0.,0.,1.));
#4039=DIRECTION('ref_axis',(1.56701940415721E-6,-0.999999999998772,0.));
#4040=DIRECTION('center_axis',(0.,0.,-1.));
#4041=DIRECTION('ref_axis',(1.56701940415721E-6,-0.999999999998772,0.));
#4042=DIRECTION('center_axis',(0.,0.,1.));
#4043=DIRECTION('ref_axis',(1.56701940415721E-6,-0.999999999998772,0.));
#4044=DIRECTION('',(0.,0.,1.));
#4045=DIRECTION('center_axis',(-1.,-3.25073317191396E-13,0.));
#4046=DIRECTION('ref_axis',(3.25073317191396E-13,-1.,0.));
#4047=DIRECTION('',(-3.25073317191396E-13,1.,0.));
#4048=DIRECTION('',(3.25073317191396E-13,-1.,0.));
#4049=DIRECTION('',(0.,0.,1.));
#4050=DIRECTION('center_axis',(1.38777878078144E-16,1.,0.));
#4051=DIRECTION('ref_axis',(-1.,1.38777878078144E-16,0.));
#4052=DIRECTION('',(1.,-1.38777878078144E-16,0.));
#4053=DIRECTION('',(-1.,1.38777878078144E-16,0.));
#4054=DIRECTION('',(0.,0.,1.));
#4055=DIRECTION('center_axis',(0.,0.,-1.));
#4056=DIRECTION('ref_axis',(1.,0.,0.));
#4057=DIRECTION('',(-1.,0.,0.));
#4058=DIRECTION('center_axis',(0.,0.,-1.));
#4059=DIRECTION('ref_axis',(6.72862439166763E-15,-1.,0.));
#4060=DIRECTION('',(8.88178419700125E-17,1.,0.));
#4061=DIRECTION('center_axis',(0.,-1.,0.));
#4062=DIRECTION('ref_axis',(1.,0.,0.));
#4063=DIRECTION('center_axis',(0.,1.,0.));
#4064=DIRECTION('ref_axis',(-1.,0.,0.));
#4065=DIRECTION('',(-1.,0.,0.));
#4066=DIRECTION('center_axis',(0.,1.,0.));
#4067=DIRECTION('ref_axis',(0.,0.,-1.));
#4068=DIRECTION('',(0.,0.,-1.));
#4069=DIRECTION('center_axis',(0.,1.,0.));
#4070=DIRECTION('ref_axis',(1.,0.,0.));
#4071=DIRECTION('',(1.,0.,0.));
#4072=DIRECTION('center_axis',(0.,1.,0.));
#4073=DIRECTION('ref_axis',(0.,0.,1.));
#4074=DIRECTION('',(0.,0.,1.));
#4075=DIRECTION('center_axis',(0.,1.,0.));
#4076=DIRECTION('ref_axis',(1.,0.,0.));
#4077=DIRECTION('',(0.,1.,0.));
#4078=DIRECTION('center_axis',(-2.16628856059185E-16,1.,0.));
#4079=DIRECTION('ref_axis',(1.,0.,0.));
#4080=DIRECTION('',(0.,1.,0.));
#4081=DIRECTION('center_axis',(1.,0.,0.));
#4082=DIRECTION('ref_axis',(0.,0.,-1.));
#4083=DIRECTION('',(0.,1.,0.));
#4084=DIRECTION('',(0.,0.,-1.));
#4085=DIRECTION('center_axis',(0.,1.,0.));
#4086=DIRECTION('ref_axis',(0.,0.,-1.));
#4087=DIRECTION('',(0.,1.,0.));
#4088=DIRECTION('center_axis',(-2.16628856059185E-16,1.,0.));
#4089=DIRECTION('ref_axis',(0.,0.,-1.));
#4090=DIRECTION('center_axis',(0.,0.,-1.));
#4091=DIRECTION('ref_axis',(-1.,0.,0.));
#4092=DIRECTION('',(0.,1.,0.));
#4093=DIRECTION('',(-1.,-2.16628856059185E-16,0.));
#4094=DIRECTION('center_axis',(0.,-1.,0.));
#4095=DIRECTION('ref_axis',(1.,0.,0.));
#4096=DIRECTION('center_axis',(0.,1.,0.));
#4097=DIRECTION('ref_axis',(0.,0.,1.));
#4098=DIRECTION('',(0.,0.,1.));
#4099=DIRECTION('center_axis',(0.,1.,0.));
#4100=DIRECTION('ref_axis',(-1.,0.,0.));
#4101=DIRECTION('',(-1.,0.,0.));
#4102=DIRECTION('center_axis',(0.,1.,0.));
#4103=DIRECTION('ref_axis',(1.23908819712629E-16,0.,-1.));
#4104=DIRECTION('',(0.,0.,-1.));
#4105=DIRECTION('center_axis',(0.,1.,0.));
#4106=DIRECTION('ref_axis',(1.,0.,0.));
#4107=DIRECTION('',(1.,0.,0.));
#4108=DIRECTION('center_axis',(0.,1.,0.));
#4109=DIRECTION('ref_axis',(1.23908819712629E-16,0.,-1.));
#4110=DIRECTION('',(0.,1.,0.));
#4111=DIRECTION('center_axis',(-2.16628856059185E-16,1.,0.));
#4112=DIRECTION('ref_axis',(1.23908819712629E-16,0.,-1.));
#4113=DIRECTION('',(0.,1.,0.));
#4114=DIRECTION('center_axis',(0.,0.,-1.));
#4115=DIRECTION('ref_axis',(-1.,0.,0.));
#4116=DIRECTION('',(0.,1.,0.));
#4117=DIRECTION('',(-1.,-2.16628856059185E-16,0.));
#4118=DIRECTION('center_axis',(0.,1.,0.));
#4119=DIRECTION('ref_axis',(-1.,0.,0.));
#4120=DIRECTION('',(0.,1.,0.));
#4121=DIRECTION('center_axis',(-2.16628856059185E-16,1.,0.));
#4122=DIRECTION('ref_axis',(-1.,0.,0.));
#4123=DIRECTION('center_axis',(-1.,0.,0.));
#4124=DIRECTION('ref_axis',(0.,0.,1.));
#4125=DIRECTION('',(0.,1.,0.));
#4126=DIRECTION('',(0.,0.,1.));
#4127=DIRECTION('center_axis',(0.,1.,0.));
#4128=DIRECTION('ref_axis',(-1.,0.,0.));
#4129=DIRECTION('center_axis',(0.,-1.,0.));
#4130=DIRECTION('ref_axis',(-1.77635683940025E-14,0.,1.));
#4131=DIRECTION('',(-1.1102230246252E-14,0.,1.));
#4132=DIRECTION('center_axis',(0.,-1.,0.));
#4133=DIRECTION('ref_axis',(1.,0.,-1.11022302462516E-15));
#4134=DIRECTION('',(1.,0.,6.10508614357827E-15));
#4135=DIRECTION('center_axis',(0.,-1.,0.));
#4136=DIRECTION('ref_axis',(-1.53765888910564E-13,0.,-1.));
#4137=DIRECTION('',(2.49800180540693E-14,0.,-1.));
#4138=DIRECTION('center_axis',(0.,-1.,0.));
#4139=DIRECTION('ref_axis',(-1.,0.,-2.96429547574891E-13));
#4140=DIRECTION('',(-1.,0.,-7.00757713871592E-15));
#4141=DIRECTION('center_axis',(0.,-1.,0.));
#4142=DIRECTION('ref_axis',(-1.53765888910564E-13,0.,-1.));
#4143=DIRECTION('',(0.,-1.,0.));
#4144=DIRECTION('center_axis',(7.22096186817732E-17,-1.,0.));
#4145=DIRECTION('ref_axis',(-1.53765888910564E-13,0.,-1.));
#4146=DIRECTION('',(0.,-1.,0.));
#4147=DIRECTION('center_axis',(6.10508614357827E-15,0.,-1.));
#4148=DIRECTION('ref_axis',(1.,0.,6.10508614357827E-15));
#4149=DIRECTION('',(0.,-1.,0.));
#4150=DIRECTION('',(1.,7.22096186817732E-17,6.10508614357827E-15));
#4151=DIRECTION('center_axis',(0.,-1.,0.));
#4152=DIRECTION('ref_axis',(1.,0.,-1.11022302462516E-15));
#4153=DIRECTION('',(0.,-1.,0.));
#4154=DIRECTION('center_axis',(7.22096186817732E-17,-1.,0.));
#4155=DIRECTION('ref_axis',(1.,0.,-1.11022302462516E-15));
#4156=DIRECTION('center_axis',(1.,0.,1.1102230246252E-14));
#4157=DIRECTION('ref_axis',(-1.1102230246252E-14,0.,1.));
#4158=DIRECTION('',(0.,-1.,0.));
#4159=DIRECTION('',(-1.1102230246252E-14,-8.01687812599103E-31,1.));
#4160=DIRECTION('center_axis',(0.,0.,1.));
#4161=DIRECTION('ref_axis',(1.,0.,0.));
#4162=DIRECTION('',(1.,2.16628856059185E-16,0.));
#4163=DIRECTION('',(0.,1.,0.));
#4164=DIRECTION('center_axis',(0.,1.,0.));
#4165=DIRECTION('ref_axis',(0.,0.,1.));
#4166=DIRECTION('center_axis',(-2.16628856059185E-16,1.,0.));
#4167=DIRECTION('ref_axis',(0.,0.,1.));
#4168=DIRECTION('',(0.,1.,0.));
#4169=DIRECTION('center_axis',(-1.,0.,0.));
#4170=DIRECTION('ref_axis',(0.,0.,1.));
#4171=DIRECTION('',(0.,0.,1.));
#4172=DIRECTION('',(0.,1.,0.));
#4173=DIRECTION('center_axis',(0.,1.,0.));
#4174=DIRECTION('ref_axis',(-1.,0.,0.));
#4175=DIRECTION('center_axis',(-2.16628856059185E-16,1.,0.));
#4176=DIRECTION('ref_axis',(-1.,0.,0.));
#4177=DIRECTION('center_axis',(-1.,0.,-2.49800180540693E-14));
#4178=DIRECTION('ref_axis',(2.49800180540693E-14,0.,-1.));
#4179=DIRECTION('',(2.49800180540693E-14,1.80379757834815E-30,-1.));
#4180=DIRECTION('',(0.,-1.,0.));
#4181=DIRECTION('center_axis',(0.,-1.,0.));
#4182=DIRECTION('ref_axis',(-1.,0.,-2.96429547574891E-13));
#4183=DIRECTION('center_axis',(7.22096186817732E-17,-1.,0.));
#4184=DIRECTION('ref_axis',(-1.,0.,-2.96429547574891E-13));
#4185=DIRECTION('',(0.,-1.,0.));
#4186=DIRECTION('center_axis',(-7.00757713871592E-15,0.,1.));
#4187=DIRECTION('ref_axis',(-1.,0.,-7.00757713871592E-15));
#4188=DIRECTION('',(-1.,-7.22096186817732E-17,-7.00757713871592E-15));
#4189=DIRECTION('',(0.,-1.,0.));
#4190=DIRECTION('center_axis',(0.,-1.,0.));
#4191=DIRECTION('ref_axis',(-1.77635683940025E-14,0.,1.));
#4192=DIRECTION('center_axis',(7.22096186817732E-17,-1.,0.));
#4193=DIRECTION('ref_axis',(-1.77635683940025E-14,0.,1.));
#4194=DIRECTION('center_axis',(1.,0.,0.));
#4195=DIRECTION('ref_axis',(0.,0.,-1.));
#4196=DIRECTION('',(0.,0.,-1.));
#4197=DIRECTION('',(0.,1.,0.));
#4198=DIRECTION('center_axis',(0.,1.,0.));
#4199=DIRECTION('ref_axis',(1.,0.,0.));
#4200=DIRECTION('center_axis',(-2.16628856059185E-16,1.,0.));
#4201=DIRECTION('ref_axis',(1.,0.,0.));
#4202=DIRECTION('',(0.,1.,0.));
#4203=DIRECTION('center_axis',(0.,0.,1.));
#4204=DIRECTION('ref_axis',(1.,0.,0.));
#4205=DIRECTION('',(1.,2.16628856059185E-16,0.));
#4206=DIRECTION('',(0.,1.,0.));
#4207=DIRECTION('center_axis',(0.,1.,0.));
#4208=DIRECTION('ref_axis',(0.,0.,1.));
#4209=DIRECTION('center_axis',(-2.16628856059185E-16,1.,0.));
#4210=DIRECTION('ref_axis',(0.,0.,1.));
#4211=DIRECTION('center_axis',(0.,0.,-1.));
#4212=DIRECTION('ref_axis',(-1.,0.,0.));
#4213=DIRECTION('',(1.,2.16628856059185E-16,0.));
#4214=DIRECTION('',(0.,1.,0.));
#4215=DIRECTION('',(-1.,-2.16628856059185E-16,0.));
#4216=DIRECTION('center_axis',(0.,0.,-1.));
#4217=DIRECTION('ref_axis',(1.43525368529074E-6,-0.99999999999897,0.));
#4218=DIRECTION('',(-3.5527136788005E-16,-1.,0.));
#4219=DIRECTION('',(1.,0.,0.));
#4220=DIRECTION('center_axis',(0.,0.,-1.));
#4221=DIRECTION('ref_axis',(-1.,0.,0.));
#4222=DIRECTION('',(-1.,0.,0.));
#4223=DIRECTION('',(-3.5527136788005E-16,-1.,0.));
#4224=DIRECTION('center_axis',(0.,0.,-1.));
#4225=DIRECTION('ref_axis',(1.,2.09476042382104E-15,0.));
#4226=DIRECTION('',(1.,7.22096186817732E-17,0.));
#4227=DIRECTION('center_axis',(0.,0.,-1.));
#4228=DIRECTION('ref_axis',(0.,1.,0.));
#4229=DIRECTION('',(1.77635683940025E-16,1.,0.));
#4230=DIRECTION('center_axis',(0.,0.,-1.));
#4231=DIRECTION('ref_axis',(-1.,8.3790416952842E-16,0.));
#4232=DIRECTION('',(-1.,-2.16628856059185E-16,0.));
#4233=DIRECTION('',(0.,-1.,0.));
#4234=DIRECTION('',(1.,2.16628856059185E-16,0.));
#4235=DIRECTION('',(-1.77635683940025E-16,-1.,0.));
#4236=DIRECTION('center_axis',(0.,1.,2.60005392183877E-16));
#4237=DIRECTION('ref_axis',(9.35271272290517E-32,2.60005392183877E-16,-1.));
#4238=DIRECTION('',(-9.2372471337355E-32,-2.60005392183877E-16,1.));
#4239=DIRECTION('',(-1.,0.,0.));
#4240=DIRECTION('',(9.2372471337355E-32,2.60005392183877E-16,-1.));
#4241=DIRECTION('center_axis',(0.,0.,1.));
#4242=DIRECTION('ref_axis',(1.43525368529074E-6,-0.99999999999897,0.));
#4243=DIRECTION('',(0.,0.,1.));
#4244=DIRECTION('center_axis',(0.,0.,-1.));
#4245=DIRECTION('ref_axis',(0.707107288625171,-0.70710627374756,0.));
#4246=DIRECTION('',(0.,0.,1.));
#4247=DIRECTION('center_axis',(0.,1.,0.));
#4248=DIRECTION('ref_axis',(-1.83697019872103E-16,0.,-1.));
#4249=DIRECTION('center_axis',(-2.16628856059185E-16,1.,0.));
#4250=DIRECTION('ref_axis',(1.,0.,0.));
#4251=DIRECTION('center_axis',(2.16628856059185E-16,-1.,0.));
#4252=DIRECTION('ref_axis',(1.,0.,0.));
#4253=DIRECTION('center_axis',(0.,1.,0.));
#4254=DIRECTION('ref_axis',(-1.,0.,-2.22044604925031E-15));
#4255=DIRECTION('center_axis',(-2.16628856059185E-16,1.,0.));
#4256=DIRECTION('ref_axis',(-1.,0.,-2.22044604925031E-15));
#4257=DIRECTION('',(0.,1.,0.));
#4258=DIRECTION('center_axis',(2.16628856059185E-16,-1.,0.));
#4259=DIRECTION('ref_axis',(-1.,0.,-2.22044604925031E-15));
#4260=DIRECTION('center_axis',(-1.,1.77635683940025E-16,0.));
#4261=DIRECTION('ref_axis',(-1.77635683940025E-16,-1.,0.));
#4262=DIRECTION('',(0.,0.,1.));
#4263=DIRECTION('',(1.77635683940025E-16,1.,0.));
#4264=DIRECTION('',(0.,0.,1.));
#4265=DIRECTION('center_axis',(0.,0.,1.));
#4266=DIRECTION('ref_axis',(-1.,8.3790416952842E-16,0.));
#4267=DIRECTION('',(0.,0.,1.));
#4268=DIRECTION('center_axis',(0.,0.,-1.));
#4269=DIRECTION('ref_axis',(-0.707106781186547,-0.707106781186548,0.));
#4270=DIRECTION('center_axis',(0.,1.,0.));
#4271=DIRECTION('ref_axis',(0.,0.,1.));
#4272=DIRECTION('center_axis',(-2.16628856059185E-16,1.,0.));
#4273=DIRECTION('ref_axis',(0.,0.,1.));
#4274=DIRECTION('',(0.,1.,0.));
#4275=DIRECTION('center_axis',(2.16628856059185E-16,-1.,0.));
#4276=DIRECTION('ref_axis',(0.,0.,1.));
#4277=DIRECTION('center_axis',(1.,-3.5527136788005E-16,0.));
#4278=DIRECTION('ref_axis',(3.5527136788005E-16,1.,0.));
#4279=DIRECTION('',(6.92793535030162E-32,1.95004044137908E-16,-1.));
#4280=DIRECTION('center_axis',(1.,-3.5527136788005E-16,0.));
#4281=DIRECTION('ref_axis',(0.,-1.,-1.38777878078144E-15));
#4282=DIRECTION('',(3.5527136788005E-16,1.,-9.32960524895089E-17));
#4283=DIRECTION('center_axis',(1.,-3.5527136788005E-16,0.));
#4284=DIRECTION('ref_axis',(0.,5.55111512312575E-15,-1.));
#4285=DIRECTION('',(0.,0.,1.));
#4286=DIRECTION('',(0.,0.,1.));
#4287=DIRECTION('',(-3.5527136788005E-16,-1.,0.));
#4288=DIRECTION('',(0.,0.,1.));
#4289=DIRECTION('',(3.6948988534942E-31,1.04002156873551E-15,-1.));
#4290=DIRECTION('center_axis',(1.,-3.5527136788005E-16,0.));
#4291=DIRECTION('ref_axis',(0.,-1.,2.7755575615629E-15));
#4292=DIRECTION('',(3.5527136788005E-16,1.,0.));
#4293=DIRECTION('center_axis',(1.,-3.5527136788005E-16,0.));
#4294=DIRECTION('ref_axis',(0.,2.77555756156288E-15,-1.));
#4295=DIRECTION('center_axis',(2.16628856059185E-16,-1.,0.));
#4296=DIRECTION('ref_axis',(1.,2.16628856059185E-16,0.));
#4297=DIRECTION('center_axis',(-2.16628856059185E-16,1.,0.));
#4298=DIRECTION('ref_axis',(0.274000945027657,0.,-0.961729422511317));
#4299=DIRECTION('',(-0.961729422511174,-2.08338344637056E-16,-0.274000945028159));
#4300=DIRECTION('center_axis',(2.16628856059185E-16,-1.,0.));
#4301=DIRECTION('ref_axis',(-0.274000945027638,0.,0.961729422511322));
#4302=DIRECTION('',(-0.746651443543462,-1.61746248089759E-16,-0.665215470245893));
#4303=DIRECTION('center_axis',(-2.16628856059185E-16,1.,0.));
#4304=DIRECTION('ref_axis',(-6.6613381477522E-15,0.,-1.));
#4305=DIRECTION('',(-1.,-2.16628856059185E-16,-3.76888556086387E-14));
#4306=DIRECTION('center_axis',(-2.16628856059185E-16,1.,0.));
#4307=DIRECTION('ref_axis',(-0.665215470246018,0.,-0.746651443543351));
#4308=DIRECTION('',(-0.746651443543088,-1.61746248089678E-16,0.665215470246313));
#4309=DIRECTION('center_axis',(2.16628856059185E-16,-1.,0.));
#4310=DIRECTION('ref_axis',(0.665215470246527,0.,0.746651443542897));
#4311=DIRECTION('',(-0.961729422511172,-2.08338344637055E-16,0.274000945028164));
#4312=DIRECTION('center_axis',(-2.16628856059185E-16,1.,0.));
#4313=DIRECTION('ref_axis',(1.,0.,-8.67361737988404E-16));
#4314=DIRECTION('',(0.,0.,-1.));
#4315=DIRECTION('center_axis',(-2.16628856059185E-16,1.,0.));
#4316=DIRECTION('ref_axis',(0.,0.,-1.));
#4317=DIRECTION('',(-1.,-2.16628856059185E-16,0.));
#4318=DIRECTION('center_axis',(-2.16628856059185E-16,1.,0.));
#4319=DIRECTION('ref_axis',(-1.,0.,0.));
#4320=DIRECTION('',(0.,0.,1.));
#4321=DIRECTION('',(0.,0.,1.));
#4322=DIRECTION('',(-1.,-2.16628856059185E-16,0.));
#4323=DIRECTION('center_axis',(0.,0.,1.));
#4324=DIRECTION('ref_axis',(-1.,8.3790416952842E-16,0.));
#4325=DIRECTION('',(0.,0.,1.));
#4326=DIRECTION('center_axis',(0.,0.,-1.));
#4327=DIRECTION('ref_axis',(-0.707106781186547,-0.707106781186548,0.));
#4328=DIRECTION('center_axis',(-1.,1.77635683940025E-16,0.));
#4329=DIRECTION('ref_axis',(-1.77635683940025E-16,-1.,0.));
#4330=DIRECTION('',(0.,0.,1.));
#4331=DIRECTION('',(1.77635683940025E-16,1.,0.));
#4332=DIRECTION('center_axis',(0.,0.,1.));
#4333=DIRECTION('ref_axis',(0.,1.,0.));
#4334=DIRECTION('',(0.,0.,1.));
#4335=DIRECTION('center_axis',(0.,0.,-1.));
#4336=DIRECTION('ref_axis',(-0.707106781186546,0.707106781186549,0.));
#4337=DIRECTION('center_axis',(0.,0.,-1.));
#4338=DIRECTION('ref_axis',(0.,1.,0.));
#4339=DIRECTION('',(1.77635683940025E-16,1.,0.));
#4340=DIRECTION('',(1.,0.,0.));
#4341=DIRECTION('',(0.,1.,0.));
#4342=DIRECTION('',(1.,0.,0.));
#4343=DIRECTION('center_axis',(1.,0.,0.));
#4344=DIRECTION('ref_axis',(0.,0.,-1.));
#4345=DIRECTION('',(-1.77635683940025E-16,-1.,0.));
#4346=DIRECTION('',(0.,4.73106000589669E-16,1.));
#4347=DIRECTION('',(0.,0.,-1.));
#4348=DIRECTION('center_axis',(0.,-1.,0.));
#4349=DIRECTION('ref_axis',(0.,0.,-1.));
#4350=DIRECTION('center_axis',(0.,-1.,0.));
#4351=DIRECTION('ref_axis',(-0.707106781186547,3.92523114670944E-16,-0.707106781186548));
#4352=DIRECTION('',(1.,0.,0.));
#4353=DIRECTION('center_axis',(0.,1.,0.));
#4354=DIRECTION('ref_axis',(-0.707106781186547,3.92523114670944E-16,-0.707106781186548));
#4355=DIRECTION('center_axis',(0.,1.,-4.73106000589669E-16));
#4356=DIRECTION('ref_axis',(0.,4.73106000589669E-16,1.));
#4357=DIRECTION('center_axis',(0.,1.,-4.73106000589669E-16));
#4358=DIRECTION('ref_axis',(-0.707106781186547,3.92523114670944E-16,-0.707106781186548));
#4359=DIRECTION('center_axis',(0.,-1.,4.73106000589669E-16));
#4360=DIRECTION('ref_axis',(-0.707106781186547,3.92523114670944E-16,-0.707106781186548));
#4361=DIRECTION('',(1.,0.,0.));
#4362=DIRECTION('center_axis',(0.,0.,1.));
#4363=DIRECTION('ref_axis',(0.,-1.,0.));
#4364=DIRECTION('',(-1.77635683940025E-16,-1.,0.));
#4365=DIRECTION('',(1.77635683940025E-16,1.,0.));
#4366=DIRECTION('center_axis',(0.,0.,1.));
#4367=DIRECTION('ref_axis',(1.,0.,0.));
#4368=DIRECTION('center_axis',(0.56866726514036,0.822567651660205,0.));
#4369=DIRECTION('ref_axis',(0.,0.,-1.));
#4370=DIRECTION('center_axis',(0.,0.,1.));
#4371=DIRECTION('ref_axis',(0.659807085093619,0.751435034091612,0.));
#4372=DIRECTION('center_axis',(0.779554180084551,0.62633479889968,0.));
#4373=DIRECTION('ref_axis',(0.62633479889968,-0.779554180084551,0.));
#4374=DIRECTION('center_axis',(0.,0.,-1.));
#4375=DIRECTION('ref_axis',(0.659807085093619,0.751435034091612,0.));
#4376=DIRECTION('center_axis',(-0.155694646754267,0.986025409526705,0.0592711459291679));
#4377=DIRECTION('ref_axis',(0.987761973892466,0.155968852441951,0.));
#4378=DIRECTION('center_axis',(-0.972647598739083,0.212703552159591,-0.093347991760872));
#4379=DIRECTION('ref_axis',(0.213636386201274,0.976913248190882,0.));
#4380=DIRECTION('center_axis',(-1.,-2.16628856059185E-16,0.));
#4381=DIRECTION('ref_axis',(1.96261557335472E-16,-0.707106781186547,-0.707106781186548));
#4382=DIRECTION('',(1.,2.16628856059185E-16,0.));
#4383=DIRECTION('',(1.,2.16628856059185E-16,0.));
#4384=DIRECTION('center_axis',(-1.,0.,0.));
#4385=DIRECTION('ref_axis',(0.,0.,-1.));
#4386=DIRECTION('center_axis',(-1.,-3.88578058618805E-15,0.));
#4387=DIRECTION('ref_axis',(0.,0.,-1.));
#4388=DIRECTION('center_axis',(0.,0.,1.));
#4389=DIRECTION('ref_axis',(1.,0.,0.));
#4390=DIRECTION('',(-1.77635683940025E-16,-1.,0.));
#4391=DIRECTION('center_axis',(0.,0.,-1.));
#4392=DIRECTION('ref_axis',(0.683379481534237,-0.730063342606652,0.));
#4393=DIRECTION('',(-1.,-7.22096186817732E-17,0.));
#4394=DIRECTION('center_axis',(0.,0.,-1.));
#4395=DIRECTION('ref_axis',(4.53537916442617E-14,-1.,0.));
#4396=DIRECTION('',(-1.,-7.22096186817732E-17,0.));
#4397=DIRECTION('center_axis',(0.,0.,1.));
#4398=DIRECTION('ref_axis',(0.707107288887749,0.707106273484982,0.));
#4399=DIRECTION('',(3.5527136788005E-16,1.,0.));
#4400=DIRECTION('center_axis',(0.,0.,1.));
#4401=DIRECTION('ref_axis',(0.707107288625171,-0.70710627374756,0.));
#4402=DIRECTION('center_axis',(0.,0.,-1.));
#4403=DIRECTION('ref_axis',(0.,1.,0.));
#4404=DIRECTION('center_axis',(0.,0.,1.));
#4405=DIRECTION('ref_axis',(1.,0.,0.));
#4406=DIRECTION('',(0.,0.,1.));
#4407=DIRECTION('center_axis',(0.,0.,1.));
#4408=DIRECTION('ref_axis',(1.,0.,0.));
#4409=DIRECTION('center_axis',(0.185081384696025,0.98027538949934,-0.0693184086727309));
#4410=DIRECTION('ref_axis',(0.982639043110819,-0.185527655497109,0.));
#4411=DIRECTION('center_axis',(-0.97333522453237,-0.212853925685205,-0.0855087539665871));
#4412=DIRECTION('ref_axis',(1.11022302462516E-14,0.372770192807975,-0.927923694790636));
#4413=DIRECTION('center_axis',(-0.779554180084695,0.626334798899501,0.));
#4414=DIRECTION('ref_axis',(0.626334798899501,0.779554180084695,0.));
#4415=DIRECTION('center_axis',(0.,0.,1.));
#4416=DIRECTION('ref_axis',(1.,0.,0.));
#4417=DIRECTION('center_axis',(0.59822606819552,-0.801327380869598,-1.66041088710411E-15));
#4418=DIRECTION('ref_axis',(-0.801327380869598,-0.59822606819552,0.));
#4419=DIRECTION('center_axis',(0.,0.,1.));
#4420=DIRECTION('ref_axis',(0.683379481534237,-0.730063342606652,0.));
#4421=DIRECTION('center_axis',(1.,7.22096186817732E-17,0.));
#4422=DIRECTION('ref_axis',(0.,0.707106781186547,-0.707106781186548));
#4423=DIRECTION('center_axis',(1.,-5.55111512312578E-16,0.));
#4424=DIRECTION('ref_axis',(0.,0.,-1.));
#4425=DIRECTION('',(1.,7.22096186817732E-17,0.));
#4426=DIRECTION('center_axis',(0.999999999998969,-1.43599636625939E-6,0.));
#4427=DIRECTION('ref_axis',(0.,0.,-1.));
#4428=DIRECTION('center_axis',(2.77555756156289E-15,1.,0.));
#4429=DIRECTION('ref_axis',(0.,0.,-1.));
#4430=DIRECTION('center_axis',(0.,0.,1.));
#4431=DIRECTION('ref_axis',(1.,0.,0.));
#4432=DIRECTION('',(0.,0.,1.));
#4433=DIRECTION('center_axis',(0.,0.,1.));
#4434=DIRECTION('ref_axis',(1.,0.,0.));
#4435=DIRECTION('center_axis',(0.,0.,1.));
#4436=DIRECTION('ref_axis',(0.,-1.,0.));
#4437=DIRECTION('center_axis',(-0.597999401528632,-0.801496547572975,-3.31956352144576E-15));
#4438=DIRECTION('ref_axis',(5.55111512312578E-15,0.,-1.));
#4439=DIRECTION('center_axis',(0.,0.,1.));
#4440=DIRECTION('ref_axis',(4.53537916442617E-14,-1.,0.));
#4441=DIRECTION('center_axis',(0.,0.,1.));
#4442=DIRECTION('ref_axis',(4.53537916442617E-14,-1.,0.));
#4443=DIRECTION('center_axis',(0.59799940152864,-0.801496547572969,2.22459980318271E-15));
#4444=DIRECTION('ref_axis',(-0.801496547572969,-0.59799940152864,0.));
#4445=DIRECTION('center_axis',(0.,0.,1.));
#4446=DIRECTION('ref_axis',(1.,0.,0.));
#4447=DIRECTION('',(0.,0.,1.));
#4448=DIRECTION('center_axis',(0.,0.,1.));
#4449=DIRECTION('ref_axis',(1.,0.,0.));
#4450=DIRECTION('center_axis',(0.,0.,1.));
#4451=DIRECTION('ref_axis',(0.,1.,0.));
#4452=DIRECTION('center_axis',(0.568667265140573,0.822567651660058,0.));
#4453=DIRECTION('ref_axis',(0.,0.,-1.));
#4454=DIRECTION('center_axis',(0.,0.,1.));
#4455=DIRECTION('ref_axis',(0.,1.,0.));
#4456=DIRECTION('center_axis',(0.,0.,1.));
#4457=DIRECTION('ref_axis',(0.,1.,0.));
#4458=DIRECTION('center_axis',(-0.56866726514057,0.822567651660059,0.));
#4459=DIRECTION('ref_axis',(0.822567651660059,0.56866726514057,0.));
#4460=DIRECTION('center_axis',(0.,0.,1.));
#4461=DIRECTION('ref_axis',(1.,0.,0.));
#4462=DIRECTION('',(0.,0.,1.));
#4463=DIRECTION('center_axis',(0.,0.,1.));
#4464=DIRECTION('ref_axis',(1.,0.,0.));
#4465=DIRECTION('center_axis',(0.,0.,-1.));
#4466=DIRECTION('ref_axis',(1.,0.,0.));
#4467=DIRECTION('center_axis',(0.,0.,-1.));
#4468=DIRECTION('ref_axis',(-1.,0.,0.));
#4469=DIRECTION('center_axis',(0.,0.,-1.));
#4470=DIRECTION('ref_axis',(1.,0.,0.));
#4471=DIRECTION('center_axis',(0.,0.,-1.));
#4472=DIRECTION('ref_axis',(-1.,0.,0.));
#4473=DIRECTION('center_axis',(0.,0.,-1.));
#4474=DIRECTION('ref_axis',(1.,0.,0.));
#4475=DIRECTION('center_axis',(0.,0.,-1.));
#4476=DIRECTION('ref_axis',(-1.,0.,0.));
#4477=DIRECTION('center_axis',(0.,0.,-1.));
#4478=DIRECTION('ref_axis',(1.,0.,0.));
#4479=DIRECTION('center_axis',(0.,0.,-1.));
#4480=DIRECTION('ref_axis',(-1.,0.,0.));
#4481=DIRECTION('center_axis',(-1.11022302462516E-15,-1.,0.));
#4482=DIRECTION('ref_axis',(-1.,1.11022302462516E-15,0.));
#4483=DIRECTION('center_axis',(0.,0.,1.));
#4484=DIRECTION('ref_axis',(0.664553018879306,0.747241115770807,0.));
#4485=DIRECTION('center_axis',(0.,0.,-1.));
#4486=DIRECTION('ref_axis',(-1.,0.,0.));
#4487=DIRECTION('center_axis',(0.,0.,1.));
#4488=DIRECTION('ref_axis',(-1.,0.,0.));
#4489=DIRECTION('center_axis',(0.,0.,1.));
#4490=DIRECTION('ref_axis',(-1.,0.,0.));
#4491=DIRECTION('center_axis',(0.,0.,-1.));
#4492=DIRECTION('ref_axis',(-1.,0.,0.));
#4493=DIRECTION('',(0.,0.,-1.));
#4494=DIRECTION('center_axis',(0.,0.,1.));
#4495=DIRECTION('ref_axis',(-1.,0.,0.));
#4496=DIRECTION('',(-1.,-2.16628856059185E-16,0.));
#4497=DIRECTION('',(1.77635683940025E-16,1.,0.));
#4498=DIRECTION('center_axis',(0.,0.,-1.));
#4499=DIRECTION('ref_axis',(1.,0.,0.));
#4500=DIRECTION('center_axis',(0.,0.,1.));
#4501=DIRECTION('ref_axis',(-1.,0.,0.));
#4502=DIRECTION('',(-1.,-2.16628856059185E-16,0.));
#4503=DIRECTION('center_axis',(0.,0.,1.));
#4504=DIRECTION('ref_axis',(-1.,0.,0.));
#4505=DIRECTION('center_axis',(0.,0.,-1.));
#4506=DIRECTION('ref_axis',(-1.,0.,0.));
#4507=DIRECTION('center_axis',(0.,0.,1.));
#4508=DIRECTION('ref_axis',(-6.12323399573677E-17,1.,0.));
#4509=DIRECTION('center_axis',(0.,0.,-1.));
#4510=DIRECTION('ref_axis',(-1.,0.,0.));
#4511=DIRECTION('center_axis',(0.,0.,1.));
#4512=DIRECTION('ref_axis',(-1.,0.,0.));
#4513=DIRECTION('',(0.,0.,-1.));
#4514=DIRECTION('center_axis',(0.,0.,1.));
#4515=DIRECTION('ref_axis',(-1.,0.,0.));
#4516=DIRECTION('',(1.,7.22096186817732E-17,0.));
#4517=DIRECTION('center_axis',(0.,0.,-1.));
#4518=DIRECTION('ref_axis',(1.,0.,0.));
#4519=DIRECTION('center_axis',(0.,0.,1.));
#4520=DIRECTION('ref_axis',(-1.,0.,0.));
#4521=DIRECTION('center_axis',(0.,0.,-1.));
#4522=DIRECTION('ref_axis',(1.,0.,0.));
#4523=DIRECTION('',(1.77635683940025E-16,1.,0.));
#4524=DIRECTION('center_axis',(0.,0.,1.));
#4525=DIRECTION('ref_axis',(-1.,0.,0.));
#4526=DIRECTION('center_axis',(0.,0.,-1.));
#4527=DIRECTION('ref_axis',(-1.,0.,0.));
#4528=DIRECTION('center_axis',(0.,0.,1.));
#4529=DIRECTION('ref_axis',(-1.,0.,0.));
#4530=DIRECTION('center_axis',(0.,0.,1.));
#4531=DIRECTION('ref_axis',(0.68511935869696,-0.728430823303536,0.));
#4532=DIRECTION('center_axis',(0.,0.,-1.));
#4533=DIRECTION('ref_axis',(-1.,0.,0.));
#4534=DIRECTION('center_axis',(0.,0.,1.));
#4535=DIRECTION('ref_axis',(-1.,0.,0.));
#4536=DIRECTION('',(0.,0.,-1.));
#4537=DIRECTION('center_axis',(0.,0.,1.));
#4538=DIRECTION('ref_axis',(-1.,0.,0.));
#4539=DIRECTION('',(1.,7.22096186817732E-17,0.));
#4540=DIRECTION('center_axis',(0.,0.,1.));
#4541=DIRECTION('ref_axis',(-1.,0.,0.));
#4542=DIRECTION('center_axis',(0.,0.,-1.));
#4543=DIRECTION('ref_axis',(-1.,0.,0.));
#4544=DIRECTION('center_axis',(0.,0.,1.));
#4545=DIRECTION('ref_axis',(1.07187543957223E-15,-1.,0.));
#4546=DIRECTION('center_axis',(0.,0.,-1.));
#4547=DIRECTION('ref_axis',(-1.,0.,0.));
#4548=DIRECTION('center_axis',(0.,0.,1.));
#4549=DIRECTION('ref_axis',(-1.,0.,0.));
#4550=DIRECTION('',(0.,0.,-1.));
#4551=DIRECTION('center_axis',(0.,1.,0.));
#4552=DIRECTION('ref_axis',(0.274000945027657,0.,-0.961729422511317));
#4553=DIRECTION('center_axis',(2.16628856059185E-16,-1.,0.));
#4554=DIRECTION('ref_axis',(0.274000945027657,0.,-0.961729422511317));
#4555=DIRECTION('',(0.,1.,0.));
#4556=DIRECTION('center_axis',(0.,-1.,-1.95004044137908E-16));
#4557=DIRECTION('ref_axis',(-9.3527127229072E-32,-1.95004044137908E-16,
1.));
#4558=DIRECTION('',(-6.92793535030162E-32,-1.95004044137908E-16,1.));
#4559=DIRECTION('',(-1.,0.,0.));
#4560=DIRECTION('center_axis',(2.16628856059185E-16,-1.,0.));
#4561=DIRECTION('ref_axis',(1.,2.16628856059185E-16,0.));
#4562=DIRECTION('',(0.,0.,1.));
#4563=DIRECTION('',(-1.,-2.16628856059185E-16,0.));
#4564=DIRECTION('',(0.,0.,-1.));
#4565=DIRECTION('center_axis',(2.16628856059185E-16,-1.,0.));
#4566=DIRECTION('ref_axis',(-1.,0.,0.));
#4567=DIRECTION('',(1.,2.16628856059185E-16,0.));
#4568=DIRECTION('center_axis',(2.16628856059185E-16,-1.,0.));
#4569=DIRECTION('ref_axis',(0.,0.,-1.));
#4570=DIRECTION('',(0.,0.,1.));
#4571=DIRECTION('center_axis',(2.16628856059185E-16,-1.,0.));
#4572=DIRECTION('ref_axis',(1.,0.,-8.67361737988404E-16));
#4573=DIRECTION('',(0.961729422511172,2.08338344637055E-16,-0.274000945028164));
#4574=DIRECTION('center_axis',(-2.16628856059185E-16,1.,0.));
#4575=DIRECTION('ref_axis',(0.665215470246527,0.,0.746651443542897));
#4576=DIRECTION('',(0.746651443543088,1.61746248089678E-16,-0.665215470246313));
#4577=DIRECTION('center_axis',(2.16628856059185E-16,-1.,0.));
#4578=DIRECTION('ref_axis',(-0.665215470246018,0.,-0.746651443543351));
#4579=DIRECTION('',(1.,2.16628856059185E-16,3.76888556086387E-14));
#4580=DIRECTION('center_axis',(2.16628856059185E-16,-1.,0.));
#4581=DIRECTION('ref_axis',(-6.6613381477522E-15,0.,-1.));
#4582=DIRECTION('',(0.746651443543462,1.61746248089759E-16,0.665215470245893));
#4583=DIRECTION('center_axis',(-2.16628856059185E-16,1.,0.));
#4584=DIRECTION('ref_axis',(-0.274000945027638,0.,0.961729422511322));
#4585=DIRECTION('',(0.961729422511174,2.08338344637056E-16,0.274000945028159));
#4586=DIRECTION('center_axis',(1.,-3.5527136788005E-16,0.));
#4587=DIRECTION('ref_axis',(3.5527136788005E-16,1.,0.));
#4588=DIRECTION('center_axis',(-1.,3.5527136788005E-16,0.));
#4589=DIRECTION('ref_axis',(0.,2.77555756156288E-15,-1.));
#4590=DIRECTION('',(-3.5527136788005E-16,-1.,0.));
#4591=DIRECTION('center_axis',(-1.,3.5527136788005E-16,0.));
#4592=DIRECTION('ref_axis',(0.,-1.,2.7755575615629E-15));
#4593=DIRECTION('',(-3.6948988534942E-31,-1.04002156873551E-15,1.));
#4594=DIRECTION('',(-3.5527136788005E-16,-1.,0.));
#4595=DIRECTION('',(0.,0.,1.));
#4596=DIRECTION('',(-1.8474494267471E-31,-5.20010784367755E-16,-1.));
#4597=DIRECTION('center_axis',(-1.,3.5527136788005E-16,0.));
#4598=DIRECTION('ref_axis',(0.,5.55111512312575E-15,-1.));
#4599=DIRECTION('',(-3.5527136788005E-16,-1.,9.32960524895089E-17));
#4600=DIRECTION('center_axis',(-1.,3.5527136788005E-16,0.));
#4601=DIRECTION('ref_axis',(0.,-1.,-1.38777878078144E-15));
#4602=DIRECTION('center_axis',(0.,-1.,-1.04002156873551E-15));
#4603=DIRECTION('ref_axis',(-9.35271272290722E-32,-1.04002156873551E-15,
1.));
#4604=DIRECTION('',(-1.,0.,0.));
#4605=DIRECTION('center_axis',(-1.11022302462516E-15,-1.,0.));
#4606=DIRECTION('ref_axis',(-1.,1.11022302462516E-15,0.));
#4607=DIRECTION('center_axis',(-1.,-3.88578058618805E-15,0.));
#4608=DIRECTION('ref_axis',(0.,0.,-1.));
#4609=DIRECTION('center_axis',(-1.,-2.16628856059185E-16,0.));
#4610=DIRECTION('ref_axis',(1.96261557335472E-16,-0.707106781186547,-0.707106781186548));
#4611=DIRECTION('center_axis',(-1.,0.,0.));
#4612=DIRECTION('ref_axis',(0.,0.,-1.));
#4613=DIRECTION('',(1.,2.16628856059185E-16,0.));
#4614=DIRECTION('center_axis',(0.,0.,1.));
#4615=DIRECTION('ref_axis',(0.,1.,0.));
#4616=DIRECTION('center_axis',(0.,0.,-1.));
#4617=DIRECTION('ref_axis',(-0.707106781186546,0.707106781186549,0.));
#4618=DIRECTION('',(0.,0.,1.));
#4619=DIRECTION('center_axis',(1.,-5.55111512312578E-16,0.));
#4620=DIRECTION('ref_axis',(0.,0.,-1.));
#4621=DIRECTION('center_axis',(2.77555756156289E-15,1.,0.));
#4622=DIRECTION('ref_axis',(0.,0.,-1.));
#4623=DIRECTION('center_axis',(1.77635683940025E-16,1.,0.));
#4624=DIRECTION('ref_axis',(-0.707106781186547,3.92523114670944E-16,-0.707106781186548));
#4625=DIRECTION('',(-1.77635683940025E-16,-1.,0.));
#4626=DIRECTION('',(-1.77635683940025E-16,-1.,0.));
#4627=DIRECTION('center_axis',(-7.22096186817732E-17,1.,0.));
#4628=DIRECTION('ref_axis',(-1.,-7.22096186817732E-17,0.));
#4629=DIRECTION('',(1.,7.22096186817732E-17,0.));
#4630=DIRECTION('',(0.,0.,1.));
#4631=DIRECTION('center_axis',(1.,7.22096186817732E-17,0.));
#4632=DIRECTION('ref_axis',(0.,0.707106781186547,-0.707106781186548));
#4633=DIRECTION('',(-1.,-7.22096186817732E-17,0.));
#4634=DIRECTION('center_axis',(0.999999999998969,-1.43599636625939E-6,0.));
#4635=DIRECTION('ref_axis',(0.,0.,-1.));
#4636=DIRECTION('center_axis',(0.,0.,1.));
#4637=DIRECTION('ref_axis',(1.,0.,0.));
#4638=DIRECTION('center_axis',(0.,0.,1.));
#4639=DIRECTION('ref_axis',(0.707107288625171,-0.70710627374756,0.));
#4640=DIRECTION('',(3.5527136788005E-16,1.,0.));
#4641=DIRECTION('center_axis',(0.,0.,1.));
#4642=DIRECTION('ref_axis',(0.707107288887749,0.707106273484982,0.));
#4643=DIRECTION('center_axis',(-7.22096186817732E-17,1.,0.));
#4644=DIRECTION('ref_axis',(-1.,-7.22096186817732E-17,0.));
#4645=DIRECTION('',(0.,0.,1.));
#4646=DIRECTION('center_axis',(1.77635683940025E-16,1.,0.));
#4647=DIRECTION('ref_axis',(-0.707106781186547,3.92523114670944E-16,-0.707106781186548));
#4648=DIRECTION('center_axis',(-1.,0.,0.));
#4649=DIRECTION('ref_axis',(0.,-1.,-1.38777878078144E-15));
#4650=DIRECTION('',(-1.,0.,0.));
#4651=DIRECTION('center_axis',(0.,-9.32960524895089E-17,-1.));
#4652=DIRECTION('ref_axis',(6.62908323715136E-31,-1.,9.32960524895089E-17));
#4653=DIRECTION('',(-1.,0.,0.));
#4654=DIRECTION('center_axis',(-1.,0.,0.));
#4655=DIRECTION('ref_axis',(0.,5.55111512312575E-15,-1.));
#4656=DIRECTION('',(-1.,0.,0.));
#4657=DIRECTION('center_axis',(0.,1.,-5.20010784367755E-16));
#4658=DIRECTION('ref_axis',(9.35271272290377E-32,-5.20010784367755E-16,
-1.));
#4659=DIRECTION('center_axis',(-1.,0.,0.));
#4660=DIRECTION('ref_axis',(0.,-1.,2.7755575615629E-15));
#4661=DIRECTION('',(-1.,0.,0.));
#4662=DIRECTION('center_axis',(0.,0.,-1.));
#4663=DIRECTION('ref_axis',(6.62908323715136E-31,-1.,0.));
#4664=DIRECTION('',(-1.,0.,0.));
#4665=DIRECTION('center_axis',(-1.,0.,0.));
#4666=DIRECTION('ref_axis',(0.,2.77555756156288E-15,-1.));
#4667=DIRECTION('center_axis',(-1.,0.,0.));
#4668=DIRECTION('ref_axis',(0.,0.,1.));
#4669=DIRECTION('',(0.,1.,0.));
#4670=DIRECTION('center_axis',(0.,1.,0.));
#4671=DIRECTION('ref_axis',(-1.,0.,0.));
#4672=DIRECTION('',(0.,1.,0.));
#4673=DIRECTION('center_axis',(0.,0.,-1.));
#4674=DIRECTION('ref_axis',(-1.,-3.86393468466404E-32,0.));
#4675=DIRECTION('',(0.,1.,0.));
#4676=DIRECTION('center_axis',(0.,1.,0.));
#4677=DIRECTION('ref_axis',(0.,0.,-1.));
#4678=DIRECTION('',(0.,1.,0.));
#4679=DIRECTION('center_axis',(1.,0.,0.));
#4680=DIRECTION('ref_axis',(0.,3.7865323450609E-30,-1.));
#4681=DIRECTION('',(0.,1.,0.));
#4682=DIRECTION('center_axis',(0.,1.,0.));
#4683=DIRECTION('ref_axis',(1.,0.,-8.67361737988404E-16));
#4684=DIRECTION('center_axis',(-0.274000945028164,0.,-0.961729422511172));
#4685=DIRECTION('ref_axis',(-0.961729422511172,5.59525835080516E-31,0.274000945028164));
#4686=DIRECTION('',(0.,1.,0.));
#4687=DIRECTION('center_axis',(0.,1.,0.));
#4688=DIRECTION('ref_axis',(0.665215470246527,0.,0.746651443542897));
#4689=DIRECTION('',(0.,1.,0.));
#4690=DIRECTION('center_axis',(-0.665215470246313,0.,-0.746651443543088));
#4691=DIRECTION('ref_axis',(-0.746651443543088,-3.79696782890637E-31,0.665215470246313));
#4692=DIRECTION('',(0.,1.,0.));
#4693=DIRECTION('center_axis',(0.,1.,0.));
#4694=DIRECTION('ref_axis',(-0.665215470246018,0.,-0.746651443543351));
#4695=DIRECTION('',(0.,1.,0.));
#4696=DIRECTION('center_axis',(3.76888556086387E-14,0.,-1.));
#4697=DIRECTION('ref_axis',(-1.,9.42127960915633E-31,-3.76888556086387E-14));
#4698=DIRECTION('',(0.,1.,0.));
#4699=DIRECTION('center_axis',(0.,1.,0.));
#4700=DIRECTION('ref_axis',(-6.6613381477522E-15,0.,-1.));
#4701=DIRECTION('',(0.,1.,0.));
#4702=DIRECTION('center_axis',(0.665215470245893,0.,-0.746651443543462));
#4703=DIRECTION('ref_axis',(-0.746651443543462,-6.59927635820589E-30,-0.665215470245893));
#4704=DIRECTION('',(0.,1.,0.));
#4705=DIRECTION('center_axis',(0.,1.,0.));
#4706=DIRECTION('ref_axis',(-0.274000945027638,0.,0.961729422511322));
#4707=DIRECTION('',(0.,1.,0.));
#4708=DIRECTION('center_axis',(0.274000945028159,0.,-0.961729422511174));
#4709=DIRECTION('ref_axis',(-0.961729422511174,1.11097187470718E-31,-0.274000945028159));
#4710=DIRECTION('center_axis',(0.,0.,-1.));
#4711=DIRECTION('ref_axis',(0.707107288625171,-0.70710627374756,0.));
#4712=DIRECTION('center_axis',(-2.22044604925334E-15,-1.,0.));
#4713=DIRECTION('ref_axis',(0.,0.,-1.));
#4714=DIRECTION('center_axis',(-3.5527136788005E-16,-1.,0.));
#4715=DIRECTION('ref_axis',(0.707106781186548,0.,-0.707106781186547));
#4716=DIRECTION('center_axis',(-5.55111512312579E-16,-1.,0.));
#4717=DIRECTION('ref_axis',(0.,0.,-1.));
#4718=DIRECTION('center_axis',(0.,0.,-1.));
#4719=DIRECTION('ref_axis',(0.707107288887749,0.707106273484982,0.));
#4720=DIRECTION('center_axis',(0.,0.,1.));
#4721=DIRECTION('ref_axis',(1.,2.09476042382104E-15,0.));
#4722=DIRECTION('center_axis',(0.,0.,1.));
#4723=DIRECTION('ref_axis',(1.43525368529074E-6,-0.99999999999897,0.));
#4724=DIRECTION('center_axis',(-2.22044604925334E-15,-1.,0.));
#4725=DIRECTION('ref_axis',(0.,0.,-1.));
#4726=DIRECTION('center_axis',(-3.5527136788005E-16,-1.,0.));
#4727=DIRECTION('ref_axis',(0.707106781186548,0.,-0.707106781186547));
#4728=DIRECTION('center_axis',(-5.55111512312579E-16,-1.,0.));
#4729=DIRECTION('ref_axis',(0.,0.,-1.));
#4730=DIRECTION('center_axis',(0.,0.,-1.));
#4731=DIRECTION('ref_axis',(0.707107288887749,0.707106273484982,0.));
#4732=DIRECTION('center_axis',(0.,0.,1.));
#4733=DIRECTION('ref_axis',(1.,2.09476042382104E-15,0.));
#4734=CARTESIAN_POINT('',(0.,0.,0.));
#4735=CARTESIAN_POINT('Origin',(11.2161514521964,8.38432200026499,0.));
#4736=CARTESIAN_POINT('',(11.2379401059816,-21.6156621748789,2.));
#4737=CARTESIAN_POINT('',(11.2161514521964,8.38432200026499,2.));
#4738=CARTESIAN_POINT('',(11.221590162532,0.895964729042651,2.));
#4739=CARTESIAN_POINT('',(11.2379401059816,-21.6156621748789,0.));
#4740=CARTESIAN_POINT('',(11.2379401059816,-21.6156621748789,0.));
#4741=CARTESIAN_POINT('',(11.2161514521964,8.38432200026499,0.));
#4742=CARTESIAN_POINT('',(11.221590162532,0.895964729042651,0.));
#4743=CARTESIAN_POINT('',(11.2161514521964,8.38432200026499,0.));
#4744=CARTESIAN_POINT('Origin',(12.7161510565749,8.38541143324159,0.));
#4745=CARTESIAN_POINT('',(14.2161506609535,8.38650086621819,2.));
#4746=CARTESIAN_POINT('Origin',(12.7161510565749,8.38541143324159,2.));
#4747=CARTESIAN_POINT('',(14.2161506609535,8.38650086621819,0.));
#4748=CARTESIAN_POINT('Origin',(12.7161510565749,8.38541143324159,0.));
#4749=CARTESIAN_POINT('',(14.2161506609535,8.38650086621819,0.));
#4750=CARTESIAN_POINT('Origin',(14.2379393147387,-21.6134833089257,0.));
#4751=CARTESIAN_POINT('',(14.2379393147387,-21.6134833089257,2.));
#4752=CARTESIAN_POINT('',(14.2324836981818,-14.1018484925761,2.));
#4753=CARTESIAN_POINT('',(14.2379393147387,-21.6134833089257,0.));
#4754=CARTESIAN_POINT('',(14.2324836981818,-14.1018484925761,0.));
#4755=CARTESIAN_POINT('',(14.2379393147387,-21.6134833089257,0.));
#4756=CARTESIAN_POINT('Origin',(12.7379397103602,-21.6145727419023,0.));
#4757=CARTESIAN_POINT('Origin',(12.7379397103602,-21.6145727419023,2.));
#4758=CARTESIAN_POINT('Origin',(12.7379397103602,-21.6145727419023,0.));
#4759=CARTESIAN_POINT('Origin',(23.2379393147387,-21.6134833089257,0.));
#4760=CARTESIAN_POINT('',(23.2161506609535,8.38650086621819,2.));
#4761=CARTESIAN_POINT('',(23.2379393147387,-21.6134833089257,2.));
#4762=CARTESIAN_POINT('',(23.2324813244533,-14.0985801945083,2.));
#4763=CARTESIAN_POINT('',(23.2161506609535,8.38650086621819,0.));
#4764=CARTESIAN_POINT('',(23.2161506609535,8.38650086621819,0.));
#4765=CARTESIAN_POINT('',(23.2379393147387,-21.6134833089257,0.));
#4766=CARTESIAN_POINT('',(23.2324813244533,-14.0985801945083,0.));
#4767=CARTESIAN_POINT('',(23.2379393147387,-21.6134833089257,0.));
#4768=CARTESIAN_POINT('Origin',(21.7379397103602,-21.6145727419023,0.));
#4769=CARTESIAN_POINT('',(20.2379401059816,-21.6156621748789,2.));
#4770=CARTESIAN_POINT('Origin',(21.7379397103602,-21.6145727419023,2.));
#4771=CARTESIAN_POINT('',(20.2379401059816,-21.6156621748789,0.));
#4772=CARTESIAN_POINT('Origin',(21.7379397103602,-21.6145727419023,0.));
#4773=CARTESIAN_POINT('',(20.2379401059816,-21.6156621748789,0.));
#4774=CARTESIAN_POINT('Origin',(20.2161514521964,8.38432200026499,0.));
#4775=CARTESIAN_POINT('',(20.2161514521964,8.38432200026499,2.));
#4776=CARTESIAN_POINT('',(20.2215877888036,0.899233027110441,2.));
#4777=CARTESIAN_POINT('',(20.2161514521964,8.38432200026499,0.));
#4778=CARTESIAN_POINT('',(20.2215877888036,0.899233027110441,0.));
#4779=CARTESIAN_POINT('',(20.2161514521964,8.38432200026499,0.));
#4780=CARTESIAN_POINT('Origin',(21.7161510565749,8.38541143324159,0.));
#4781=CARTESIAN_POINT('Origin',(21.7161510565749,8.38541143324159,2.));
#4782=CARTESIAN_POINT('Origin',(21.7161510565749,8.38541143324159,0.));
#4783=CARTESIAN_POINT('Origin',(5.23793931473872,-21.6134833089257,0.));
#4784=CARTESIAN_POINT('',(5.21615066095346,8.38650086621819,2.));
#4785=CARTESIAN_POINT('',(5.23793931473872,-21.6134833089257,2.));
#4786=CARTESIAN_POINT('',(5.23248607191017,-14.1051167906439,2.));
#4787=CARTESIAN_POINT('',(5.21615066095346,8.38650086621819,0.));
#4788=CARTESIAN_POINT('',(5.21615066095346,8.38650086621819,0.));
#4789=CARTESIAN_POINT('',(5.23793931473872,-21.6134833089257,0.));
#4790=CARTESIAN_POINT('',(5.23248607191017,-14.1051167906439,0.));
#4791=CARTESIAN_POINT('',(5.23793931473872,-21.6134833089257,0.));
#4792=CARTESIAN_POINT('Origin',(3.73793971036018,-21.6145727419023,0.));
#4793=CARTESIAN_POINT('',(2.23794010598163,-21.6156621748789,2.));
#4794=CARTESIAN_POINT('Origin',(3.73793971036018,-21.6145727419023,2.));
#4795=CARTESIAN_POINT('',(2.23794010598163,-21.6156621748789,0.));
#4796=CARTESIAN_POINT('Origin',(3.73793971036018,-21.6145727419023,0.));
#4797=CARTESIAN_POINT('',(2.23794010598163,-21.6156621748789,0.));
#4798=CARTESIAN_POINT('Origin',(2.21615145219637,8.38432200026499,0.));
#4799=CARTESIAN_POINT('',(2.21615145219637,8.38432200026499,2.));
#4800=CARTESIAN_POINT('',(2.22159253626045,0.892696430974862,2.));
#4801=CARTESIAN_POINT('',(2.21615145219637,8.38432200026499,0.));
#4802=CARTESIAN_POINT('',(2.22159253626045,0.892696430974862,0.));
#4803=CARTESIAN_POINT('',(2.21615145219637,8.38432200026499,0.));
#4804=CARTESIAN_POINT('Origin',(3.71615105657491,8.38541143324159,0.));
#4805=CARTESIAN_POINT('Origin',(3.71615105657491,8.38541143324159,2.));
#4806=CARTESIAN_POINT('Origin',(3.71615105657491,8.38541143324159,0.));
#4807=CARTESIAN_POINT('Origin',(32.2379393147387,-21.6134833089257,0.));
#4808=CARTESIAN_POINT('',(32.2161506609535,8.38650086621819,2.));
#4809=CARTESIAN_POINT('',(32.2379393147387,-21.6134833089257,2.));
#4810=CARTESIAN_POINT('',(32.2324789507249,-14.0953118964405,2.));
#4811=CARTESIAN_POINT('',(32.2161506609535,8.38650086621819,0.));
#4812=CARTESIAN_POINT('',(32.2161506609535,8.38650086621819,0.));
#4813=CARTESIAN_POINT('',(32.2379393147387,-21.6134833089257,0.));
#4814=CARTESIAN_POINT('',(32.2324789507249,-14.0953118964405,0.));
#4815=CARTESIAN_POINT('',(32.2379393147387,-21.6134833089257,0.));
#4816=CARTESIAN_POINT('Origin',(30.7379397103602,-21.6145727419023,0.));
#4817=CARTESIAN_POINT('',(29.2379401059816,-21.6156621748789,2.));
#4818=CARTESIAN_POINT('Origin',(30.7379397103602,-21.6145727419023,2.));
#4819=CARTESIAN_POINT('',(29.2379401059816,-21.6156621748789,0.));
#4820=CARTESIAN_POINT('Origin',(30.7379397103602,-21.6145727419023,0.));
#4821=CARTESIAN_POINT('',(29.2379401059816,-21.6156621748789,0.));
#4822=CARTESIAN_POINT('Origin',(29.2161514521964,8.38432200026499,0.));
#4823=CARTESIAN_POINT('',(29.2161514521964,8.38432200026499,2.));
#4824=CARTESIAN_POINT('',(29.2215854150752,0.902501325178229,2.));
#4825=CARTESIAN_POINT('',(29.2161514521964,8.38432200026499,0.));
#4826=CARTESIAN_POINT('',(29.2215854150752,0.902501325178229,0.));
#4827=CARTESIAN_POINT('',(29.2161514521964,8.38432200026499,0.));
#4828=CARTESIAN_POINT('Origin',(30.7161510565749,8.38541143324159,0.));
#4829=CARTESIAN_POINT('Origin',(30.7161510565749,8.38541143324159,2.));
#4830=CARTESIAN_POINT('Origin',(30.7161510565749,8.38541143324159,0.));
#4831=CARTESIAN_POINT('Origin',(-3.76206068526128,-21.6134833089257,0.));
#4832=CARTESIAN_POINT('',(-3.78384933904654,8.38650086621819,2.));
#4833=CARTESIAN_POINT('',(-3.76206068526128,-21.6134833089257,2.));
#4834=CARTESIAN_POINT('',(-3.76751155436141,-14.1083850887117,2.));
#4835=CARTESIAN_POINT('',(-3.78384933904654,8.38650086621819,0.));
#4836=CARTESIAN_POINT('',(-3.78384933904654,8.38650086621819,0.));
#4837=CARTESIAN_POINT('',(-3.76206068526128,-21.6134833089257,0.));
#4838=CARTESIAN_POINT('',(-3.76751155436141,-14.1083850887117,0.));
#4839=CARTESIAN_POINT('',(-3.76206068526128,-21.6134833089257,0.));
#4840=CARTESIAN_POINT('Origin',(-5.26206028963982,-21.6145727419023,0.));
#4841=CARTESIAN_POINT('',(-6.76205989401837,-21.6156621748789,2.));
#4842=CARTESIAN_POINT('Origin',(-5.26206028963982,-21.6145727419023,2.));
#4843=CARTESIAN_POINT('',(-6.76205989401837,-21.6156621748789,0.));
#4844=CARTESIAN_POINT('Origin',(-5.26206028963982,-21.6145727419023,0.));
#4845=CARTESIAN_POINT('',(-6.76205989401837,-21.6156621748789,0.));
#4846=CARTESIAN_POINT('Origin',(-6.78384854780363,8.38432200026499,0.));
#4847=CARTESIAN_POINT('',(-6.78384854780363,8.38432200026499,2.));
#4848=CARTESIAN_POINT('',(-6.77840509001113,0.889428132907072,2.));
#4849=CARTESIAN_POINT('',(-6.78384854780363,8.38432200026499,0.));
#4850=CARTESIAN_POINT('',(-6.77840509001113,0.889428132907072,0.));
#4851=CARTESIAN_POINT('',(-6.78384854780363,8.38432200026499,0.));
#4852=CARTESIAN_POINT('Origin',(-5.28384894342509,8.38541143324159,0.));
#4853=CARTESIAN_POINT('Origin',(-5.28384894342509,8.38541143324159,2.));
#4854=CARTESIAN_POINT('Origin',(-5.28384894342509,8.38541143324159,0.));
#4855=CARTESIAN_POINT('Origin',(-2.72655706473338,-34.8913030969243,7.5));
#4856=CARTESIAN_POINT('',(-2.72655706473338,-35.6913030969243,7.5));
#4857=CARTESIAN_POINT('',(-2.72655706473338,-34.8913030969243,7.5));
#4858=CARTESIAN_POINT('',(-2.72655706473337,-20.7413030969243,7.5));
#4859=CARTESIAN_POINT('',(-2.72655706473338,-35.6913030969243,9.1));
#4860=CARTESIAN_POINT('',(-2.72655706473338,-35.6913030969243,7.5));
#4861=CARTESIAN_POINT('',(-2.72655706473338,-34.8913030969243,9.1));
#4862=CARTESIAN_POINT('',(-2.72655706473338,-36.8913030969243,9.1));
#4863=CARTESIAN_POINT('',(-2.72655706473338,-34.8913030969243,7.5));
#4864=CARTESIAN_POINT('Origin',(1.1280033627253,-35.6913030969243,7.5));
#4865=CARTESIAN_POINT('',(1.1280033627253,-34.8913030969243,7.5));
#4866=CARTESIAN_POINT('',(1.1280033627253,-35.6913030969243,7.5));
#4867=CARTESIAN_POINT('',(1.12800336272531,-21.1413030969243,7.5));
#4868=CARTESIAN_POINT('',(1.1280033627253,-34.8913030969243,9.1));
#4869=CARTESIAN_POINT('',(1.1280033627253,-34.8913030969243,7.5));
#4870=CARTESIAN_POINT('',(1.1280033627253,-35.6913030969243,9.1));
#4871=CARTESIAN_POINT('',(1.1280033627253,-36.8913030969243,9.1));
#4872=CARTESIAN_POINT('',(1.1280033627253,-35.6913030969243,7.5));
#4873=CARTESIAN_POINT('Origin',(-2.72655706473338,-35.6913030969243,7.5));
#4874=CARTESIAN_POINT('',(5.0002441593664,-35.6913030969243,7.5));
#4875=CARTESIAN_POINT('',(3.35345862293099,-35.6913030969243,9.1));
#4876=CARTESIAN_POINT('Origin',(-0.799276851004038,-35.2913030969243,9.1));
#4877=CARTESIAN_POINT('',(-5.68067798775119,-34.8913030969243,9.1));
#4878=CARTESIAN_POINT('Origin',(12.7270453834662,-6.59130309692428,7.5));
#4879=CARTESIAN_POINT('',(-5.68067798775119,-34.8913030969243,7.5));
#4880=CARTESIAN_POINT('',(-2.64795461653381,-34.8913030969243,7.5));
#4881=CARTESIAN_POINT('',(-5.68067798775119,-36.8913030969243,7.5));
#4882=CARTESIAN_POINT('',(-5.68067798775119,-36.8913030969243,7.5));
#4883=CARTESIAN_POINT('',(3.42629231145192,-36.8913030969243,7.5));
#4884=CARTESIAN_POINT('',(-2.64795461653381,-36.8913030969243,7.5));
#4885=CARTESIAN_POINT('',(3.42629231145192,-34.8913030969243,7.5));
#4886=CARTESIAN_POINT('',(3.42629231145192,-36.8913030969243,7.5));
#4887=CARTESIAN_POINT('',(-2.64795461653381,-34.8913030969243,7.5));
#4888=CARTESIAN_POINT('Origin',(47.5770453834662,-31.5913030969243,7.5));
#4889=CARTESIAN_POINT('',(47.5770453834662,-20.2749999999993,7.5));
#4890=CARTESIAN_POINT('',(47.5770453834662,-31.5913030969243,7.5));
#4891=CARTESIAN_POINT('',(47.5770453834662,-19.0913030969243,7.5));
#4892=CARTESIAN_POINT('',(47.5770453834662,-20.2749999999993,9.1));
#4893=CARTESIAN_POINT('',(47.5770453834662,-20.2749999999993,7.5));
#4894=CARTESIAN_POINT('',(47.5770453834662,-31.5913030969243,9.1));
#4895=CARTESIAN_POINT('',(47.5770453834662,-20.2749999999993,9.1));
#4896=CARTESIAN_POINT('',(47.5770453834662,-31.5913030969243,7.5));
#4897=CARTESIAN_POINT('Origin',(43.4770453834662,-31.5913030969243,7.5));
#4898=CARTESIAN_POINT('',(43.4770515550569,-35.6913030969198,7.5));
#4899=CARTESIAN_POINT('Origin',(43.4770453834662,-31.5913030969243,7.5));
#4900=CARTESIAN_POINT('',(43.4770515550569,-35.6913030969198,9.1));
#4901=CARTESIAN_POINT('Origin',(43.4770453834662,-31.5913030969243,9.1));
#4902=CARTESIAN_POINT('',(43.4770515550569,-35.6913030969198,7.5));
#4903=CARTESIAN_POINT('Origin',(38.2889087999219,-35.6913030969231,7.5));
#4904=CARTESIAN_POINT('',(38.2889087999219,-35.6913030969231,7.5));
#4905=CARTESIAN_POINT('',(25.507977091703,-35.691303096931,7.5));
#4906=CARTESIAN_POINT('',(38.2889087999219,-35.6913030969231,9.1));
#4907=CARTESIAN_POINT('',(43.4770515550569,-35.6913030969198,9.1));
#4908=CARTESIAN_POINT('',(38.2889087999219,-35.6913030969231,7.5));
#4909=CARTESIAN_POINT('Origin',(38.2889087999219,-34.8913030969243,7.5));
#4910=CARTESIAN_POINT('',(38.2889087999219,-34.8913030969243,7.5));
#4911=CARTESIAN_POINT('',(38.2889087999218,-20.7413030969243,7.5));
#4912=CARTESIAN_POINT('',(38.2889087999219,-34.8913030969243,9.1));
#4913=CARTESIAN_POINT('',(38.2889087999219,-34.8913030969243,9.1));
#4914=CARTESIAN_POINT('',(38.2889087999219,-34.8913030969243,7.5));
#4915=CARTESIAN_POINT('Origin',(42.932977091694,-27.9831515484612,9.1));
#4916=CARTESIAN_POINT('',(46.7770453834662,-20.2749999999993,9.1));
#4917=CARTESIAN_POINT('',(46.7770453834716,-31.5913030969243,9.1));
#4918=CARTESIAN_POINT('',(46.7770453834716,-31.5913030969243,9.1));
#4919=CARTESIAN_POINT('',(43.4770529903107,-34.891303096921,9.1));
#4920=CARTESIAN_POINT('Origin',(43.4770453834662,-31.5913030969243,9.1));
#4921=CARTESIAN_POINT('',(36.5888333820071,-34.8913030969243,9.1));
#4922=CARTESIAN_POINT('',(46.7770453834662,-20.2749999999993,9.1));
#4923=CARTESIAN_POINT('Origin',(47.5770453834662,-6.77499999999933,7.5));
#4924=CARTESIAN_POINT('',(47.5770453834662,-1.54999999999932,7.5));
#4925=CARTESIAN_POINT('',(47.5770453834662,-6.77499999999933,7.5));
#4926=CARTESIAN_POINT('',(47.5770453834662,-6.6831515484618,7.5));
#4927=CARTESIAN_POINT('',(47.5770453834662,-1.54999999999932,9.1));
#4928=CARTESIAN_POINT('',(47.5770453834662,-1.54999999999932,7.5));
#4929=CARTESIAN_POINT('',(47.5770453834662,-6.77499999999933,9.1));
#4930=CARTESIAN_POINT('',(47.5770453834662,-1.54999999999932,9.1));
#4931=CARTESIAN_POINT('',(47.5770453834662,-6.77499999999933,7.5));
#4932=CARTESIAN_POINT('Origin',(47.1770453834662,-4.16249999999932,9.1));
#4933=CARTESIAN_POINT('',(46.7770453834662,-1.54999999999932,9.1));
#4934=CARTESIAN_POINT('',(46.7770453834662,-1.54999999999932,9.1));
#4935=CARTESIAN_POINT('',(46.7770453834662,-6.77499999999933,9.1));
#4936=CARTESIAN_POINT('',(46.7770453834662,-6.77499999999933,9.1));
#4937=CARTESIAN_POINT('',(48.7770453834662,-6.77499999999933,9.1));
#4938=CARTESIAN_POINT('Origin',(12.7270453834662,-6.59130309692428,7.5));
#4939=CARTESIAN_POINT('',(48.7770453834662,-6.77499999999933,7.5));
#4940=CARTESIAN_POINT('',(30.7520453834662,-6.77499999999933,7.5));
#4941=CARTESIAN_POINT('',(48.7770453834662,-1.54999999999932,7.5));
#4942=CARTESIAN_POINT('',(48.7770453834662,-19.0913030969243,7.5));
#4943=CARTESIAN_POINT('',(30.7520453834662,-1.54999999999932,7.5));
#4944=CARTESIAN_POINT('Origin',(-22.154176264865,17.3268063973237,7.5));
#4945=CARTESIAN_POINT('',(-21.3229546165338,17.3268063973237,7.5));
#4946=CARTESIAN_POINT('',(-22.154176264865,17.3268063973237,7.5));
#4947=CARTESIAN_POINT('',(-4.7135654406994,17.3268063973237,7.5));
#4948=CARTESIAN_POINT('',(-21.3229546165338,17.3268063973237,9.1));
#4949=CARTESIAN_POINT('',(-21.3229546165338,17.3268063973237,7.5));
#4950=CARTESIAN_POINT('',(-22.154176264865,17.3268063973237,9.1));
#4951=CARTESIAN_POINT('',(-23.3229546165338,17.3268063973237,9.1));
#4952=CARTESIAN_POINT('',(-22.154176264865,17.3268063973237,7.5));
#4953=CARTESIAN_POINT('Origin',(-22.1541762648654,18.4086919468091,7.5));
#4954=CARTESIAN_POINT('',(-22.1541762648654,18.4086919468091,7.5));
#4955=CARTESIAN_POINT('',(-22.1541762648613,5.90869442493674,7.5));
#4956=CARTESIAN_POINT('',(-22.1541762648654,18.4086919468091,9.1));
#4957=CARTESIAN_POINT('',(-22.1541762648491,-31.5913056566314,9.1));
#4958=CARTESIAN_POINT('',(-22.1541762648654,18.4086919468091,7.5));
#4959=CARTESIAN_POINT('Origin',(-18.0229546165338,18.4086969030757,7.5));
#4960=CARTESIAN_POINT('',(-18.0229560525903,22.539918551391,7.5));
#4961=CARTESIAN_POINT('Origin',(-18.0229546165338,18.4086969030757,7.5));
#4962=CARTESIAN_POINT('',(-18.0229560525903,22.539918551391,9.1));
#4963=CARTESIAN_POINT('Origin',(-18.0229546165338,18.4086969030757,9.1));
#4964=CARTESIAN_POINT('',(-18.0229560525903,22.539918551391,7.5));
#4965=CARTESIAN_POINT('Origin',(43.4770324561067,22.5399185513708,7.5));
#4966=CARTESIAN_POINT('',(43.4770324561067,22.5399185513708,7.5));
#4967=CARTESIAN_POINT('',(28.1020389197913,22.5399185513758,7.5));
#4968=CARTESIAN_POINT('',(43.4770324561068,22.5399185513708,9.1));
#4969=CARTESIAN_POINT('',(-18.0229560525903,22.539918551391,9.1));
#4970=CARTESIAN_POINT('',(43.4770324561067,22.5399185513708,7.5));
#4971=CARTESIAN_POINT('Origin',(43.4770453834662,18.4086969030757,7.5));
#4972=CARTESIAN_POINT('',(47.6082670316756,18.4087264709107,7.5));
#4973=CARTESIAN_POINT('Origin',(43.4770453834662,18.4086969030757,7.5));
#4974=CARTESIAN_POINT('',(47.6082670316757,18.4087264709107,9.1));
#4975=CARTESIAN_POINT('Origin',(43.4770453834662,18.4086969030757,9.1));
#4976=CARTESIAN_POINT('',(47.6082670316756,18.4087264709107,7.5));
#4977=CARTESIAN_POINT('Origin',(47.608267031797,11.9500000000007,7.5));
#4978=CARTESIAN_POINT('',(47.608267031797,11.9500000000007,7.5));
#4979=CARTESIAN_POINT('',(47.6082670319712,2.67934845186593,7.5));
#4980=CARTESIAN_POINT('',(47.608267031797,11.9500000000007,9.1));
#4981=CARTESIAN_POINT('',(47.6082670316756,18.4087264709107,9.1));
#4982=CARTESIAN_POINT('',(47.608267031797,11.9500000000007,7.5));
#4983=CARTESIAN_POINT('Origin',(12.7270453834643,17.2449592757053,9.1));
#4984=CARTESIAN_POINT('',(-21.3229546165338,18.4086969030757,9.1));
#4985=CARTESIAN_POINT('',(-21.3229546165338,18.4086969030757,9.1));
#4986=CARTESIAN_POINT('',(-18.0229546165338,21.7086969030757,9.1));
#4987=CARTESIAN_POINT('Origin',(-18.0229546165338,18.4086969030757,9.1));
#4988=CARTESIAN_POINT('',(43.4770529942469,21.708696903067,9.1));
#4989=CARTESIAN_POINT('',(43.4770529942469,21.708696903067,9.1));
#4990=CARTESIAN_POINT('',(46.7770453834662,18.4086969030757,9.1));
#4991=CARTESIAN_POINT('Origin',(43.4770453834662,18.4086969030757,9.1));
#4992=CARTESIAN_POINT('',(46.7770453834662,11.9500000000007,9.1));
#4993=CARTESIAN_POINT('',(46.7770453834662,11.9500000000007,9.1));
#4994=CARTESIAN_POINT('',(48.7770453834662,11.9500000000007,9.1));
#4995=CARTESIAN_POINT('Origin',(21.0529931869839,-34.8913030969243,7.5));
#4996=CARTESIAN_POINT('',(21.0529931869839,-35.6913030969243,7.5));
#4997=CARTESIAN_POINT('',(21.0529931869839,-34.8913030969243,7.5));
#4998=CARTESIAN_POINT('',(21.0529931869839,-20.7413030969243,7.5));
#4999=CARTESIAN_POINT('',(21.0529931869839,-35.6913030969243,9.1));
#5000=CARTESIAN_POINT('',(21.0529931869839,-35.6913030969243,7.5));
#5001=CARTESIAN_POINT('',(21.0529931869839,-34.8913030969243,9.1));
#5002=CARTESIAN_POINT('',(21.0529931869839,-34.8913030969243,9.1));
#5003=CARTESIAN_POINT('',(21.0529931869839,-34.8913030969243,7.5));
#5004=CARTESIAN_POINT('Origin',(27.5933113345232,-35.6913030969243,7.5));
#5005=CARTESIAN_POINT('',(27.5933113345232,-34.8913030969243,7.5));
#5006=CARTESIAN_POINT('',(27.5933113345232,-35.6913030969243,7.5));
#5007=CARTESIAN_POINT('',(27.5933113345232,-21.1413030969243,7.5));
#5008=CARTESIAN_POINT('',(27.5933113345232,-34.8913030969243,9.1));
#5009=CARTESIAN_POINT('',(27.5933113345232,-34.8913030969243,7.5));
#5010=CARTESIAN_POINT('',(27.5933113345232,-35.6913030969243,9.1));
#5011=CARTESIAN_POINT('',(27.5933113345232,-36.8913030969243,9.1));
#5012=CARTESIAN_POINT('',(27.5933113345232,-35.6913030969243,7.5));
#5013=CARTESIAN_POINT('Origin',(21.0529931869839,-35.6913030969243,7.5));
#5014=CARTESIAN_POINT('',(16.890019285225,-35.6913030969243,7.5));
#5015=CARTESIAN_POINT('',(29.9543243968906,-35.6913030969243,9.1));
#5016=CARTESIAN_POINT('Origin',(24.3231522607535,-35.2913030969243,9.1));
#5017=CARTESIAN_POINT('',(18.6737076885488,-34.8913030969243,9.1));
#5018=CARTESIAN_POINT('Origin',(12.7270453834662,-6.59130309692428,7.5));
#5019=CARTESIAN_POINT('',(18.6737076885488,-34.8913030969243,7.5));
#5020=CARTESIAN_POINT('',(-2.64795461653381,-34.8913030969243,7.5));
#5021=CARTESIAN_POINT('',(18.6737076885488,-36.8913030969243,7.5));
#5022=CARTESIAN_POINT('',(18.6737076885488,-36.8913030969243,7.5));
#5023=CARTESIAN_POINT('',(30.3111666179936,-36.8913030969243,7.5));
#5024=CARTESIAN_POINT('',(-2.64795461653381,-36.8913030969243,7.5));
#5025=CARTESIAN_POINT('',(30.3111666179936,-34.8913030969243,7.5));
#5026=CARTESIAN_POINT('',(30.3111666179936,-36.8913030969243,7.5));
#5027=CARTESIAN_POINT('',(-2.64795461653381,-34.8913030969243,7.5));
#5028=CARTESIAN_POINT('Origin',(-16.8021500818226,-35.722524745247,7.5));
#5029=CARTESIAN_POINT('',(-16.8021500818226,-34.8913030969243,7.5));
#5030=CARTESIAN_POINT('',(-16.8021500818226,-35.722524745247,7.5));
#5031=CARTESIAN_POINT('',(-16.8021500818226,-21.1569139210857,7.5));
#5032=CARTESIAN_POINT('',(-16.8021500818226,-34.8913030969243,9.1));
#5033=CARTESIAN_POINT('',(-16.8021500818226,-34.8913030969243,7.5));
#5034=CARTESIAN_POINT('',(-16.8021500818226,-35.722524745247,9.1));
#5035=CARTESIAN_POINT('',(-16.8021500818226,-34.8913030969243,9.1));
#5036=CARTESIAN_POINT('',(-16.8021500818226,-35.722524745247,7.5));
#5037=CARTESIAN_POINT('Origin',(-18.0229481428293,-35.7225247452508,7.5));
#5038=CARTESIAN_POINT('',(-18.0229481428293,-35.7225247452508,7.5));
#5039=CARTESIAN_POINT('',(-2.64795137963717,-35.7225247452039,7.5));
#5040=CARTESIAN_POINT('',(-18.0229481428293,-35.7225247452508,9.1));
#5041=CARTESIAN_POINT('',(-14.3528672215336,-35.7225247452396,9.1));
#5042=CARTESIAN_POINT('',(-18.0229481428293,-35.7225247452508,7.5));
#5043=CARTESIAN_POINT('Origin',(-18.0229546165338,-31.5913030969243,7.5));
#5044=CARTESIAN_POINT('',(-22.1541762648491,-31.5913056566314,7.5));
#5045=CARTESIAN_POINT('Origin',(-18.0229546165338,-31.5913030969243,7.5));
#5046=CARTESIAN_POINT('',(-22.1541762648491,-31.5913056566314,9.1));
#5047=CARTESIAN_POINT('Origin',(-18.0229546165338,-31.5913030969243,9.1));
#5048=CARTESIAN_POINT('',(-22.1541762648491,-31.5913056566314,7.5));
#5049=CARTESIAN_POINT('Origin',(-22.1541762648588,-1.87400656777942,7.5));
#5050=CARTESIAN_POINT('',(-22.1541762648588,-1.87400656777942,7.5));
#5051=CARTESIAN_POINT('',(-22.154176264858,-4.23265483235752,7.5));
#5052=CARTESIAN_POINT('',(-22.1541762648588,-1.87400656777942,9.1));
#5053=CARTESIAN_POINT('',(-22.1541762648491,-31.5913056566314,9.1));
#5054=CARTESIAN_POINT('',(-22.1541762648588,-1.87400656777942,7.5));
#5055=CARTESIAN_POINT('Origin',(-21.3229546165338,-1.87400656777942,7.5));
#5056=CARTESIAN_POINT('',(-21.3229546165338,-1.87400656777942,7.5));
#5057=CARTESIAN_POINT('',(-4.29795461653382,-1.87400656777943,7.5));
#5058=CARTESIAN_POINT('',(-21.3229546165338,-1.87400656777942,9.1));
#5059=CARTESIAN_POINT('',(-23.3229546165338,-1.87400656777942,9.1));
#5060=CARTESIAN_POINT('',(-21.3229546165338,-1.87400656777942,7.5));
#5061=CARTESIAN_POINT('Origin',(-19.4781631733436,-18.7982656565176,9.1));
#5062=CARTESIAN_POINT('',(-18.0229546165338,-34.8913030969243,9.1));
#5063=CARTESIAN_POINT('',(-18.0229546165338,-34.8913030969243,9.1));
#5064=CARTESIAN_POINT('',(-21.3229546165338,-31.5913030969243,9.1));
#5065=CARTESIAN_POINT('Origin',(-18.0229546165338,-31.5913030969243,9.1));
#5066=CARTESIAN_POINT('',(-21.3229546165338,18.4086969030757,9.1));
#5067=CARTESIAN_POINT('Origin',(24.2888840532077,-35.8913030969243,5.49706795730084));
#5068=CARTESIAN_POINT('',(23.308564448263,-35.8913030969243,4.04909636761793));
#5069=CARTESIAN_POINT('',(21.908564448263,-35.8913030969243,5.44909636761793));
#5070=CARTESIAN_POINT('Origin',(23.308564448263,-35.8913030969243,5.44909636761793));
#5071=CARTESIAN_POINT('',(25.2692036581523,-35.8913030969243,4.04909636761793));
#5072=CARTESIAN_POINT('',(24.77904385568,-35.8913030969243,4.04909636761793));
#5073=CARTESIAN_POINT('',(26.6692036581523,-35.8913030969243,5.44909636761793));
#5074=CARTESIAN_POINT('Origin',(25.2692036581523,-35.8913030969243,5.44909636761793));
#5075=CARTESIAN_POINT('',(26.6692036581523,-35.8913030969243,5.54503954698374));
#5076=CARTESIAN_POINT('',(26.6692036581523,-35.8913030969243,5.52105375214229));
#5077=CARTESIAN_POINT('',(25.2692036581523,-35.8913030969243,6.94503954698374));
#5078=CARTESIAN_POINT('Origin',(25.2692036581523,-35.8913030969243,5.54503954698374));
#5079=CARTESIAN_POINT('',(23.308564448263,-35.8913030969243,6.94503954698374));
#5080=CARTESIAN_POINT('',(23.7987242507353,-35.8913030969243,6.94503954698374));
#5081=CARTESIAN_POINT('',(21.908564448263,-35.8913030969243,5.54503954698374));
#5082=CARTESIAN_POINT('Origin',(23.308564448263,-35.8913030969243,5.54503954698374));
#5083=CARTESIAN_POINT('',(21.908564448263,-35.8913030969243,5.47308216245938));
#5084=CARTESIAN_POINT('Origin',(25.2692036581523,-36.8913030969243,5.54503954698374));
#5085=CARTESIAN_POINT('',(26.6692036581523,-36.8913030969243,5.54503954698374));
#5086=CARTESIAN_POINT('',(26.6692036581523,-36.8913030969243,5.54503954698374));
#5087=CARTESIAN_POINT('',(25.2692036581523,-36.8913030969243,6.94503954698374));
#5088=CARTESIAN_POINT('Origin',(25.2692036581523,-36.8913030969243,5.54503954698374));
#5089=CARTESIAN_POINT('',(25.2692036581523,-36.8913030969243,6.94503954698374));
#5090=CARTESIAN_POINT('Origin',(26.6692036581523,-36.8913030969243,5.54503954698374));
#5091=CARTESIAN_POINT('',(26.6692036581523,-36.8913030969243,5.44909636761793));
#5092=CARTESIAN_POINT('',(26.6692036581523,-36.8913030969243,5.44909636761793));
#5093=CARTESIAN_POINT('',(26.6692036581523,-36.8913030969243,2.77251977349187));
#5094=CARTESIAN_POINT('Origin',(25.2692036581523,-36.8913030969243,5.44909636761793));
#5095=CARTESIAN_POINT('',(25.2692036581523,-36.8913030969243,4.04909636761793));
#5096=CARTESIAN_POINT('',(25.2692036581523,-36.8913030969243,4.04909636761793));
#5097=CARTESIAN_POINT('Origin',(25.2692036581523,-36.8913030969243,5.44909636761793));
#5098=CARTESIAN_POINT('Origin',(25.2692036581523,-36.8913030969243,4.04909636761793));
#5099=CARTESIAN_POINT('',(23.308564448263,-36.8913030969243,4.04909636761793));
#5100=CARTESIAN_POINT('',(23.308564448263,-36.8913030969243,4.04909636761793));
#5101=CARTESIAN_POINT('',(3.62312452080927,-36.8913030969243,4.04909636761793));
#5102=CARTESIAN_POINT('Origin',(-0.711115946792343,-35.8913030969243,5.49761519070699));
#5103=CARTESIAN_POINT('',(-3.09143555173703,-35.8913030969243,5.54503954698374));
#5104=CARTESIAN_POINT('',(-1.69143555173703,-35.8913030969243,6.94503954698374));
#5105=CARTESIAN_POINT('Origin',(-1.69143555173703,-35.8913030969243,5.54503954698374));
#5106=CARTESIAN_POINT('',(-3.09143555173703,-35.8913030969243,5.45019083443024));
#5107=CARTESIAN_POINT('',(-3.09143555173703,-35.8913030969243,5.47390301256861));
#5108=CARTESIAN_POINT('',(-1.69143555173703,-35.8913030969243,4.05019083443023));
#5109=CARTESIAN_POINT('Origin',(-1.69143555173703,-35.8913030969243,5.45019083443024));
#5110=CARTESIAN_POINT('',(0.269203658152344,-35.8913030969243,4.05019083443023));
#5111=CARTESIAN_POINT('',(-0.22095614432,-35.8913030969243,4.05019083443023));
#5112=CARTESIAN_POINT('',(1.66920365815234,-35.8913030969243,5.45019083443024));
#5113=CARTESIAN_POINT('Origin',(0.269203658152344,-35.8913030969243,5.45019083443024));
#5114=CARTESIAN_POINT('',(1.66920365815234,-35.8913030969243,5.54503954698374));
#5115=CARTESIAN_POINT('',(1.66920365815234,-35.8913030969243,5.52132736884537));
#5116=CARTESIAN_POINT('',(0.269203658152344,-35.8913030969243,6.94503954698374));
#5117=CARTESIAN_POINT('Origin',(0.269203658152344,-35.8913030969243,5.54503954698374));
#5118=CARTESIAN_POINT('',(-1.20127574926469,-35.8913030969243,6.94503954698374));
#5119=CARTESIAN_POINT('Origin',(0.269203658152344,-36.8913030969243,5.45019083443024));
#5120=CARTESIAN_POINT('',(0.269203658152344,-36.8913030969243,4.05019083443023));
#5121=CARTESIAN_POINT('',(0.269203658152344,-36.8913030969243,4.05019083443023));
#5122=CARTESIAN_POINT('',(1.66920365815234,-36.8913030969243,5.45019083443024));
#5123=CARTESIAN_POINT('Origin',(0.269203658152344,-36.8913030969243,5.45019083443024));
#5124=CARTESIAN_POINT('',(1.66920365815234,-36.8913030969243,5.45019083443024));
#5125=CARTESIAN_POINT('Origin',(0.269203658152344,-36.8913030969243,4.05019083443023));
#5126=CARTESIAN_POINT('',(-1.69143555173703,-36.8913030969243,4.05019083443023));
#5127=CARTESIAN_POINT('',(-1.69143555173703,-36.8913030969243,4.05019083443023));
#5128=CARTESIAN_POINT('',(-8.87687547919073,-36.8913030969243,4.05019083443023));
#5129=CARTESIAN_POINT('Origin',(-1.69143555173703,-36.8913030969243,5.45019083443024));
#5130=CARTESIAN_POINT('',(-3.09143555173703,-36.8913030969243,5.45019083443024));
#5131=CARTESIAN_POINT('',(-3.09143555173703,-36.8913030969243,5.45019083443024));
#5132=CARTESIAN_POINT('Origin',(-1.69143555173703,-36.8913030969243,5.45019083443024));
#5133=CARTESIAN_POINT('Origin',(-3.09143555173703,-36.8913030969243,5.45019083443024));
#5134=CARTESIAN_POINT('',(-3.09143555173703,-36.8913030969243,5.54503954698374));
#5135=CARTESIAN_POINT('',(-3.09143555173703,-36.8913030969243,5.54503954698374));
#5136=CARTESIAN_POINT('',(-3.09143555173703,-36.8913030969243,2.72509541721512));
#5137=CARTESIAN_POINT('Origin',(12.4177848047995,22.5086969030757,5.48786380089764));
#5138=CARTESIAN_POINT('',(23.8742832742102,22.5086969030757,5.68786380089766));
#5139=CARTESIAN_POINT('',(22.8742832742102,22.5086969030757,6.68786380089766));
#5140=CARTESIAN_POINT('Origin',(22.8742832742102,22.5086969030757,5.68786380089766));
#5141=CARTESIAN_POINT('',(23.8742832742102,22.5086969030757,5.28786380089767));
#5142=CARTESIAN_POINT('',(23.8742832742102,22.5086969030757,5.38786380089772));
#5143=CARTESIAN_POINT('',(22.8742832742102,22.5086969030757,4.28786380089767));
#5144=CARTESIAN_POINT('Origin',(22.8742832742102,22.5086969030757,5.28786380089767));
#5145=CARTESIAN_POINT('',(1.96128633538883,22.5086969030757,4.28786380089754));
#5146=CARTESIAN_POINT('',(7.18953557009418,22.5086969030757,4.28786380089757));
#5147=CARTESIAN_POINT('',(0.961286335388851,22.5086969030757,5.28786380089742));
#5148=CARTESIAN_POINT('Origin',(1.96128633538899,22.5086969030757,5.28786380089767));
#5149=CARTESIAN_POINT('',(0.961286335388896,22.5086969030757,5.68786380089736));
#5150=CARTESIAN_POINT('',(0.961286335388899,22.5086969030757,5.58786380089736));
#5151=CARTESIAN_POINT('',(1.96128633538881,22.5086969030757,6.68786380089775));
#5152=CARTESIAN_POINT('Origin',(1.96128633538898,22.5086969030757,5.68786380089766));
#5153=CARTESIAN_POINT('',(17.6460340395049,22.5086969030757,6.68786380089763));
#5154=CARTESIAN_POINT('Origin',(1.96128633538899,23.7086969030757,5.28786380089767));
#5155=CARTESIAN_POINT('',(1.96128633538883,23.7086969030757,4.28786380089754));
#5156=CARTESIAN_POINT('',(1.96128633538883,23.7086969030757,4.28786380089754));
#5157=CARTESIAN_POINT('',(0.961286335388853,23.7086969030757,5.28786380089742));
#5158=CARTESIAN_POINT('Origin',(1.96128633538899,23.7086969030757,5.28786380089767));
#5159=CARTESIAN_POINT('',(0.961286335388853,23.7086969030757,5.28786380089742));
#5160=CARTESIAN_POINT('Origin',(1.96128633538883,23.7086969030757,4.28786380089754));
#5161=CARTESIAN_POINT('',(22.8742832742102,23.7086969030757,4.28786380089767));
#5162=CARTESIAN_POINT('',(22.8742832742102,23.7086969030757,4.28786380089767));
#5163=CARTESIAN_POINT('',(22.7191696648179,23.7086969030757,4.28786380089766));
#5164=CARTESIAN_POINT('Origin',(22.8742832742102,23.7086969030757,5.28786380089767));
#5165=CARTESIAN_POINT('',(23.8742832742102,23.7086969030757,5.28786380089767));
#5166=CARTESIAN_POINT('',(23.8742832742102,23.7086969030757,5.28786380089767));
#5167=CARTESIAN_POINT('Origin',(22.8742832742102,23.7086969030757,5.28786380089767));
#5168=CARTESIAN_POINT('Origin',(23.8742832742102,23.7086969030757,5.28786380089767));
#5169=CARTESIAN_POINT('',(23.8742832742102,23.7086969030757,5.68786380089766));
#5170=CARTESIAN_POINT('',(23.8742832742102,23.7086969030757,5.68786380089766));
#5171=CARTESIAN_POINT('',(23.8742832742102,23.7086969030757,2.64393190044873));
#5172=CARTESIAN_POINT('Origin',(23.308564448263,-36.8913030969243,6.94503954698374));
#5173=CARTESIAN_POINT('',(23.308564448263,-36.8913030969243,6.94503954698374));
#5174=CARTESIAN_POINT('',(2.64280491586458,-36.8913030969243,6.94503954698374));
#5175=CARTESIAN_POINT('',(23.308564448263,-36.8913030969243,6.94503954698374));
#5176=CARTESIAN_POINT('Origin',(23.308564448263,-36.8913030969243,5.54503954698374));
#5177=CARTESIAN_POINT('',(21.908564448263,-36.8913030969243,5.54503954698374));
#5178=CARTESIAN_POINT('Origin',(23.308564448263,-36.8913030969243,5.54503954698374));
#5179=CARTESIAN_POINT('',(21.908564448263,-36.8913030969243,5.54503954698374));
#5180=CARTESIAN_POINT('Origin',(21.908564448263,-36.8913030969243,5.44909636761793));
#5181=CARTESIAN_POINT('',(21.908564448263,-36.8913030969243,5.44909636761793));
#5182=CARTESIAN_POINT('',(21.908564448263,-36.8913030969243,2.72454818380896));
#5183=CARTESIAN_POINT('',(21.908564448263,-36.8913030969243,5.44909636761793));
#5184=CARTESIAN_POINT('Origin',(23.308564448263,-36.8913030969243,5.44909636761793));
#5185=CARTESIAN_POINT('Origin',(23.308564448263,-36.8913030969243,5.44909636761793));
#5186=CARTESIAN_POINT('Origin',(0.961286335388897,23.7086969030757,5.68786380089736));
#5187=CARTESIAN_POINT('',(0.961286335388897,23.7086969030757,5.68786380089736));
#5188=CARTESIAN_POINT('',(0.961286335388971,23.7086969030757,2.84393190044815));
#5189=CARTESIAN_POINT('',(0.961286335388897,23.7086969030757,5.68786380089736));
#5190=CARTESIAN_POINT('Origin',(1.96128633538898,23.7086969030757,5.68786380089766));
#5191=CARTESIAN_POINT('',(1.96128633538881,23.7086969030757,6.68786380089775));
#5192=CARTESIAN_POINT('Origin',(1.96128633538898,23.7086969030757,5.68786380089766));
#5193=CARTESIAN_POINT('',(1.96128633538881,23.7086969030757,6.68786380089775));
#5194=CARTESIAN_POINT('Origin',(22.8742832742102,23.7086969030757,6.68786380089766));
#5195=CARTESIAN_POINT('',(22.8742832742102,23.7086969030757,6.68786380089766));
#5196=CARTESIAN_POINT('',(33.1756681342285,23.7086969030757,6.68786380089773));
#5197=CARTESIAN_POINT('',(22.8742832742102,23.7086969030757,6.68786380089766));
#5198=CARTESIAN_POINT('Origin',(22.8742832742102,23.7086969030757,5.68786380089766));
#5199=CARTESIAN_POINT('Origin',(22.8742832742102,23.7086969030757,5.68786380089766));
#5200=CARTESIAN_POINT('Origin',(1.66920365815234,-36.8913030969243,5.54503954698374));
#5201=CARTESIAN_POINT('',(1.66920365815234,-36.8913030969243,5.54503954698374));
#5202=CARTESIAN_POINT('',(1.66920365815234,-36.8913030969243,2.77251977349187));
#5203=CARTESIAN_POINT('',(1.66920365815234,-36.8913030969243,5.54503954698374));
#5204=CARTESIAN_POINT('Origin',(0.269203658152344,-36.8913030969243,5.54503954698374));
#5205=CARTESIAN_POINT('',(0.269203658152344,-36.8913030969243,6.94503954698374));
#5206=CARTESIAN_POINT('Origin',(0.269203658152344,-36.8913030969243,5.54503954698374));
#5207=CARTESIAN_POINT('',(0.269203658152344,-36.8913030969243,6.94503954698374));
#5208=CARTESIAN_POINT('Origin',(-1.69143555173703,-36.8913030969243,6.94503954698374));
#5209=CARTESIAN_POINT('',(-1.69143555173703,-36.8913030969243,6.94503954698374));
#5210=CARTESIAN_POINT('',(-9.85719508413542,-36.8913030969243,6.94503954698374));
#5211=CARTESIAN_POINT('',(-1.69143555173703,-36.8913030969243,6.94503954698374));
#5212=CARTESIAN_POINT('Origin',(-1.69143555173703,-36.8913030969243,5.54503954698374));
#5213=CARTESIAN_POINT('Origin',(-1.69143555173703,-36.8913030969243,5.54503954698374));
#5214=CARTESIAN_POINT('Origin',(12.7270453834662,-6.59130309692428,7.5));
#5215=CARTESIAN_POINT('',(36.5888333820071,-34.8913030969243,7.5));
#5216=CARTESIAN_POINT('',(-2.64795461653381,-34.8913030969243,7.5));
#5217=CARTESIAN_POINT('',(36.5888333820071,-36.8913030969243,7.5));
#5218=CARTESIAN_POINT('',(36.5888333820071,-36.8913030969243,7.5));
#5219=CARTESIAN_POINT('',(43.4770529903107,-36.8913030969243,7.5));
#5220=CARTESIAN_POINT('',(-2.64795461653381,-36.8913030969243,7.5));
#5221=CARTESIAN_POINT('',(48.7770453834662,-31.5913030969243,7.5));
#5222=CARTESIAN_POINT('Origin',(43.4770453834662,-31.5913030969243,7.5));
#5223=CARTESIAN_POINT('',(48.7770453834662,-20.2749999999993,7.5));
#5224=CARTESIAN_POINT('',(48.7770453834662,-19.0913030969243,7.5));
#5225=CARTESIAN_POINT('',(30.7520453834662,-20.2749999999993,7.5));
#5226=CARTESIAN_POINT('Origin',(12.7270453834662,-6.59130309692428,7.5));
#5227=CARTESIAN_POINT('',(48.7770453834662,11.9500000000007,7.5));
#5228=CARTESIAN_POINT('',(30.7520453834662,11.9500000000007,7.5));
#5229=CARTESIAN_POINT('',(48.7770453834662,18.4086969030757,7.5));
#5230=CARTESIAN_POINT('',(48.7770453834662,-19.0913030969243,7.5));
#5231=CARTESIAN_POINT('',(43.4770529942469,23.7086969030757,7.5));
#5232=CARTESIAN_POINT('Origin',(43.4770453834662,18.4086969030757,7.5));
#5233=CARTESIAN_POINT('',(-18.0229546165338,23.7086969030757,7.5));
#5234=CARTESIAN_POINT('',(28.1020491888565,23.7086969030757,7.5));
#5235=CARTESIAN_POINT('',(-23.3229546165338,18.4086969030757,7.5));
#5236=CARTESIAN_POINT('Origin',(-18.0229546165338,18.4086969030757,7.5));
#5237=CARTESIAN_POINT('',(-23.3229546165338,-31.5913030969243,7.5));
#5238=CARTESIAN_POINT('',(-23.3229546165338,5.90869690307573,7.5));
#5239=CARTESIAN_POINT('',(-18.0229546165338,-36.8913030969243,7.5));
#5240=CARTESIAN_POINT('Origin',(-18.0229546165338,-31.5913030969243,7.5));
#5241=CARTESIAN_POINT('',(-13.7193220122483,-36.8913030969243,7.5));
#5242=CARTESIAN_POINT('',(-2.64795461653381,-36.8913030969243,7.5));
#5243=CARTESIAN_POINT('',(-13.7193220122483,-34.8913030969243,7.5));
#5244=CARTESIAN_POINT('',(-13.7193220122483,-36.8913030969243,7.5));
#5245=CARTESIAN_POINT('',(-2.64795461653381,-34.8913030969243,7.5));
#5246=CARTESIAN_POINT('',(-21.3229546165338,5.90869690307573,7.5));
#5247=CARTESIAN_POINT('Origin',(48.7770453834662,-6.77499999999933,11.395));
#5248=CARTESIAN_POINT('',(46.7770453834662,-6.77499999999933,7.125));
#5249=CARTESIAN_POINT('',(46.7770453834662,-6.77499999999933,5.6975));
#5250=CARTESIAN_POINT('',(48.7770453834662,-6.77499999999933,7.125));
#5251=CARTESIAN_POINT('',(48.7770453834662,-6.77499999999933,7.125));
#5252=CARTESIAN_POINT('',(48.7770453834662,-6.77499999999933,5.6975));
#5253=CARTESIAN_POINT('Origin',(43.4770453834662,-31.5913030969243,0.));
#5254=CARTESIAN_POINT('',(43.4770529903107,-36.8913030969243,4.));
#5255=CARTESIAN_POINT('',(43.4770529903107,-36.8913030969243,0.));
#5256=CARTESIAN_POINT('',(48.7770453834662,-31.5913030969243,4.));
#5257=CARTESIAN_POINT('Origin',(43.4770453834662,-31.5913030969243,4.));
#5258=CARTESIAN_POINT('',(48.7770453834662,-31.5913030969243,0.));
#5259=CARTESIAN_POINT('Origin',(33.4500000000004,-36.8913030969243,7.235));
#5260=CARTESIAN_POINT('Origin',(33.4500000000004,-36.8913030969243,7.235));
#5261=CARTESIAN_POINT('Origin',(33.4500000000004,-34.8913030969243,7.235));
#5262=CARTESIAN_POINT('Origin',(4.35000000000038,-36.8913030969243,7.883098037213));
#5263=CARTESIAN_POINT('',(4.07599905497292,-36.8913030969243,6.92136861470163));
#5264=CARTESIAN_POINT('Origin',(4.35000000000038,-36.8913030969243,7.883098037213));
#5265=CARTESIAN_POINT('',(4.07599905497292,-34.8913030969243,6.92136861470163));
#5266=CARTESIAN_POINT('',(4.07599905497292,-36.8913030969243,6.92136861470163));
#5267=CARTESIAN_POINT('Origin',(4.35000000000038,-34.8913030969243,7.883098037213));
#5268=CARTESIAN_POINT('Origin',(-21.3229546165338,18.4086969030757,0.));
#5269=CARTESIAN_POINT('',(-21.3229546165338,-31.5913030969243,4.));
#5270=CARTESIAN_POINT('',(-21.3229546165338,-31.5913030969243,0.));
#5271=CARTESIAN_POINT('',(-21.3229546165338,18.4086969030757,4.));
#5272=CARTESIAN_POINT('',(-21.3229546165338,5.90869690307573,4.));
#5273=CARTESIAN_POINT('',(-21.3229546165338,18.4086969030757,7.5));
#5274=CARTESIAN_POINT('Origin',(-18.0229546165338,-31.5913030969243,0.));
#5275=CARTESIAN_POINT('',(-18.0229546165338,-34.8913030969243,4.));
#5276=CARTESIAN_POINT('',(-18.0229546165338,-34.8913030969243,0.));
#5277=CARTESIAN_POINT('Origin',(-18.0229546165338,-31.5913030969243,4.));
#5278=CARTESIAN_POINT('Origin',(-12.8899999999997,-36.8913030969243,6.525));
#5279=CARTESIAN_POINT('',(-14.1699999999997,-36.8913030969243,6.525));
#5280=CARTESIAN_POINT('Origin',(-12.8899999999997,-36.8913030969243,6.525));
#5281=CARTESIAN_POINT('',(-14.1699999999997,-34.8913030969243,6.525));
#5282=CARTESIAN_POINT('',(-14.1699999999997,-36.8913030969243,6.525));
#5283=CARTESIAN_POINT('Origin',(-12.8899999999997,-34.8913030969243,6.525));
#5284=CARTESIAN_POINT('Origin',(46.7770453834662,-31.5913030969243,0.));
#5285=CARTESIAN_POINT('',(46.7770453834662,-1.54999999999932,7.125));
#5286=CARTESIAN_POINT('',(46.7770453834662,-1.54999999999931,3.5625));
#5287=CARTESIAN_POINT('',(46.7770453834662,-0.749999999999317,6.325));
#5288=CARTESIAN_POINT('Origin',(46.7770453834662,-0.749999999999315,7.125));
#5289=CARTESIAN_POINT('',(46.7770453834662,11.1500000000007,6.325));
#5290=CARTESIAN_POINT('',(46.7770453834662,-10.2206515484618,6.325));
#5291=CARTESIAN_POINT('',(46.7770453834662,11.9500000000007,7.125));
#5292=CARTESIAN_POINT('Origin',(46.7770453834662,11.1500000000007,7.125));
#5293=CARTESIAN_POINT('',(46.7770453834662,11.9500000000007,7.5));
#5294=CARTESIAN_POINT('',(46.7770453834662,18.4086969030757,4.));
#5295=CARTESIAN_POINT('',(46.7770453834662,18.4086969030757,0.));
#5296=CARTESIAN_POINT('',(46.7770453834662,-31.5913030969243,4.));
#5297=CARTESIAN_POINT('',(46.7770453834662,-19.0913030969243,4.));
#5298=CARTESIAN_POINT('',(46.7770453834716,-31.5913030969243,7.5));
#5299=CARTESIAN_POINT('',(46.7770453834662,-20.2749999999993,7.125));
#5300=CARTESIAN_POINT('',(46.7770453834662,-20.2749999999993,3.56250000000001));
#5301=CARTESIAN_POINT('',(46.7770453834662,-19.4749999999993,6.325));
#5302=CARTESIAN_POINT('Origin',(46.7770453834662,-19.4749999999993,7.125));
#5303=CARTESIAN_POINT('',(46.7770453834662,-7.57499999999933,6.325));
#5304=CARTESIAN_POINT('',(46.7770453834662,-19.5831515484618,6.325));
#5305=CARTESIAN_POINT('Origin',(46.7770453834662,-7.57499999999933,7.125));
#5306=CARTESIAN_POINT('Origin',(-18.0229546165338,-36.8913030969243,0.));
#5307=CARTESIAN_POINT('',(18.024000945028,-36.8913030969243,6.92136861470177));
#5308=CARTESIAN_POINT('Origin',(17.7500000000004,-36.8913030969243,7.88309803721301));
#5309=CARTESIAN_POINT('',(17.7305719733078,-36.8913030969243,6.8377694092828));
#5310=CARTESIAN_POINT('',(0.441721684576941,-36.8913030969243,1.9120998740892));
#5311=CARTESIAN_POINT('',(17.4958432581763,-36.8913030969243,6.7087226219016));
#5312=CARTESIAN_POINT('Origin',(17.8949725403244,-36.8913030969243,6.260731755776));
#5313=CARTESIAN_POINT('',(16.5020745719123,-36.8913030969243,5.8233425564566));
#5314=CARTESIAN_POINT('',(5.92912684871133,-36.8913030969243,-3.59643216224721));
#5315=CARTESIAN_POINT('',(15.8368591016664,-36.8913030969243,5.56999400000018));
#5316=CARTESIAN_POINT('Origin',(15.8368591016664,-36.8913030969243,6.569994));
#5317=CARTESIAN_POINT('',(6.26314089833438,-36.8913030969243,5.56999399999982));
#5318=CARTESIAN_POINT('',(-1.09304775743382,-36.8913030969243,5.56999399999955));
#5319=CARTESIAN_POINT('',(5.59792542808812,-36.8913030969243,5.82334255645638));
#5320=CARTESIAN_POINT('Origin',(6.26314089833438,-36.8913030969243,6.56999400000001));
#5321=CARTESIAN_POINT('',(4.6041567418243,-36.8913030969243,6.70872262190174));
#5322=CARTESIAN_POINT('',(0.459923177357661,-36.8913030969243,10.4009518451057));
#5323=CARTESIAN_POINT('',(4.36942802669277,-36.8913030969243,6.83776940928285));
#5324=CARTESIAN_POINT('Origin',(4.20502745967638,-36.8913030969243,6.260731755776));
#5325=CARTESIAN_POINT('',(-5.08526561826454,-36.8913030969243,9.53145323867604));
#5326=CARTESIAN_POINT('',(-5.22999999999975,-36.8913030969243,6.525));
#5327=CARTESIAN_POINT('Origin',(-6.50999999999975,-36.8913030969243,6.525));
#5328=CARTESIAN_POINT('',(-5.22999999999975,-36.8913030969243,6.425));
#5329=CARTESIAN_POINT('',(-5.22999999999975,-36.8913030969243,3.2625));
#5330=CARTESIAN_POINT('',(-6.50999999999975,-36.8913030969243,5.145));
#5331=CARTESIAN_POINT('Origin',(-6.50999999999975,-36.8913030969243,6.425));
#5332=CARTESIAN_POINT('',(-12.8899999999997,-36.8913030969243,5.145));
#5333=CARTESIAN_POINT('',(-12.2664773082668,-36.8913030969243,5.145));
#5334=CARTESIAN_POINT('',(-14.1699999999997,-36.8913030969243,6.425));
#5335=CARTESIAN_POINT('Origin',(-12.8899999999997,-36.8913030969243,6.425));
#5336=CARTESIAN_POINT('',(-14.1699999999997,-36.8913030969243,3.2125));
#5337=CARTESIAN_POINT('',(-18.0229546165338,-36.8913030969243,4.));
#5338=CARTESIAN_POINT('',(-18.0229546165338,-36.8913030969243,0.));
#5339=CARTESIAN_POINT('',(-2.64795461653244,-36.8913030969243,4.));
#5340=CARTESIAN_POINT('Origin',(-18.0229546165338,-31.5913030969243,0.));
#5341=CARTESIAN_POINT('',(-23.3229546165338,-31.5913030969243,4.));
#5342=CARTESIAN_POINT('',(-23.3229546165338,-31.5913030969243,0.));
#5343=CARTESIAN_POINT('Origin',(-18.0229546165338,-31.5913030969243,4.));
#5344=CARTESIAN_POINT('Origin',(-23.3229546165338,18.4086969030757,0.));
#5345=CARTESIAN_POINT('',(-23.3229546165338,18.4086969030757,4.));
#5346=CARTESIAN_POINT('',(-23.3229546165338,18.4086969030757,0.));
#5347=CARTESIAN_POINT('',(-23.3229546165338,5.90869690307573,4.));
#5348=CARTESIAN_POINT('Origin',(-18.0229546165338,18.4086969030757,0.));
#5349=CARTESIAN_POINT('',(-18.0229546165338,23.7086969030757,4.));
#5350=CARTESIAN_POINT('',(-18.0229546165338,23.7086969030757,0.));
#5351=CARTESIAN_POINT('Origin',(-18.0229546165338,18.4086969030757,4.));
#5352=CARTESIAN_POINT('Origin',(-23.3229546165338,-12.2000001788139,1.80000002980232));
#5353=CARTESIAN_POINT('',(-22.6636132538582,-12.2000001788139,1.80000002980232));
#5354=CARTESIAN_POINT('',(-22.6636132538582,0.208295850380342,1.80000002980232));
#5355=CARTESIAN_POINT('',(-22.6636132538582,5.90869690307573,1.80000002980232));
#5356=CARTESIAN_POINT('',(-19.3229546165338,-12.2000001788139,1.80000002980232));
#5357=CARTESIAN_POINT('',(-23.3229546165338,-12.2000001788139,1.80000002980232));
#5358=CARTESIAN_POINT('',(-19.3229546165338,0.208295850380342,1.80000002980232));
#5359=CARTESIAN_POINT('',(-19.3229546165338,-12.2000001788139,1.80000002980232));
#5360=CARTESIAN_POINT('',(-23.3229546165338,0.208295850380342,1.80000002980232));
#5361=CARTESIAN_POINT('Origin',(-19.3229546165338,-5.9958521642168,2.82666756872196));
#5362=CARTESIAN_POINT('',(-19.3229546165338,0.208295850380342,2.));
#5363=CARTESIAN_POINT('',(-19.3229546165338,-12.2000001788139,2.));
#5364=CARTESIAN_POINT('',(-19.3229546165338,5.90869690307572,2.));
#5365=CARTESIAN_POINT('',(-19.3229546165338,0.208295850380342,1.80000002980232));
#5366=CARTESIAN_POINT('',(-19.3229546165338,-12.2000001788139,3.85333510764159));
#5367=CARTESIAN_POINT('Origin',(-23.3229546165338,-12.2000001788139,3.85333510764159));
#5368=CARTESIAN_POINT('',(-23.3202648883728,-12.2000001788139,3.85333510764159));
#5369=CARTESIAN_POINT('Origin',(-19.3229546165338,-12.2000001788139,4.));
#5370=CARTESIAN_POINT('',(-21.3175697195924,-12.2000001788139,3.85333510764159));
#5371=CARTESIAN_POINT('',(-23.3229546165338,-12.2000001788139,3.85333510764159));
#5372=CARTESIAN_POINT('Origin',(-19.3229546165338,-12.2000001788139,4.));
#5373=CARTESIAN_POINT('Origin',(-23.3229546165338,0.208295850380342,1.80000002980232));
#5374=CARTESIAN_POINT('',(-23.3202648883728,0.208295850380343,3.85333510764159));
#5375=CARTESIAN_POINT('Origin',(-19.3229546165338,0.208295850380341,4.));
#5376=CARTESIAN_POINT('',(-21.3175697195924,0.208295850380343,3.85333510764159));
#5377=CARTESIAN_POINT('Origin',(-19.3229546165338,0.208295850380341,4.));
#5378=CARTESIAN_POINT('',(-23.3229546165338,0.208295850380343,3.85333510764159));
#5379=CARTESIAN_POINT('Origin',(-23.3229546165338,0.208295850380343,3.85333510764159));
#5380=CARTESIAN_POINT('',(-23.3202648883728,5.90869690307573,3.85333510764159));
#5381=CARTESIAN_POINT('',(-21.3175697195924,5.90869690307573,3.85333510764159));
#5382=CARTESIAN_POINT('Origin',(-17.3499999999998,-31.1000012117322,0.8));
#5383=CARTESIAN_POINT('',(-14.7589118972702,-32.8913030969243,0.));
#5384=CARTESIAN_POINT('',(-15.4169660185984,-32.436369284812,0.8));
#5385=CARTESIAN_POINT('Origin',(-14.7589118972702,-32.8913030969243,0.8));
#5386=CARTESIAN_POINT('',(-18.8218867774141,-29.2680488885335,0.8));
#5387=CARTESIAN_POINT('Origin',(-17.3499999999998,-31.1000012117322,0.8));
#5388=CARTESIAN_POINT('',(-19.3229546165338,-28.6444055444658,0.));
#5389=CARTESIAN_POINT('Origin',(-19.3229546165338,-28.6444055444658,0.8));
#5390=CARTESIAN_POINT('Origin',(-17.3499999999998,-31.1000012117322,0.));
#5391=CARTESIAN_POINT('Ctrl Pts',(-18.8218867774141,-29.2680488885335,0.800000000000001));
#5392=CARTESIAN_POINT('Ctrl Pts',(-19.189707600637,-29.5635754692767,0.8));
#5393=CARTESIAN_POINT('Ctrl Pts',(-19.66681540409,-30.2719761275218,0.995666672666727));
#5394=CARTESIAN_POINT('Ctrl Pts',(-19.7263372579107,-31.1175971576457,1.03749164083113));
#5395=CARTESIAN_POINT('Ctrl Pts',(-19.6712406386471,-31.4665280149707,1.00937669273007));
#5396=CARTESIAN_POINT('Ctrl Pts',(-18.8218867774141,-29.2680488885335,0.680320279863247));
#5397=CARTESIAN_POINT('Ctrl Pts',(-19.2008793856368,-29.5725873838792,0.672956419071257));
#5398=CARTESIAN_POINT('Ctrl Pts',(-19.6724169288884,-30.2975669177313,0.851343319640754));
#5399=CARTESIAN_POINT('Ctrl Pts',(-19.7252148095885,-31.1162067491917,0.887723348055608));
#5400=CARTESIAN_POINT('Ctrl Pts',(-19.6725999358947,-31.4579194876184,0.862595963651786));
#5401=CARTESIAN_POINT('Ctrl Pts',(-18.8561926529113,-29.2253508160452,0.441365664405558));
#5402=CARTESIAN_POINT('Ctrl Pts',(-19.2704450371799,-29.5494274511281,0.419356891260449));
#5403=CARTESIAN_POINT('Ctrl Pts',(-19.7630236264882,-30.3158496677635,0.563588842000404));
#5404=CARTESIAN_POINT('Ctrl Pts',(-19.8101430008863,-31.1144365446873,0.589230718437996));
#5405=CARTESIAN_POINT('Ctrl Pts',(-19.7575699379024,-31.4537497523489,0.570027984709786));
#5406=CARTESIAN_POINT('Ctrl Pts',(-19.0237941994906,-29.0167491441374,0.104891614615876));
#5407=CARTESIAN_POINT('Ctrl Pts',(-19.5309329809474,-29.3754862391686,0.0722014362168432));
#5408=CARTESIAN_POINT('Ctrl Pts',(-20.1523759856323,-30.2263204048277,0.202830490518739));
#5409=CARTESIAN_POINT('Ctrl Pts',(-20.217414286039,-31.1160517875712,0.224175558243776));
#5410=CARTESIAN_POINT('Ctrl Pts',(-20.1494220690087,-31.4938162081441,0.207242090972736));
#5411=CARTESIAN_POINT('Ctrl Pts',(-19.2105152563675,-28.7843507836218,3.01819139442929E-15));
#5412=CARTESIAN_POINT('Ctrl Pts',(-19.7918655895373,-29.1665296726416,-0.0175638456194995));
#5413=CARTESIAN_POINT('Ctrl Pts',(-20.5380340025864,-30.0794520527603,0.172277296837964));
#5414=CARTESIAN_POINT('Ctrl Pts',(-20.6281357016198,-31.1208197968852,0.210912156267062));
#5415=CARTESIAN_POINT('Ctrl Pts',(-20.5428270272855,-31.5545590961895,0.184347056160128));
#5416=CARTESIAN_POINT('Ctrl Pts',(-19.3229546165338,-28.6444055444658,2.08166817117217E-15));
#5417=CARTESIAN_POINT('Ctrl Pts',(-19.9392501448063,-29.0405369186535,-4.71477682783902E-16));
#5418=CARTESIAN_POINT('Ctrl Pts',(-20.7386594963366,-29.9900952477906,0.244583340833413));
#5419=CARTESIAN_POINT('Ctrl Pts',(-20.8383902620467,-31.1235872668929,0.296864551038914));
#5420=CARTESIAN_POINT('Ctrl Pts',(-20.7460741180679,-31.5913030969243,0.261720865912588));
#5421=CARTESIAN_POINT('',(-19.6712406386471,-31.4665280149707,1.00937669273007));
#5422=CARTESIAN_POINT('',(-20.7460741180679,-31.5913030969243,0.261720865912587));
#5423=CARTESIAN_POINT('Origin',(-20.4614502177611,-31.5913030969243,1.00937669273007));
#5424=CARTESIAN_POINT('Ctrl Pts',(-20.7460741180679,-31.5913030969243,0.261720865912588));
#5425=CARTESIAN_POINT('Ctrl Pts',(-20.8383902620467,-31.1235872668929,0.296864551038914));
#5426=CARTESIAN_POINT('Ctrl Pts',(-20.7386594963366,-29.9900952477906,0.244583340833413));
#5427=CARTESIAN_POINT('Ctrl Pts',(-19.9392501448063,-29.0405369186535,-4.71477682783902E-16));
#5428=CARTESIAN_POINT('Ctrl Pts',(-19.3229546165338,-28.6444055444658,2.08166817117217E-15));
#5429=CARTESIAN_POINT('',(-19.6997561355072,-31.1001188278642,1.02325958570464));
#5430=CARTESIAN_POINT('Ctrl Pts',(-18.8218867774141,-29.2680488885335,0.800000000000001));
#5431=CARTESIAN_POINT('Ctrl Pts',(-19.189707600637,-29.5635754692767,0.8));
#5432=CARTESIAN_POINT('Ctrl Pts',(-19.5958886973098,-30.166665492469,0.96657892222866));
#5433=CARTESIAN_POINT('Ctrl Pts',(-19.6994117271974,-30.8692101369506,1.02165640884482));
#5434=CARTESIAN_POINT('Ctrl Pts',(-19.6996425220763,-31.1001736237558,1.02275715236949));
#5435=CARTESIAN_POINT('Ctrl Pts',(-19.6996425220763,-31.1001736237558,1.02275715236949));
#5436=CARTESIAN_POINT('Ctrl Pts',(-19.6997650960767,-31.2228371709003,1.02334175172369));
#5437=CARTESIAN_POINT('Ctrl Pts',(-19.6903521490966,-31.3454934430671,1.01912899934346));
#5438=CARTESIAN_POINT('Ctrl Pts',(-19.6712406386471,-31.4665280149707,1.00937669273007));
#5439=CARTESIAN_POINT('Ctrl Pts',(-19.6712406386471,-31.4665280149707,1.00937669273007));
#5440=CARTESIAN_POINT('Ctrl Pts',(-19.6085107132258,-31.8638011498701,0.97736658718862));
#5441=CARTESIAN_POINT('Ctrl Pts',(-19.2184494748107,-32.7550385185624,0.944968227968272));
#5442=CARTESIAN_POINT('Ctrl Pts',(-18.3745563975493,-33.2814819908235,1.00254814791441));
#5443=CARTESIAN_POINT('Ctrl Pts',(-17.8520455075728,-33.3957473449807,1.06976644379862));
#5444=CARTESIAN_POINT('Ctrl Pts',(-19.6725999358947,-31.4579194876184,0.862595963651786));
#5445=CARTESIAN_POINT('Ctrl Pts',(-19.6108245440196,-31.8587874202262,0.832287295775774));
#5446=CARTESIAN_POINT('Ctrl Pts',(-19.2191070388658,-32.7575064356891,0.802007620203253));
#5447=CARTESIAN_POINT('Ctrl Pts',(-18.3664131579495,-33.2865583919867,0.855900325989816));
#5448=CARTESIAN_POINT('Ctrl Pts',(-17.8383284182886,-33.3987470682308,0.920004831566029));
#5449=CARTESIAN_POINT('Ctrl Pts',(-19.7575705398822,-31.4537499250514,0.570029276468623));
#5450=CARTESIAN_POINT('Ctrl Pts',(-19.6932543859583,-31.8756348212257,0.543088319008863));
#5451=CARTESIAN_POINT('Ctrl Pts',(-19.2828610779451,-32.817617364972,0.51701356827024));
#5452=CARTESIAN_POINT('Ctrl Pts',(-18.387473740487,-33.3734206625692,0.563627559357839));
#5453=CARTESIAN_POINT('Ctrl Pts',(-17.8296297929647,-33.4899411881062,0.621573020215269));
#5454=CARTESIAN_POINT('Ctrl Pts',(-20.1494223287217,-31.4938163813408,0.207244290025935));
#5455=CARTESIAN_POINT('Ctrl Pts',(-20.0677258230798,-31.9894725473631,0.180679303785448));
#5456=CARTESIAN_POINT('Ctrl Pts',(-19.5811155217111,-33.08572345784,0.155578819809844));
#5457=CARTESIAN_POINT('Ctrl Pts',(-18.5421150096149,-33.749068824929,0.200475830666));
#5458=CARTESIAN_POINT('Ctrl Pts',(-17.8839696931048,-33.8978288656205,0.25835594545104));
#5459=CARTESIAN_POINT('Ctrl Pts',(-20.5428270272855,-31.5545590961895,0.184347056160123));
#5460=CARTESIAN_POINT('Ctrl Pts',(-20.4443639627339,-32.1167251593592,0.150472188481328));
#5461=CARTESIAN_POINT('Ctrl Pts',(-19.8865617626426,-33.3561812032118,0.117228942665197));
#5462=CARTESIAN_POINT('Ctrl Pts',(-18.7163583784202,-34.118122367776,0.176699139179861));
#5463=CARTESIAN_POINT('Ctrl Pts',(-17.9705445477547,-34.2978160963431,0.249015837642911));
#5464=CARTESIAN_POINT('Ctrl Pts',(-20.7460741180679,-31.5913030969243,0.261720865912584));
#5465=CARTESIAN_POINT('Ctrl Pts',(-20.6409681260056,-32.1859738953456,0.22170823398577));
#5466=CARTESIAN_POINT('Ctrl Pts',(-20.0489303138814,-33.4989839287688,0.181210284960335));
#5467=CARTESIAN_POINT('Ctrl Pts',(-18.8104150987735,-34.3073164075287,0.253185184893022));
#5468=CARTESIAN_POINT('Ctrl Pts',(-18.0229546165339,-34.4987716551857,0.337208054748274));
#5469=CARTESIAN_POINT('',(-17.8520455075728,-33.3957473449807,1.06976644379862));
#5470=CARTESIAN_POINT('',(-18.0229546165338,-34.4987716551857,0.337208054748274));
#5471=CARTESIAN_POINT('Origin',(-18.0229546165339,-34.1772779435334,1.06976644379862));
#5472=CARTESIAN_POINT('Ctrl Pts',(-18.0229546165339,-34.4987716551857,0.337208054748274));
#5473=CARTESIAN_POINT('Ctrl Pts',(-18.8104150987735,-34.3073164075287,0.253185184893022));
#5474=CARTESIAN_POINT('Ctrl Pts',(-20.0489303138814,-33.4989839287688,0.181210284960335));
#5475=CARTESIAN_POINT('Ctrl Pts',(-20.6409681260056,-32.1859738953456,0.22170823398577));
#5476=CARTESIAN_POINT('Ctrl Pts',(-20.7460741180679,-31.5913030969243,0.261720865912584));
#5477=CARTESIAN_POINT('Ctrl Pts',(-19.6712406386471,-31.4665280149707,1.00937669273007));
#5478=CARTESIAN_POINT('Ctrl Pts',(-19.6085107132258,-31.8638011498701,0.97736658718862));
#5479=CARTESIAN_POINT('Ctrl Pts',(-19.2184494748107,-32.7550385185624,0.944968227968272));
#5480=CARTESIAN_POINT('Ctrl Pts',(-18.3745563975493,-33.2814819908235,1.00254814791441));
#5481=CARTESIAN_POINT('Ctrl Pts',(-17.8520455075728,-33.3957473449807,1.06976644379862));
#5482=CARTESIAN_POINT('Ctrl Pts',(-17.8520455075728,-33.3957473449807,1.06976644379862));
#5483=CARTESIAN_POINT('Ctrl Pts',(-17.6582007470281,-33.4381383087674,1.09470355940684));
#5484=CARTESIAN_POINT('Ctrl Pts',(-17.2571892137656,-33.473234795853,1.1179154315674));
#5485=CARTESIAN_POINT('Ctrl Pts',(-16.3347499224162,-33.3191620438175,1.01876544504074));
#5486=CARTESIAN_POINT('Ctrl Pts',(-15.7191876248167,-32.8735277642026,0.8));
#5487=CARTESIAN_POINT('Ctrl Pts',(-15.4169660185984,-32.436369284812,0.8));
#5488=CARTESIAN_POINT('Ctrl Pts',(-17.8383284182886,-33.3987470682308,0.920004831566029));
#5489=CARTESIAN_POINT('Ctrl Pts',(-17.6486015521707,-33.4390104730672,0.942473837009628));
#5490=CARTESIAN_POINT('Ctrl Pts',(-17.260410278768,-33.4710767149539,0.962918693351078));
#5491=CARTESIAN_POINT('Ctrl Pts',(-16.3640262966851,-33.3285864237398,0.874987120116069));
#5492=CARTESIAN_POINT('Ctrl Pts',(-15.729450733468,-32.8883200506319,0.672374073269946));
#5493=CARTESIAN_POINT('Ctrl Pts',(-15.4169660185984,-32.436369284812,0.680320279863246));
#5494=CARTESIAN_POINT('Ctrl Pts',(-17.8296296078867,-33.4899407759741,0.621572030866228));
#5495=CARTESIAN_POINT('Ctrl Pts',(-17.6413861363389,-33.5299449957348,0.639147613146634));
#5496=CARTESIAN_POINT('Ctrl Pts',(-17.2632106485728,-33.5601733105373,0.654062777874695));
#5497=CARTESIAN_POINT('Ctrl Pts',(-16.3834618811136,-33.423900662645,0.58836557471573));
#5498=CARTESIAN_POINT('Ctrl Pts',(-15.7058440714144,-32.9634955419967,0.417616565760904));
#5499=CARTESIAN_POINT('Ctrl Pts',(-15.371911886862,-32.4675166437266,0.441365827624507));
#5500=CARTESIAN_POINT('Ctrl Pts',(-17.8839695059419,-33.897828748255,0.258354262721627));
#5501=CARTESIAN_POINT('Ctrl Pts',(-17.674375033989,-33.949976660963,0.274226532823882));
#5502=CARTESIAN_POINT('Ctrl Pts',(-17.2535096623657,-33.9906622322538,0.287262523818647));
#5503=CARTESIAN_POINT('Ctrl Pts',(-16.2734408349268,-33.8089897061638,0.2295711570404));
#5504=CARTESIAN_POINT('Ctrl Pts',(-15.5212940120471,-33.2262298373044,0.0696165240201192));
#5505=CARTESIAN_POINT('Ctrl Pts',(-15.1518002030964,-32.6196868743207,0.104891893621493));
#5506=CARTESIAN_POINT('Ctrl Pts',(-17.9705445477547,-34.2978160963431,0.249015837642909));
#5507=CARTESIAN_POINT('Ctrl Pts',(-17.7296875935124,-34.3635730828938,0.273082484499229));
#5508=CARTESIAN_POINT('Ctrl Pts',(-17.2362522168399,-34.4175669992481,0.294527002043425));
#5509=CARTESIAN_POINT('Ctrl Pts',(-16.0967163761546,-34.1803326167072,0.200796896327372));
#5510=CARTESIAN_POINT('Ctrl Pts',(-15.2984190815104,-33.4816075940115,-0.0189528224130994));
#5511=CARTESIAN_POINT('Ctrl Pts',(-14.9065788967866,-32.7892161882099,-8.01007325531064E-16));
#5512=CARTESIAN_POINT('Ctrl Pts',(-18.0229546165338,-34.4987716551857,0.337208054748273));
#5513=CARTESIAN_POINT('Ctrl Pts',(-17.7631201502717,-34.5697990679135,0.368379449258552));
#5514=CARTESIAN_POINT('Ctrl Pts',(-17.2255940524943,-34.628604352126,0.397394289459246));
#5515=CARTESIAN_POINT('Ctrl Pts',(-15.9891328747281,-34.370450538875,0.273456806300923));
#5516=CARTESIAN_POINT('Ctrl Pts',(-15.1640174545416,-33.6237760810097,-1.22354623417872E-15));
#5517=CARTESIAN_POINT('Ctrl Pts',(-14.7589118972702,-32.8913030969243,-9.71445146547012E-16));
#5518=CARTESIAN_POINT('Ctrl Pts',(-14.7589118972702,-32.8913030969243,-9.71445146547012E-16));
#5519=CARTESIAN_POINT('Ctrl Pts',(-15.1640174545416,-33.6237760810097,-1.22354623417872E-15));
#5520=CARTESIAN_POINT('Ctrl Pts',(-15.9891328747281,-34.370450538875,0.273456806300923));
#5521=CARTESIAN_POINT('Ctrl Pts',(-17.2255940524943,-34.628604352126,0.397394289459246));
#5522=CARTESIAN_POINT('Ctrl Pts',(-17.7631201502717,-34.5697990679135,0.368379449258552));
#5523=CARTESIAN_POINT('Ctrl Pts',(-18.0229546165338,-34.4987716551857,0.337208054748273));
#5524=CARTESIAN_POINT('Ctrl Pts',(-17.8520455075728,-33.3957473449807,1.06976644379862));
#5525=CARTESIAN_POINT('Ctrl Pts',(-17.6582007470281,-33.4381383087674,1.09470355940684));
#5526=CARTESIAN_POINT('Ctrl Pts',(-17.2571892137656,-33.473234795853,1.1179154315674));
#5527=CARTESIAN_POINT('Ctrl Pts',(-16.3347499224162,-33.3191620438175,1.01876544504074));
#5528=CARTESIAN_POINT('Ctrl Pts',(-15.7191876248167,-32.8735277642026,0.8));
#5529=CARTESIAN_POINT('Ctrl Pts',(-15.4169660185984,-32.436369284812,0.8));
#5530=CARTESIAN_POINT('Origin',(-2.64795461653245,-32.8913030969243,4.));
#5531=CARTESIAN_POINT('',(37.908911897271,-32.8913030969243,0.));
#5532=CARTESIAN_POINT('',(-2.64795461653245,-32.8913030969243,0.));
#5533=CARTESIAN_POINT('',(43.0910881027294,-32.8913030969243,0.));
#5534=CARTESIAN_POINT('Ctrl Pts',(43.0910881027294,-32.8913030969243,-6.93889390390723E-16));
#5535=CARTESIAN_POINT('Ctrl Pts',(42.7595474787789,-33.4907630298023,-5.92881960977436E-16));
#5536=CARTESIAN_POINT('Ctrl Pts',(42.0662258595801,-34.1999987962374,0.201306719284984));
#5537=CARTESIAN_POINT('Ctrl Pts',(40.9430151506738,-34.6007255201836,0.383921722687851));
#5538=CARTESIAN_POINT('Ctrl Pts',(40.0569581006545,-34.6003057551802,0.38359303885821));
#5539=CARTESIAN_POINT('Ctrl Pts',(38.9334798708823,-34.2003066233917,0.201605588458603));
#5540=CARTESIAN_POINT('Ctrl Pts',(38.2404525212216,-33.4907630298025,7.95060870629748E-15));
#5541=CARTESIAN_POINT('Ctrl Pts',(37.908911897271,-32.8913030969243,4.16333634234434E-15));
#5542=CARTESIAN_POINT('',(43.4770529903107,-32.8913030969243,0.));
#5543=CARTESIAN_POINT('',(-2.64795461653245,-32.8913030969243,0.));
#5544=CARTESIAN_POINT('Origin',(43.4770529903107,-32.8913030969243,4.));
#5545=CARTESIAN_POINT('Origin',(-18.0229546165338,-32.8913030969243,4.));
#5546=CARTESIAN_POINT('Origin',(12.7270453834689,-6.59130309692429,0.));
#5547=CARTESIAN_POINT('',(-19.3229546165338,15.368689120993,1.82145964977565E-16));
#5548=CARTESIAN_POINT('',(-19.3229546165338,5.90869690307572,0.));
#5549=CARTESIAN_POINT('',(-14.8258187502612,19.7086969030757,0.));
#5550=CARTESIAN_POINT('Origin',(-17.3500000000004,17.8242847882598,0.));
#5551=CARTESIAN_POINT('',(37.9752858751447,19.7086969030757,0.));
#5552=CARTESIAN_POINT('',(28.1020491888579,19.7086969030757,0.));
#5553=CARTESIAN_POINT('',(43.0247141248545,19.7086969030757,0.));
#5554=CARTESIAN_POINT('Origin',(40.4999999999996,17.8249987882605,0.));
#5555=CARTESIAN_POINT('',(43.4770472502614,19.7086969030744,0.));
#5556=CARTESIAN_POINT('',(28.1020491888579,19.7086969030757,0.));
#5557=CARTESIAN_POINT('',(44.7770453834662,18.4086969030757,0.));
#5558=CARTESIAN_POINT('Origin',(43.4770453834662,18.4086969030757,0.));
#5559=CARTESIAN_POINT('',(44.7770453834716,-31.5913030969243,0.));
#5560=CARTESIAN_POINT('',(44.7770453834662,-19.0913030969243,0.));
#5561=CARTESIAN_POINT('Origin',(43.4770453834662,-31.5913030969243,0.));
#5562=CARTESIAN_POINT('Origin',(40.5000000000002,-31.1000012117315,0.));
#5563=CARTESIAN_POINT('Origin',(-17.3499999999998,-31.1000012117322,0.));
#5564=CARTESIAN_POINT('',(-19.6999999999998,-31.1000012117322,2.2));
#5565=CARTESIAN_POINT('',(-19.6999999999998,-31.1000012117322,0.));
#5566=CARTESIAN_POINT('Origin',(-17.3499999999998,-31.1000012117322,2.2));
#5567=CARTESIAN_POINT('Ctrl Pts',(-17.852045507573,20.1200309215085,1.03064417666997));
#5568=CARTESIAN_POINT('Ctrl Pts',(-18.2343597197835,20.0364244939764,0.985623577385438));
#5569=CARTESIAN_POINT('Ctrl Pts',(-19.0802046181212,19.6130041286493,0.926277122942015));
#5570=CARTESIAN_POINT('Ctrl Pts',(-19.5622714687094,18.7736617445659,0.954621398744002));
#5571=CARTESIAN_POINT('Ctrl Pts',(-19.6592017513108,18.260274778678,1.00328318139012));
#5572=CARTESIAN_POINT('Ctrl Pts',(-17.8396758167165,20.1227359887782,0.883107937050321));
#5573=CARTESIAN_POINT('Ctrl Pts',(-18.2261473770457,20.0403955629807,0.840317122006728));
#5574=CARTESIAN_POINT('Ctrl Pts',(-19.0805222360749,19.6155400726744,0.78483163979059));
#5575=CARTESIAN_POINT('Ctrl Pts',(-19.5655034441348,18.7688098839246,0.811073614616135));
#5576=CARTESIAN_POINT('Ctrl Pts',(-19.6610856624388,18.250296726494,0.857147168384735));
#5577=CARTESIAN_POINT('Ctrl Pts',(-17.8330667431155,20.2106510650982,0.589033797356328));
#5578=CARTESIAN_POINT('Ctrl Pts',(-18.241044965793,20.1248624790475,0.550655069321922));
#5579=CARTESIAN_POINT('Ctrl Pts',(-19.1381297814213,19.6785959421153,0.502808833095001));
#5580=CARTESIAN_POINT('Ctrl Pts',(-19.6463630944363,18.7920445831826,0.524879747679569));
#5581=CARTESIAN_POINT('Ctrl Pts',(-19.7460403930294,18.2457366935602,0.565830220676811));
#5582=CARTESIAN_POINT('Ctrl Pts',(-17.887789462773,20.6065452188233,0.226450170381264));
#5583=CARTESIAN_POINT('Ctrl Pts',(-18.3677512274374,20.4974370383409,0.188361306624902));
#5584=CARTESIAN_POINT('Ctrl Pts',(-19.4094611187046,19.9616054351359,0.142335561766412));
#5585=CARTESIAN_POINT('Ctrl Pts',(-20.0080439703087,18.9348605952233,0.163170338513543));
#5586=CARTESIAN_POINT('Ctrl Pts',(-20.134531004561,18.2934665292598,0.20353112115332));
#5587=CARTESIAN_POINT('Ctrl Pts',(-17.9720035912885,20.9991650620794,0.207714109133068));
#5588=CARTESIAN_POINT('Ctrl Pts',(-18.5152498686269,20.8677656288327,0.159679567972037));
#5589=CARTESIAN_POINT('Ctrl Pts',(-19.6891301874214,20.2493380568388,0.0986151855131781));
#5590=CARTESIAN_POINT('Ctrl Pts',(-20.3719900157523,19.091605609201,0.127088160348083));
#5591=CARTESIAN_POINT('Ctrl Pts',(-20.5241875494233,18.3652697416571,0.17855578037361));
#5592=CARTESIAN_POINT('Ctrl Pts',(-18.0229546165338,21.1997776743076,0.288305220837455));
#5593=CARTESIAN_POINT('Ctrl Pts',(-18.596723306791,21.0596924366874,0.232029471731799));
#5594=CARTESIAN_POINT('Ctrl Pts',(-19.8388371831597,20.403212413442,0.157846403677519));
#5595=CARTESIAN_POINT('Ctrl Pts',(-20.5634927960975,19.1765653470789,0.193276748429997));
#5596=CARTESIAN_POINT('Ctrl Pts',(-20.7259025781159,18.4086969030757,0.254103976737651));
#5597=CARTESIAN_POINT('',(-19.6592017513108,18.260274778678,1.00328318139012));
#5598=CARTESIAN_POINT('',(-20.7259025781159,18.4086969030757,0.254103976737651));
#5599=CARTESIAN_POINT('Origin',(-20.4453129857995,18.4086969030757,1.00328318139012));
#5600=CARTESIAN_POINT('',(-18.0229546165338,21.1997776743076,0.288305220837457));
#5601=CARTESIAN_POINT('Ctrl Pts',(-20.7259025781159,18.4086969030757,0.254103976737651));
#5602=CARTESIAN_POINT('Ctrl Pts',(-20.5634927960975,19.1765653470789,0.193276748429997));
#5603=CARTESIAN_POINT('Ctrl Pts',(-19.8388371831597,20.403212413442,0.157846403677519));
#5604=CARTESIAN_POINT('Ctrl Pts',(-18.596723306791,21.0596924366874,0.232029471731799));
#5605=CARTESIAN_POINT('Ctrl Pts',(-18.0229546165338,21.1997776743076,0.288305220837455));
#5606=CARTESIAN_POINT('',(-17.852045507573,20.1200309215085,1.03064417666997));
#5607=CARTESIAN_POINT('Origin',(-18.0229546165338,20.9015615200612,1.03064417666997));
#5608=CARTESIAN_POINT('Ctrl Pts',(-17.852045507573,20.1200309215085,1.03064417666997));
#5609=CARTESIAN_POINT('Ctrl Pts',(-18.2343597197835,20.0364244939764,0.985623577385438));
#5610=CARTESIAN_POINT('Ctrl Pts',(-19.0802046181212,19.6130041286493,0.926277122942015));
#5611=CARTESIAN_POINT('Ctrl Pts',(-19.5622714687094,18.7736617445659,0.954621398744002));
#5612=CARTESIAN_POINT('Ctrl Pts',(-19.6592017513108,18.260274778678,1.00328318139012));
#5613=CARTESIAN_POINT('Ctrl Pts',(-19.6592017513108,18.260274778678,1.00328318139012));
#5614=CARTESIAN_POINT('Ctrl Pts',(-19.7265632928143,17.9034973456418,1.03710060772353));
#5615=CARTESIAN_POINT('Ctrl Pts',(-19.6857835601592,17.0305987719908,1.00649946907646));
#5616=CARTESIAN_POINT('Ctrl Pts',(-19.200185015185,16.2962771513075,0.8));
#5617=CARTESIAN_POINT('Ctrl Pts',(-18.8218867774142,15.9923324650608,0.8));
#5618=CARTESIAN_POINT('Ctrl Pts',(-19.6610856624388,18.2502967264941,0.857147168384735));
#5619=CARTESIAN_POINT('Ctrl Pts',(-19.7255561947515,17.9002748387854,0.887388923481975));
#5620=CARTESIAN_POINT('Ctrl Pts',(-19.6904880762864,17.0565104854799,0.861153121791924));
#5621=CARTESIAN_POINT('Ctrl Pts',(-19.2116750296468,16.3055457712383,0.672746658727855));
#5622=CARTESIAN_POINT('Ctrl Pts',(-18.8218867774142,15.9923324650608,0.680320279863246));
#5623=CARTESIAN_POINT('Ctrl Pts',(-19.7460395717851,18.2457364198224,0.565828542314831));
#5624=CARTESIAN_POINT('Ctrl Pts',(-19.8106559466661,17.8972114054951,0.588979327007686));
#5625=CARTESIAN_POINT('Ctrl Pts',(-19.7810458865207,17.0761429663424,0.571349300161137));
#5626=CARTESIAN_POINT('Ctrl Pts',(-19.2822398429895,16.2829488771691,0.418719684201118));
#5627=CARTESIAN_POINT('Ctrl Pts',(-18.8561874363095,15.9496408853043,0.441355379546845));
#5628=CARTESIAN_POINT('Ctrl Pts',(-20.1345306746632,18.2934662546895,0.203528119114722));
#5629=CARTESIAN_POINT('Ctrl Pts',(-20.2179618874574,17.9054657679138,0.223955787243508));
#5630=CARTESIAN_POINT('Ctrl Pts',(-20.1757554448825,16.9906706551783,0.209850350621572));
#5631=CARTESIAN_POINT('Ctrl Pts',(-19.5453739377489,16.109994633153,0.071252227862814));
#5632=CARTESIAN_POINT('Ctrl Pts',(-19.02378925516,15.7410388745199,0.104873589406194));
#5633=CARTESIAN_POINT('Ctrl Pts',(-20.5241875494233,18.3652697416571,0.178555780373612));
#5634=CARTESIAN_POINT('Ctrl Pts',(-20.6285618779428,17.9211068149578,0.210520447985948));
#5635=CARTESIAN_POINT('Ctrl Pts',(-20.5674150622917,16.8475382872032,0.182746088633004));
#5636=CARTESIAN_POINT('Ctrl Pts',(-19.8084254144672,15.9016996547196,-0.0180641535955277));
#5637=CARTESIAN_POINT('Ctrl Pts',(-19.2105152563675,15.508634360149,1.454878906929E-15));
#5638=CARTESIAN_POINT('Ctrl Pts',(-20.7259025781159,18.4086969030757,0.254103976737655));
#5639=CARTESIAN_POINT('Ctrl Pts',(-20.8387689907415,17.9304633226229,0.296375759654423));
#5640=CARTESIAN_POINT('Ctrl Pts',(-20.7704412471969,16.760407787729,0.258124336345576));
#5641=CARTESIAN_POINT('Ctrl Pts',(-19.9568053872668,15.7761043387281,1.03190180840484E-15));
#5642=CARTESIAN_POINT('Ctrl Pts',(-19.3229546165338,15.368689120993,2.08166817117217E-15));
#5643=CARTESIAN_POINT('',(-18.8218867774142,15.9923324650608,0.8));
#5644=CARTESIAN_POINT('Origin',(-19.3229546165338,15.368689120993,0.8));
#5645=CARTESIAN_POINT('Ctrl Pts',(-19.3229546165338,15.368689120993,2.08166817117217E-15));
#5646=CARTESIAN_POINT('Ctrl Pts',(-19.9568053872668,15.7761043387281,1.03190180840484E-15));
#5647=CARTESIAN_POINT('Ctrl Pts',(-20.7704412471969,16.760407787729,0.258124336345576));
#5648=CARTESIAN_POINT('Ctrl Pts',(-20.8387689907415,17.9304633226229,0.296375759654423));
#5649=CARTESIAN_POINT('Ctrl Pts',(-20.7259025781159,18.4086969030757,0.254103976737655));
#5650=CARTESIAN_POINT('',(-19.6996821560288,17.8244000654177,1.0229847721745));
#5651=CARTESIAN_POINT('Ctrl Pts',(-19.6592017513108,18.260274778678,1.00328318139012));
#5652=CARTESIAN_POINT('Ctrl Pts',(-19.6862761969758,18.1168761715553,1.01687532983802));
#5653=CARTESIAN_POINT('Ctrl Pts',(-19.6996453456394,17.9706792788447,1.02288578823493));
#5654=CARTESIAN_POINT('Ctrl Pts',(-19.6995128915114,17.824461455075,1.02226410922294));
#5655=CARTESIAN_POINT('Ctrl Pts',(-19.6995128915114,17.824461455075,1.02226410922294));
#5656=CARTESIAN_POINT('Ctrl Pts',(-19.6993157982,17.606887601398,1.02133904348949));
#5657=CARTESIAN_POINT('Ctrl Pts',(-19.6021369880682,16.9041085116344,0.9709289903227));
#5658=CARTESIAN_POINT('Ctrl Pts',(-19.200185015185,16.2962771513075,0.8));
#5659=CARTESIAN_POINT('Ctrl Pts',(-18.8218867774142,15.9923324650608,0.8));
#5660=CARTESIAN_POINT('Origin',(-17.3500000000004,17.8242847882598,0.8));
#5661=CARTESIAN_POINT('',(-15.4668806549568,19.2301160485193,0.8));
#5662=CARTESIAN_POINT('Origin',(-14.8258187502612,19.7086969030757,0.8));
#5663=CARTESIAN_POINT('Origin',(-17.3500000000004,17.8242847882598,0.8));
#5664=CARTESIAN_POINT('Ctrl Pts',(-15.4668806549568,19.2301160485193,0.8));
#5665=CARTESIAN_POINT('Ctrl Pts',(-15.7747070272203,19.6424513073162,0.800000000000001));
#5666=CARTESIAN_POINT('Ctrl Pts',(-16.3812927724515,20.0583317810015,0.992766240668593));
#5667=CARTESIAN_POINT('Ctrl Pts',(-17.2765933558562,20.1965143095659,1.07384489939812));
#5668=CARTESIAN_POINT('Ctrl Pts',(-17.6642288105751,20.1611036375241,1.05276111604712));
#5669=CARTESIAN_POINT('Ctrl Pts',(-17.852045507573,20.1200309215085,1.03064417666997));
#5670=CARTESIAN_POINT('Ctrl Pts',(-15.4668806549568,19.2301160485193,0.680320279863246));
#5671=CARTESIAN_POINT('Ctrl Pts',(-15.7846266919213,19.6556886460983,0.672435700607897));
#5672=CARTESIAN_POINT('Ctrl Pts',(-16.4071752747641,20.0659332274596,0.849837513250603));
#5673=CARTESIAN_POINT('Ctrl Pts',(-17.2787430868662,20.1946114672124,0.921468874576453));
#5674=CARTESIAN_POINT('Ctrl Pts',(-17.6554353066945,20.1619541330844,0.902974113995542));
#5675=CARTESIAN_POINT('Ctrl Pts',(-17.8396758167165,20.1227359887782,0.883107937050323));
#5676=CARTESIAN_POINT('Ctrl Pts',(-15.4229966082882,19.2628774158728,0.441355496799397));
#5677=CARTESIAN_POINT('Ctrl Pts',(-15.7618401409895,19.7289765133095,0.417790423928335));
#5678=CARTESIAN_POINT('Ctrl Pts',(-16.422600919135,20.1568785735583,0.564849626578283));
#5679=CARTESIAN_POINT('Ctrl Pts',(-17.280355081962,20.2810406706501,0.617758521838852));
#5680=CARTESIAN_POINT('Ctrl Pts',(-17.6496364536276,20.2498643847437,0.604435510931477));
#5681=CARTESIAN_POINT('Ctrl Pts',(-17.8330664652434,20.2106503833069,0.589032331533336));
#5682=CARTESIAN_POINT('Ctrl Pts',(-15.2085682799208,19.4229575764306,0.104873800200398));
#5683=CARTESIAN_POINT('Ctrl Pts',(-15.583573825642,19.9932633889399,0.0698720110928397));
#5684=CARTESIAN_POINT('Ctrl Pts',(-16.3171222425796,20.534683643354,0.205857408717057));
#5685=CARTESIAN_POINT('Ctrl Pts',(-17.272587224179,20.6988764639221,0.251699296657078));
#5686=CARTESIAN_POINT('Ctrl Pts',(-17.6835741155925,20.657355189708,0.240214972085558));
#5687=CARTESIAN_POINT('Ctrl Pts',(-17.8877891828869,20.6065449916316,0.226447550013852));
#5688=CARTESIAN_POINT('Ctrl Pts',(-14.9696727052818,19.6013036104455,-8.46959233674288E-17));
#5689=CARTESIAN_POINT('Ctrl Pts',(-15.3682682226925,20.2536938118565,-0.0188058325282689));
#5690=CARTESIAN_POINT('Ctrl Pts',(-16.1519753482838,20.9046117082895,0.172237522567868));
#5691=CARTESIAN_POINT('Ctrl Pts',(-17.2596114042338,21.1173555711902,0.248090838137398));
#5692=CARTESIAN_POINT('Ctrl Pts',(-17.7381990978,21.0628635028071,0.228856282526303));
#5693=CARTESIAN_POINT('Ctrl Pts',(-17.9720035912885,20.9991650620794,0.207714109133073));
#5694=CARTESIAN_POINT('Ctrl Pts',(-14.8258187502612,19.7086969030757,-2.77555756156289E-16));
#5695=CARTESIAN_POINT('Ctrl Pts',(-15.2384370790398,20.3995777888258,2.92641464459904E-15));
#5696=CARTESIAN_POINT('Ctrl Pts',(-16.0515200992434,21.0963987952667,0.240957800835743));
#5697=CARTESIAN_POINT('Ctrl Pts',(-17.2516038599773,21.3279280319569,0.342306124247649));
#5698=CARTESIAN_POINT('Ctrl Pts',(-17.771200320558,21.2685963208232,0.315951395058899));
#5699=CARTESIAN_POINT('Ctrl Pts',(-18.0229546165338,21.1997776743076,0.288305220837458));
#5700=CARTESIAN_POINT('Ctrl Pts',(-18.0229546165338,21.1997776743076,0.288305220837458));
#5701=CARTESIAN_POINT('Ctrl Pts',(-17.771200320558,21.2685963208232,0.315951395058899));
#5702=CARTESIAN_POINT('Ctrl Pts',(-17.2516038599773,21.3279280319569,0.342306124247649));
#5703=CARTESIAN_POINT('Ctrl Pts',(-16.0515200992434,21.0963987952667,0.240957800835743));
#5704=CARTESIAN_POINT('Ctrl Pts',(-15.2384370790398,20.3995777888258,2.92641464459904E-15));
#5705=CARTESIAN_POINT('Ctrl Pts',(-14.8258187502612,19.7086969030757,-2.77555756156289E-16));
#5706=CARTESIAN_POINT('Ctrl Pts',(-15.4668806549568,19.2301160485193,0.8));
#5707=CARTESIAN_POINT('Ctrl Pts',(-15.7747070272203,19.6424513073162,0.800000000000001));
#5708=CARTESIAN_POINT('Ctrl Pts',(-16.3812927724515,20.0583317810015,0.992766240668593));
#5709=CARTESIAN_POINT('Ctrl Pts',(-17.2765933558562,20.1965143095659,1.07384489939812));
#5710=CARTESIAN_POINT('Ctrl Pts',(-17.6642288105751,20.1611036375241,1.05276111604712));
#5711=CARTESIAN_POINT('Ctrl Pts',(-17.852045507573,20.1200309215085,1.03064417666997));
#5712=CARTESIAN_POINT('Origin',(28.1020491888579,19.7086969030757,4.));
#5713=CARTESIAN_POINT('Origin',(-18.0229546165338,19.7086969030757,4.));
#5714=CARTESIAN_POINT('',(43.4770529942469,23.7086969030757,4.));
#5715=CARTESIAN_POINT('',(28.1020491888579,23.7086969030757,4.));
#5716=CARTESIAN_POINT('Origin',(43.4770472502614,19.7086969030744,4.));
#5717=CARTESIAN_POINT('Ctrl Pts',(37.9752858751447,19.7086969030757,3.33066907387547E-15));
#5718=CARTESIAN_POINT('Ctrl Pts',(38.3104971967524,20.2703001343856,2.49680053752136E-15));
#5719=CARTESIAN_POINT('Ctrl Pts',(38.9899798645391,20.9304838948683,0.175813479952631));
#5720=CARTESIAN_POINT('Ctrl Pts',(40.0746359910818,21.3013043213936,0.330411233302085));
#5721=CARTESIAN_POINT('Ctrl Pts',(40.9252982327755,21.301708004593,0.331116587150475));
#5722=CARTESIAN_POINT('Ctrl Pts',(42.0096732998103,20.9308933754306,0.175673357816648));
#5723=CARTESIAN_POINT('Ctrl Pts',(42.6895028032469,20.2703001343854,9.47542508232627E-16));
#5724=CARTESIAN_POINT('Ctrl Pts',(43.0247141248545,19.7086969030757,1.94289029309402E-15));
#5725=CARTESIAN_POINT('Ctrl Pts',(-18.0229546165338,20.8944796163788,0.179801136481049));
#5726=CARTESIAN_POINT('Ctrl Pts',(-20.5087373298369,20.8944796163788,0.179801136481049));
#5727=CARTESIAN_POINT('Ctrl Pts',(-20.5087373298369,18.4086969030757,0.179801136481049));
#5728=CARTESIAN_POINT('Ctrl Pts',(-18.0229546165338,23.7086969030757,1.05332901533343));
#5729=CARTESIAN_POINT('Ctrl Pts',(-23.3229546165338,23.7086969030757,1.05332901533343));
#5730=CARTESIAN_POINT('Ctrl Pts',(-23.3229546165338,18.4086969030757,1.05332901533343));
#5731=CARTESIAN_POINT('Ctrl Pts',(-18.0229546165338,23.7086969030757,4.));
#5732=CARTESIAN_POINT('Ctrl Pts',(-23.3229546165338,23.7086969030757,4.));
#5733=CARTESIAN_POINT('Ctrl Pts',(-23.3229546165338,18.4086969030757,4.));
#5734=CARTESIAN_POINT('Origin',(-19.3229546165338,18.4086969030757,4.));
#5735=CARTESIAN_POINT('Origin',(-17.3500000000004,17.8242847882598,0.));
#5736=CARTESIAN_POINT('',(-19.7000000000004,17.8242847882598,2.2));
#5737=CARTESIAN_POINT('',(-19.7000000000004,17.8242847882598,0.));
#5738=CARTESIAN_POINT('Origin',(-17.3500000000004,17.8242847882598,2.2));
#5739=CARTESIAN_POINT('Origin',(40.4999999999996,17.8249987882605,0.8));
#5740=CARTESIAN_POINT('',(38.6164831132031,19.2302973818528,0.8));
#5741=CARTESIAN_POINT('Origin',(37.9752858751447,19.7086969030757,0.8));
#5742=CARTESIAN_POINT('',(38.1499999999996,17.8249987882605,0.8));
#5743=CARTESIAN_POINT('Origin',(40.4999999999996,17.8249987882605,0.8));
#5744=CARTESIAN_POINT('',(42.3835168867961,19.2302973818528,0.8));
#5745=CARTESIAN_POINT('Origin',(40.4999999999996,17.8249987882605,0.8));
#5746=CARTESIAN_POINT('Origin',(43.0247141248545,19.7086969030757,0.8));
#5747=CARTESIAN_POINT('Ctrl Pts',(42.3835168867961,19.2302973818528,0.8));
#5748=CARTESIAN_POINT('Ctrl Pts',(42.1334385992476,19.5654764532376,0.8));
#5749=CARTESIAN_POINT('Ctrl Pts',(41.6262642077948,19.9597352764645,0.940538686253321));
#5750=CARTESIAN_POINT('Ctrl Pts',(40.8172859831816,20.1810468646631,1.06489326972038));
#5751=CARTESIAN_POINT('Ctrl Pts',(40.1826649457275,20.1808059362773,1.06432898664167));
#5752=CARTESIAN_POINT('Ctrl Pts',(39.3734770417989,19.9594908880654,0.940650783962102));
#5753=CARTESIAN_POINT('Ctrl Pts',(38.8665614007515,19.5654764532376,0.8));
#5754=CARTESIAN_POINT('Ctrl Pts',(38.6164831132031,19.2302973818528,0.8));
#5755=CARTESIAN_POINT('Ctrl Pts',(42.3835168867961,19.2302973818528,0.680320279863247));
#5756=CARTESIAN_POINT('Ctrl Pts',(42.1253764501667,19.5762413896526,0.673913491781158));
#5757=CARTESIAN_POINT('Ctrl Pts',(41.6032003981717,19.9702485605393,0.802108802710443));
#5758=CARTESIAN_POINT('Ctrl Pts',(40.8071373300843,20.1801332229236,0.913594832946334));
#5759=CARTESIAN_POINT('Ctrl Pts',(40.1925297091217,20.1799495535227,0.913071299271254));
#5760=CARTESIAN_POINT('Ctrl Pts',(39.3965548819665,19.9699271518509,0.802210574008866));
#5761=CARTESIAN_POINT('Ctrl Pts',(38.8746235498326,19.5762413896526,0.673913491781158));
#5762=CARTESIAN_POINT('Ctrl Pts',(38.6164831132031,19.2302973818528,0.680320279863247));
#5763=CARTESIAN_POINT('Ctrl Pts',(42.4274204101539,19.2630539555055,0.441371356430774));
#5764=CARTESIAN_POINT('Ctrl Pts',(42.1521355829903,19.6419475433602,0.422223038792716));
#5765=CARTESIAN_POINT('Ctrl Pts',(41.596017315353,20.0592536891316,0.525971905862507));
#5766=CARTESIAN_POINT('Ctrl Pts',(40.7993647250414,20.267263170754,0.611940400510374));
#5767=CARTESIAN_POINT('Ctrl Pts',(40.1999963544078,20.267148225966,0.611501450080952));
#5768=CARTESIAN_POINT('Ctrl Pts',(39.4038767262544,20.0588748653238,0.526046439654161));
#5769=CARTESIAN_POINT('Ctrl Pts',(38.847864417009,19.6419475433604,0.422223038792716));
#5770=CARTESIAN_POINT('Ctrl Pts',(38.5725795898453,19.2630539555055,0.441371356430774));
#5771=CARTESIAN_POINT('Ctrl Pts',(42.6418934815389,19.4230730706478,0.104901227678975));
#5772=CARTESIAN_POINT('Ctrl Pts',(42.3372302407374,19.8866747155208,0.0764597550215798));
#5773=CARTESIAN_POINT('Ctrl Pts',(41.7204396694358,20.409475258815,0.170357151857588));
#5774=CARTESIAN_POINT('Ctrl Pts',(40.8332926351504,20.6805558119157,0.247012903328468));
#5775=CARTESIAN_POINT('Ctrl Pts',(40.1660943339072,20.6803890608201,0.246580964734565));
#5776=CARTESIAN_POINT('Ctrl Pts',(39.2795404054352,20.4091296256264,0.170442905366099));
#5777=CARTESIAN_POINT('Ctrl Pts',(38.662769759262,19.886674715521,0.0764597550215792));
#5778=CARTESIAN_POINT('Ctrl Pts',(38.3581065184603,19.4230730706478,0.104901227678975));
#5779=CARTESIAN_POINT('Ctrl Pts',(42.8808298010983,19.6013443015504,2.23291217689884E-15));
#5780=CARTESIAN_POINT('Ctrl Pts',(42.5570073517782,20.131663604297,-0.0152810923466996));
#5781=CARTESIAN_POINT('Ctrl Pts',(41.9004820061666,20.7509221315417,0.120414454206178));
#5782=CARTESIAN_POINT('Ctrl Pts',(40.8904605180344,21.093620170205,0.239077734486237));
#5783=CARTESIAN_POINT('Ctrl Pts',(40.109198916376,21.0932893536798,0.23852032576293));
#5784=CARTESIAN_POINT('Ctrl Pts',(39.0992616506606,20.7505971550614,0.120482481669226));
#5785=CARTESIAN_POINT('Ctrl Pts',(38.4429926482211,20.1316636042972,-0.0152810923466991));
#5786=CARTESIAN_POINT('Ctrl Pts',(38.1191701989009,19.6013443015504,3.02277064373595E-15));
#5787=CARTESIAN_POINT('Ctrl Pts',(43.0247141248545,19.7086969030757,1.94289029309402E-15));
#5788=CARTESIAN_POINT('Ctrl Pts',(42.6895028032469,20.2703001343854,9.47542508232627E-16));
#5789=CARTESIAN_POINT('Ctrl Pts',(42.0096732998103,20.9308933754306,0.175673357816648));
#5790=CARTESIAN_POINT('Ctrl Pts',(40.9252982327755,21.301708004593,0.331116587150475));
#5791=CARTESIAN_POINT('Ctrl Pts',(40.0746359910818,21.3013043213936,0.330411233302085));
#5792=CARTESIAN_POINT('Ctrl Pts',(38.9899798645391,20.9304838948683,0.175813479952631));
#5793=CARTESIAN_POINT('Ctrl Pts',(38.3104971967524,20.2703001343856,2.49680053752136E-15));
#5794=CARTESIAN_POINT('Ctrl Pts',(37.9752858751447,19.7086969030757,3.33066907387547E-15));
#5795=CARTESIAN_POINT('Ctrl Pts',(42.3835168867961,19.2302973818528,0.8));
#5796=CARTESIAN_POINT('Ctrl Pts',(42.1334385992476,19.5654764532376,0.8));
#5797=CARTESIAN_POINT('Ctrl Pts',(41.6262642077948,19.9597352764645,0.940538686253321));
#5798=CARTESIAN_POINT('Ctrl Pts',(40.8172859831816,20.1810468646631,1.06489326972038));
#5799=CARTESIAN_POINT('Ctrl Pts',(40.1826649457275,20.1808059362773,1.06432898664167));
#5800=CARTESIAN_POINT('Ctrl Pts',(39.3734770417989,19.9594908880654,0.940650783962102));
#5801=CARTESIAN_POINT('Ctrl Pts',(38.8665614007515,19.5654764532376,0.8));
#5802=CARTESIAN_POINT('Ctrl Pts',(38.6164831132031,19.2302973818528,0.8));
#5803=CARTESIAN_POINT('Origin',(40.4999999999996,17.8249987882605,0.));
#5804=CARTESIAN_POINT('',(38.1499999999996,17.8249987882605,2.2));
#5805=CARTESIAN_POINT('',(38.1499999999996,17.8249987882605,0.));
#5806=CARTESIAN_POINT('Origin',(40.4999999999996,17.8249987882605,2.2));
#5807=CARTESIAN_POINT('Origin',(40.5000000000002,-31.1000012117315,0.8));
#5808=CARTESIAN_POINT('',(42.4330339814013,-32.4363692848118,0.8));
#5809=CARTESIAN_POINT('Origin',(43.0910881027294,-32.8913030969243,0.8));
#5810=CARTESIAN_POINT('',(38.1500000000002,-31.1000012117315,0.799999999999999));
#5811=CARTESIAN_POINT('Origin',(40.5000000000002,-31.1000012117315,0.8));
#5812=CARTESIAN_POINT('',(38.566966018599,-32.4363692848118,0.8));
#5813=CARTESIAN_POINT('Origin',(40.5000000000002,-31.1000012117315,0.8));
#5814=CARTESIAN_POINT('Origin',(37.908911897271,-32.8913030969243,0.8));
#5815=CARTESIAN_POINT('Ctrl Pts',(38.566966018599,-32.4363692848118,0.8));
#5816=CARTESIAN_POINT('Ctrl Pts',(38.8143058491653,-32.7941421971327,0.799999999999998));
#5817=CARTESIAN_POINT('Ctrl Pts',(39.3313262528804,-33.2176158339416,0.96128447076688));
#5818=CARTESIAN_POINT('Ctrl Pts',(40.1694766782661,-33.456345474501,1.10687443108657));
#5819=CARTESIAN_POINT('Ctrl Pts',(40.8305033663757,-33.4565960009158,1.10713737815028));
#5820=CARTESIAN_POINT('Ctrl Pts',(41.6684542127027,-33.2174321148781,0.961045375427988));
#5821=CARTESIAN_POINT('Ctrl Pts',(42.1856941508351,-32.7941421971327,0.800000000000001));
#5822=CARTESIAN_POINT('Ctrl Pts',(42.4330339814013,-32.4363692848118,0.8));
#5823=CARTESIAN_POINT('Ctrl Pts',(38.566966018599,-32.4363692848118,0.680320279863246));
#5824=CARTESIAN_POINT('Ctrl Pts',(38.8227052339302,-32.8062482859888,0.673817060530174));
#5825=CARTESIAN_POINT('Ctrl Pts',(39.3571161867333,-33.230206859576,0.822278000231673));
#5826=CARTESIAN_POINT('Ctrl Pts',(40.1810647674035,-33.4554206429649,0.953165046249631));
#5827=CARTESIAN_POINT('Ctrl Pts',(40.8187216453233,-33.4556870246269,0.953420624236945));
#5828=CARTESIAN_POINT('Ctrl Pts',(41.6427396392193,-33.2299623564163,0.82199817297322));
#5829=CARTESIAN_POINT('Ctrl Pts',(42.1772947660702,-32.8062482859887,0.673817060530176));
#5830=CARTESIAN_POINT('Ctrl Pts',(42.4330339814013,-32.4363692848118,0.680320279863246));
#5831=CARTESIAN_POINT('Ctrl Pts',(38.5219047887039,-32.4675215509101,0.441376794475919));
#5832=CARTESIAN_POINT('Ctrl Pts',(38.7951967315974,-32.8734334186868,0.421940267488591));
#5833=CARTESIAN_POINT('Ctrl Pts',(39.3674215860858,-33.3237286714902,0.545009689606984));
#5834=CARTESIAN_POINT('Ctrl Pts',(40.1909071731135,-33.5455151034828,0.64675497659818));
#5835=CARTESIAN_POINT('Ctrl Pts',(40.8086977757217,-33.5457977406133,0.646994337126668));
#5836=CARTESIAN_POINT('Ctrl Pts',(41.6326449275055,-33.3233713000113,0.544655860601886));
#5837=CARTESIAN_POINT('Ctrl Pts',(42.204803268403,-32.8734334186866,0.421940267488591));
#5838=CARTESIAN_POINT('Ctrl Pts',(42.4780952112965,-32.4675215509101,0.441376794475918));
#5839=CARTESIAN_POINT('Ctrl Pts',(38.3017934538499,-32.6196915402906,0.104910201955009));
#5840=CARTESIAN_POINT('Ctrl Pts',(38.6041892264247,-33.1160896488597,0.0760406447795998));
#5841=CARTESIAN_POINT('Ctrl Pts',(39.2387652537499,-33.6802046964247,0.18963378927909));
#5842=CARTESIAN_POINT('Ctrl Pts',(40.1559972416594,-33.9710961438216,0.281205048311226));
#5843=CARTESIAN_POINT('Ctrl Pts',(40.8436367634365,-33.9713966318929,0.281451924650027));
#5844=CARTESIAN_POINT('Ctrl Pts',(41.7613703064183,-33.6798187707138,0.189213825115686));
#5845=CARTESIAN_POINT('Ctrl Pts',(42.3958107735759,-33.1160896488595,0.0760406447795975));
#5846=CARTESIAN_POINT('Ctrl Pts',(42.6982065461505,-32.6196915402906,0.104910201955006));
#5847=CARTESIAN_POINT('Ctrl Pts',(38.0565788967873,-32.7892161882098,3.60755011538206E-15));
#5848=CARTESIAN_POINT('Ctrl Pts',(38.3772630666301,-33.3558731362003,-0.0155110944682719));
#5849=CARTESIAN_POINT('Ctrl Pts',(39.0487152646648,-34.0221708673603,0.143163010352178));
#5850=CARTESIAN_POINT('Ctrl Pts',(40.0944149136489,-34.3919857299319,0.283372167943245));
#5851=CARTESIAN_POINT('Ctrl Pts',(40.9053464825615,-34.3923459778358,0.283652080661993));
#5852=CARTESIAN_POINT('Ctrl Pts',(41.9510956685802,-34.0218369835324,0.142864567134768));
#5853=CARTESIAN_POINT('Ctrl Pts',(42.6227369333704,-33.3558731362,-0.015511094468278));
#5854=CARTESIAN_POINT('Ctrl Pts',(42.943421103213,-32.7892161882099,-6.82896986426598E-16));
#5855=CARTESIAN_POINT('Ctrl Pts',(37.908911897271,-32.8913030969243,4.16333634234434E-15));
#5856=CARTESIAN_POINT('Ctrl Pts',(38.2404525212216,-33.4907630298025,7.95060870629748E-15));
#5857=CARTESIAN_POINT('Ctrl Pts',(38.9334798708823,-34.2003066233917,0.201605588458603));
#5858=CARTESIAN_POINT('Ctrl Pts',(40.0569581006545,-34.6003057551802,0.38359303885821));
#5859=CARTESIAN_POINT('Ctrl Pts',(40.9430151506738,-34.6007255201836,0.383921722687851));
#5860=CARTESIAN_POINT('Ctrl Pts',(42.0662258595801,-34.1999987962374,0.201306719284984));
#5861=CARTESIAN_POINT('Ctrl Pts',(42.7595474787789,-33.4907630298023,-5.92881960977436E-16));
#5862=CARTESIAN_POINT('Ctrl Pts',(43.0910881027294,-32.8913030969243,-6.93889390390723E-16));
#5863=CARTESIAN_POINT('Ctrl Pts',(38.566966018599,-32.4363692848118,0.8));
#5864=CARTESIAN_POINT('Ctrl Pts',(38.8143058491653,-32.7941421971327,0.799999999999998));
#5865=CARTESIAN_POINT('Ctrl Pts',(39.3313262528804,-33.2176158339416,0.96128447076688));
#5866=CARTESIAN_POINT('Ctrl Pts',(40.1694766782661,-33.456345474501,1.10687443108657));
#5867=CARTESIAN_POINT('Ctrl Pts',(40.8305033663757,-33.4565960009158,1.10713737815028));
#5868=CARTESIAN_POINT('Ctrl Pts',(41.6684542127027,-33.2174321148781,0.961045375427988));
#5869=CARTESIAN_POINT('Ctrl Pts',(42.1856941508351,-32.7941421971327,0.800000000000001));
#5870=CARTESIAN_POINT('Ctrl Pts',(42.4330339814013,-32.4363692848118,0.8));
#5871=CARTESIAN_POINT('Origin',(40.5000000000002,-31.1000012117315,0.));
#5872=CARTESIAN_POINT('',(38.1500000000002,-31.1000012117315,2.2));
#5873=CARTESIAN_POINT('',(38.1500000000002,-31.1000012117315,0.));
#5874=CARTESIAN_POINT('Origin',(40.5000000000002,-31.1000012117315,2.2));
#5875=CARTESIAN_POINT('Origin',(40.5000000000002,-31.1000012117315,2.2));
#5876=CARTESIAN_POINT('',(42.0000000000002,-31.1000012117315,2.2));
#5877=CARTESIAN_POINT('Origin',(40.5000000000002,-31.1000012117315,2.2));
#5878=CARTESIAN_POINT('Origin',(-17.3500000000004,17.8242847882598,2.2));
#5879=CARTESIAN_POINT('',(-15.8500000000004,17.8242847882598,2.2));
#5880=CARTESIAN_POINT('Origin',(-17.3500000000004,17.8242847882598,2.2));
#5881=CARTESIAN_POINT('Origin',(40.4999999999996,17.8249987882605,2.2));
#5882=CARTESIAN_POINT('',(41.9999999999996,17.8249987882605,2.2));
#5883=CARTESIAN_POINT('Origin',(40.4999999999996,17.8249987882605,2.2));
#5884=CARTESIAN_POINT('Origin',(-17.3499999999998,-31.1000012117322,2.2));
#5885=CARTESIAN_POINT('',(-15.8499999999998,-31.1000012117322,2.2));
#5886=CARTESIAN_POINT('Origin',(-17.3499999999998,-31.1000012117322,2.2));
#5887=CARTESIAN_POINT('Ctrl Pts',(-20.5832431183455,-31.5913030969243,0.203729080768713));
#5888=CARTESIAN_POINT('Ctrl Pts',(-20.5832431183456,-34.151591598736,0.203729080768713));
#5889=CARTESIAN_POINT('Ctrl Pts',(-18.0229546165338,-34.151591598736,0.203729080768713));
#5890=CARTESIAN_POINT('Ctrl Pts',(-23.3229546165338,-31.5913030969243,1.11326029519195));
#5891=CARTESIAN_POINT('Ctrl Pts',(-23.3229546165338,-36.8913030969243,1.11326029519195));
#5892=CARTESIAN_POINT('Ctrl Pts',(-18.0229546165338,-36.8913030969243,1.11326029519195));
#5893=CARTESIAN_POINT('Ctrl Pts',(-23.3229546165338,-31.5913030969243,4.));
#5894=CARTESIAN_POINT('Ctrl Pts',(-23.3229546165338,-36.8913030969243,4.));
#5895=CARTESIAN_POINT('Ctrl Pts',(-18.0229546165338,-36.8913030969243,4.));
#5896=CARTESIAN_POINT('Origin',(-19.3229546165338,-31.5913030969243,4.));
#5897=CARTESIAN_POINT('Origin',(-17.3499999999998,-31.1000012117322,2.));
#5898=CARTESIAN_POINT('',(-13.6065073051883,-32.8913030969243,2.));
#5899=CARTESIAN_POINT('',(-15.5742475944835,-34.8508948911508,3.6));
#5900=CARTESIAN_POINT('Ctrl Pts',(-13.6065073051883,-32.8913030969243,2.));
#5901=CARTESIAN_POINT('Ctrl Pts',(-13.7494702294417,-33.1900694115224,2.));
#5902=CARTESIAN_POINT('Ctrl Pts',(-13.9373939671611,-33.4846696849918,2.0692489429734));
#5903=CARTESIAN_POINT('Ctrl Pts',(-14.3594980667562,-33.9964508373884,2.30928048890466));
#5904=CARTESIAN_POINT('Ctrl Pts',(-14.5934201646174,-34.2142434632841,2.47921171329253));
#5905=CARTESIAN_POINT('Ctrl Pts',(-14.9962555826197,-34.526093747123,2.82764867743141));
#5906=CARTESIAN_POINT('Ctrl Pts',(-15.1993056517386,-34.6542462882662,3.02547334857995));
#5907=CARTESIAN_POINT('Ctrl Pts',(-15.4478059098493,-34.7895845438059,3.35900222971256));
#5908=CARTESIAN_POINT('Ctrl Pts',(-15.5207285953839,-34.8255578649607,3.47587442846911));
#5909=CARTESIAN_POINT('Ctrl Pts',(-15.5742475944835,-34.8508948911508,3.6));
#5910=CARTESIAN_POINT('',(-19.3229546165338,-27.4489807953147,2.));
#5911=CARTESIAN_POINT('Origin',(-17.3499999999998,-31.1000012117322,2.));
#5912=CARTESIAN_POINT('',(-21.2825464107604,-29.7742641611771,3.6));
#5913=CARTESIAN_POINT('Ctrl Pts',(-21.2825464107604,-29.7742641611771,3.6));
#5914=CARTESIAN_POINT('Ctrl Pts',(-21.2583526506821,-29.7024979807578,3.48147526569782));
#5915=CARTESIAN_POINT('Ctrl Pts',(-21.2250660625585,-29.6105132791543,3.37128273757316));
#5916=CARTESIAN_POINT('Ctrl Pts',(-21.0975989200558,-29.3035523257961,3.04921332551592));
#5917=CARTESIAN_POINT('Ctrl Pts',(-20.975061411103,-29.0626862112226,2.85190665547932));
#5918=CARTESIAN_POINT('Ctrl Pts',(-20.6688692042451,-28.590541269857,2.49992696994067));
#5919=CARTESIAN_POINT('Ctrl Pts',(-20.4530385504508,-28.3215513814557,2.32504845092822));
#5920=CARTESIAN_POINT('Ctrl Pts',(-19.9358227424077,-27.8347057470264,2.07465737813617));
#5921=CARTESIAN_POINT('Ctrl Pts',(-19.6338819068246,-27.6170010643954,2.));
#5922=CARTESIAN_POINT('Ctrl Pts',(-19.3229546165338,-27.4489807953147,2.));
#5923=CARTESIAN_POINT('Origin',(-17.3499999999998,-31.1000012117322,3.6));
#5924=CARTESIAN_POINT('Origin',(-17.3499999999998,-31.1000012117322,2.));
#5925=CARTESIAN_POINT('',(-15.8499999999998,-31.1000012117322,3.6));
#5926=CARTESIAN_POINT('Origin',(-17.3499999999998,-31.1000012117322,3.6));
#5927=CARTESIAN_POINT('',(-15.8499999999998,-31.1000012117322,2.));
#5928=CARTESIAN_POINT('Origin',(-17.3499999999998,-31.1000012117322,3.6));
#5929=CARTESIAN_POINT('',(-18.0229546165338,-34.8508948911508,3.6));
#5930=CARTESIAN_POINT('',(-2.64795461653245,-34.8508948911508,3.6));
#5931=CARTESIAN_POINT('',(-21.2825464107604,-31.5913030969243,3.6));
#5932=CARTESIAN_POINT('',(-21.2825464107604,5.90869690307573,3.6));
#5933=CARTESIAN_POINT('Origin',(-18.0229546165338,-31.5913030969243,3.6));
#5934=CARTESIAN_POINT('Origin',(40.5000000000002,-31.1000012117315,3.6));
#5935=CARTESIAN_POINT('',(42.2757524055151,-34.8508948911508,3.6));
#5936=CARTESIAN_POINT('',(38.7242475944853,-34.8508948911508,3.6));
#5937=CARTESIAN_POINT('',(-2.64795461653245,-34.8508948911508,3.6));
#5938=CARTESIAN_POINT('Origin',(40.5000000000002,-31.1000012117315,3.6));
#5939=CARTESIAN_POINT('',(42.0000000000002,-31.1000012117315,3.6));
#5940=CARTESIAN_POINT('Origin',(40.5000000000002,-31.1000012117315,3.6));
#5941=CARTESIAN_POINT('Origin',(40.5000000000002,-31.1000012117315,2.));
#5942=CARTESIAN_POINT('',(36.756507305189,-32.8913030969243,2.));
#5943=CARTESIAN_POINT('Ctrl Pts',(38.7242475944852,-34.8508948911508,3.6));
#5944=CARTESIAN_POINT('Ctrl Pts',(38.6707285953856,-34.8255578649607,3.47587442846912));
#5945=CARTESIAN_POINT('Ctrl Pts',(38.597805909851,-34.7895845438059,3.35900222971258));
#5946=CARTESIAN_POINT('Ctrl Pts',(38.3493056517401,-34.6542462882662,3.02547334858));
#5947=CARTESIAN_POINT('Ctrl Pts',(38.146255582621,-34.526093747123,2.82764867743148));
#5948=CARTESIAN_POINT('Ctrl Pts',(37.7434201646186,-34.2142434632842,2.47921171329259));
#5949=CARTESIAN_POINT('Ctrl Pts',(37.5094980667572,-33.9964508373885,2.30928048890471));
#5950=CARTESIAN_POINT('Ctrl Pts',(37.087393967162,-33.4846696849919,2.06924894297342));
#5951=CARTESIAN_POINT('Ctrl Pts',(36.8994702294425,-33.1900694115225,2.));
#5952=CARTESIAN_POINT('Ctrl Pts',(36.756507305189,-32.8913030969243,2.));
#5953=CARTESIAN_POINT('',(43.4770529903107,-33.991308094939,2.32967398261816));
#5954=CARTESIAN_POINT('Ctrl Pts',(43.4770529903107,-33.991308094939,2.32967398261816));
#5955=CARTESIAN_POINT('Ctrl Pts',(43.3316791351378,-34.1409932330919,2.4282501877322));
#5956=CARTESIAN_POINT('Ctrl Pts',(43.1820788799093,-34.2719174985653,2.54365214129421));
#5957=CARTESIAN_POINT('Ctrl Pts',(42.8537444173793,-34.526093747123,2.82764867743148));
#5958=CARTESIAN_POINT('Ctrl Pts',(42.6506943482602,-34.6542462882662,3.02547334858));
#5959=CARTESIAN_POINT('Ctrl Pts',(42.4021940901494,-34.7895845438059,3.35900222971258));
#5960=CARTESIAN_POINT('Ctrl Pts',(42.3292714046148,-34.8255578649607,3.47587442846911));
#5961=CARTESIAN_POINT('Ctrl Pts',(42.2757524055151,-34.8508948911508,3.6));
#5962=CARTESIAN_POINT('',(44.4067363031948,-32.4999695889819,2.));
#5963=CARTESIAN_POINT('Ctrl Pts',(44.4067363031948,-32.4999695889819,2.));
#5964=CARTESIAN_POINT('Ctrl Pts',(44.3573296886676,-32.6378431422193,2.));
#5965=CARTESIAN_POINT('Ctrl Pts',(44.3006405389392,-32.7730850765804,2.00285706799058));
#5966=CARTESIAN_POINT('Ctrl Pts',(44.0593305645483,-33.2725514737202,2.0370036154707));
#5967=CARTESIAN_POINT('Ctrl Pts',(43.8570579363148,-33.5587939424589,2.10813732786787));
#5968=CARTESIAN_POINT('Ctrl Pts',(43.5984713243072,-33.8623879488415,2.25125992671999));
#5969=CARTESIAN_POINT('Ctrl Pts',(43.5374837724444,-33.9290851459663,2.28869674616788));
#5970=CARTESIAN_POINT('Ctrl Pts',(43.4770529903119,-33.9913080949378,2.32967398262171));
#5971=CARTESIAN_POINT('Origin',(40.5000000000002,-31.1000012117315,2.));
#5972=CARTESIAN_POINT('Origin',(40.5000000000002,-31.1000012117315,2.));
#5973=CARTESIAN_POINT('',(42.0000000000002,-31.1000012117315,2.));
#5974=CARTESIAN_POINT('Origin',(-17.3500000000004,17.8242847882598,3.6));
#5975=CARTESIAN_POINT('',(-18.0229546165338,21.6682886973023,3.6));
#5976=CARTESIAN_POINT('',(-15.7859878685684,21.6682886973023,3.6));
#5977=CARTESIAN_POINT('',(28.1020491888579,21.6682886973023,3.6));
#5978=CARTESIAN_POINT('',(-20.3734284885158,20.6670616305099,3.6));
#5979=CARTESIAN_POINT('Origin',(-18.0229546165338,18.4086969030757,3.6));
#5980=CARTESIAN_POINT('',(-20.5884347102805,20.4194804701407,3.6));
#5981=CARTESIAN_POINT('Origin',(-17.3500000000004,17.8242847882598,3.6));
#5982=CARTESIAN_POINT('',(-21.2825464107604,18.4086969030757,3.6));
#5983=CARTESIAN_POINT('Origin',(-18.0229546165338,18.4086969030757,3.6));
#5984=CARTESIAN_POINT('',(-21.2825464107604,16.498547737703,3.6));
#5985=CARTESIAN_POINT('',(-21.2825464107604,5.90869690307573,3.6));
#5986=CARTESIAN_POINT('Origin',(-17.3500000000004,17.8242847882598,3.6));
#5987=CARTESIAN_POINT('',(-15.8500000000004,17.8242847882598,3.6));
#5988=CARTESIAN_POINT('Origin',(-17.3500000000004,17.8242847882598,3.6));
#5989=CARTESIAN_POINT('Origin',(-17.3500000000004,17.8242847882598,2.));
#5990=CARTESIAN_POINT('Ctrl Pts',(-20.5884347102805,20.4194804701407,3.6));
#5991=CARTESIAN_POINT('Ctrl Pts',(-20.5708681985632,20.441400975666,3.59851337355615));
#5992=CARTESIAN_POINT('Ctrl Pts',(-20.5530579977751,20.4631690743765,3.59741492131868));
#5993=CARTESIAN_POINT('Ctrl Pts',(-20.525667369294,20.4959603026607,3.59632550348187));
#5994=CARTESIAN_POINT('Ctrl Pts',(-20.5162426123842,20.5071230475138,3.59605590723089));
#5995=CARTESIAN_POINT('Ctrl Pts',(-20.5018862758047,20.5239457419409,3.59580271746382));
#5996=CARTESIAN_POINT('Ctrl Pts',(-20.4969970506843,20.5296435315313,3.59574379610098));
#5997=CARTESIAN_POINT('Ctrl Pts',(-20.4883467791932,20.5396691755089,3.59568749691547));
#5998=CARTESIAN_POINT('Ctrl Pts',(-20.4845919523522,20.5440028195604,3.59567886619684));
#5999=CARTESIAN_POINT('Ctrl Pts',(-20.4767581850901,20.5530064119609,3.59569367514742));
#6000=CARTESIAN_POINT('Ctrl Pts',(-20.4726775592754,20.5576752299193,3.59571978273396));
#6001=CARTESIAN_POINT('Ctrl Pts',(-20.4621044506297,20.5697177993062,3.59583486947007));
#6002=CARTESIAN_POINT('Ctrl Pts',(-20.455595848007,20.5770780854279,3.59595168425057));
#6003=CARTESIAN_POINT('Ctrl Pts',(-20.4341506572864,20.6011566587307,3.59648719917479));
#6004=CARTESIAN_POINT('Ctrl Pts',(-20.4191015183817,20.6177804351369,3.59710102788085));
#6005=CARTESIAN_POINT('Ctrl Pts',(-20.3938187607532,20.6452580850433,3.59853024022713));
#6006=CARTESIAN_POINT('Ctrl Pts',(-20.3836507309108,20.6561897891419,3.59921024962665));
#6007=CARTESIAN_POINT('Ctrl Pts',(-20.3734284885158,20.6670616305099,3.60000000000001));
#6008=CARTESIAN_POINT('Origin',(-17.3500000000004,17.8242847882598,2.));
#6009=CARTESIAN_POINT('',(-13.6525020647021,19.7086969030757,2.));
#6010=CARTESIAN_POINT('Ctrl Pts',(-15.7859878685684,21.6682886973023,3.6));
#6011=CARTESIAN_POINT('Ctrl Pts',(-15.7859793970039,21.6682852504718,3.59998311404853));
#6012=CARTESIAN_POINT('Ctrl Pts',(-15.7859709250217,21.668281803442,3.59996622826841));
#6013=CARTESIAN_POINT('Ctrl Pts',(-15.7245829679524,21.6433043542174,3.47761810181656));
#6014=CARTESIAN_POINT('Ctrl Pts',(-15.6429894952423,21.608319747538,3.36332862284958));
#6015=CARTESIAN_POINT('Ctrl Pts',(-15.3684452075245,21.4762978361183,3.03499097489155));
#6016=CARTESIAN_POINT('Ctrl Pts',(-15.148653222649,21.3509953037009,2.83826823280545));
#6017=CARTESIAN_POINT('Ctrl Pts',(-14.7141258803862,21.0424077246033,2.4888111007287));
#6018=CARTESIAN_POINT('Ctrl Pts',(-14.4633450540468,20.8254909275022,2.31658213482567));
#6019=CARTESIAN_POINT('Ctrl Pts',(-14.0100094297896,20.3111462156603,2.07174202864851));
#6020=CARTESIAN_POINT('Ctrl Pts',(-13.8076544404804,20.0131290305208,2.));
#6021=CARTESIAN_POINT('Ctrl Pts',(-13.6525020647021,19.7086969030757,2.));
#6022=CARTESIAN_POINT('',(-19.3229546165338,14.173264371842,2.));
#6023=CARTESIAN_POINT('Ctrl Pts',(-19.3229546165338,14.173264371842,2.));
#6024=CARTESIAN_POINT('Ctrl Pts',(-19.6338819068246,14.3412846409227,2.));
#6025=CARTESIAN_POINT('Ctrl Pts',(-19.9358227424076,14.5589893235535,2.07465737813615));
#6026=CARTESIAN_POINT('Ctrl Pts',(-20.4530385504507,15.0458349579826,2.32504845092816));
#6027=CARTESIAN_POINT('Ctrl Pts',(-20.668869204245,15.3148248463838,2.49992696994059));
#6028=CARTESIAN_POINT('Ctrl Pts',(-20.9750614111029,15.7869697877491,2.85190665547921));
#6029=CARTESIAN_POINT('Ctrl Pts',(-21.0975989200557,16.0278359023225,3.0492133255158));
#6030=CARTESIAN_POINT('Ctrl Pts',(-21.2250660625585,16.3347968556804,3.37128273757309));
#6031=CARTESIAN_POINT('Ctrl Pts',(-21.2583526506821,16.4267815572839,3.48147526569778));
#6032=CARTESIAN_POINT('Ctrl Pts',(-21.2825464107604,16.498547737703,3.6));
#6033=CARTESIAN_POINT('Origin',(-17.3500000000004,17.8242847882598,2.));
#6034=CARTESIAN_POINT('Origin',(-17.3500000000004,17.8242847882598,2.));
#6035=CARTESIAN_POINT('',(-15.8500000000004,17.8242847882598,2.));
#6036=CARTESIAN_POINT('Origin',(40.4999999999996,17.8249987882605,3.6));
#6037=CARTESIAN_POINT('',(38.9342341570148,21.6682886973023,3.6));
#6038=CARTESIAN_POINT('',(42.0657658429844,21.6682886973023,3.6));
#6039=CARTESIAN_POINT('',(28.1020491888579,21.6682886973023,3.6));
#6040=CARTESIAN_POINT('Origin',(40.4999999999996,17.8249987882605,3.6));
#6041=CARTESIAN_POINT('',(41.9999999999996,17.8249987882605,3.6));
#6042=CARTESIAN_POINT('Origin',(40.4999999999996,17.8249987882605,3.6));
#6043=CARTESIAN_POINT('Origin',(40.4999999999996,17.8249987882605,2.));
#6044=CARTESIAN_POINT('',(43.4770486971903,20.7163100919003,2.27236703501523));
#6045=CARTESIAN_POINT('',(44.3513875264898,19.3707394265293,2.));
#6046=CARTESIAN_POINT('Ctrl Pts',(43.4770486971903,20.7163100919003,2.27236703501523));
#6047=CARTESIAN_POINT('Ctrl Pts',(43.5193789227842,20.6727246285164,2.24694657396363));
#6048=CARTESIAN_POINT('Ctrl Pts',(43.5618770987065,20.6270516750002,2.2231982744964));
#6049=CARTESIAN_POINT('Ctrl Pts',(43.8192351284463,20.3369772285994,2.08978403857442));
#6050=CARTESIAN_POINT('Ctrl Pts',(44.0394809645233,20.0355384667669,2.02248017708426));
#6051=CARTESIAN_POINT('Ctrl Pts',(44.2745690252949,19.5526913629929,2.00140511647744));
#6052=CARTESIAN_POINT('Ctrl Pts',(44.3146275518143,19.4623310586791,2.));
#6053=CARTESIAN_POINT('Ctrl Pts',(44.3513875264898,19.3707394265293,2.));
#6054=CARTESIAN_POINT('Ctrl Pts',(42.0657658429844,21.6682886973023,3.6));
#6055=CARTESIAN_POINT('Ctrl Pts',(42.0657737375686,21.6682854810291,3.59998424354356));
#6056=CARTESIAN_POINT('Ctrl Pts',(42.0657816325175,21.668282264582,3.59996848723671));
#6057=CARTESIAN_POINT('Ctrl Pts',(42.1270989050981,21.6433009933176,3.47760056245314));
#6058=CARTESIAN_POINT('Ctrl Pts',(42.208618527045,21.6083062569809,3.36328510740168));
#6059=CARTESIAN_POINT('Ctrl Pts',(42.4829377332274,21.4762540708969,3.03490206561253));
#6060=CARTESIAN_POINT('Ctrl Pts',(42.7025846862577,21.3509291330375,2.83817532361717));
#6061=CARTESIAN_POINT('Ctrl Pts',(43.0907400037535,21.075082289332,2.52582977933844));
#6062=CARTESIAN_POINT('Ctrl Pts',(43.2892406145964,20.9096873345736,2.38515109510373));
#6063=CARTESIAN_POINT('Ctrl Pts',(43.47704869719,20.7163100919006,2.27236703501405));
#6064=CARTESIAN_POINT('',(36.8021382648557,19.7086969030757,2.));
#6065=CARTESIAN_POINT('Ctrl Pts',(36.8021382648557,19.7086969030757,2.));
#6066=CARTESIAN_POINT('Ctrl Pts',(36.9571924238416,20.013081579622,2.));
#6067=CARTESIAN_POINT('Ctrl Pts',(37.1594307180439,20.3110701297327,2.07172095319319));
#6068=CARTESIAN_POINT('Ctrl Pts',(37.6125127116853,20.8253936462215,2.31652068848277));
#6069=CARTESIAN_POINT('Ctrl Pts',(37.8631561738339,21.0423181010759,2.48873039449054));
#6070=CARTESIAN_POINT('Ctrl Pts',(38.2974153137415,21.3509291330375,2.83817532361717));
#6071=CARTESIAN_POINT('Ctrl Pts',(38.5170622667718,21.4762540708969,3.03490206561253));
#6072=CARTESIAN_POINT('Ctrl Pts',(38.7913814729542,21.6083062569809,3.36328510740168));
#6073=CARTESIAN_POINT('Ctrl Pts',(38.872901094901,21.6433009933176,3.47760056245314));
#6074=CARTESIAN_POINT('Ctrl Pts',(38.9342183674817,21.668282264582,3.5999684872367));
#6075=CARTESIAN_POINT('Ctrl Pts',(38.9342262624305,21.6682854810291,3.59998424354356));
#6076=CARTESIAN_POINT('Ctrl Pts',(38.9342341570148,21.6682886973023,3.6));
#6077=CARTESIAN_POINT('Origin',(40.4999999999996,17.8249987882605,2.));
#6078=CARTESIAN_POINT('Origin',(40.4999999999996,17.8249987882605,2.));
#6079=CARTESIAN_POINT('',(41.9999999999996,17.8249987882605,2.));
#6080=CARTESIAN_POINT('Origin',(17.7500000000004,-36.8913030969243,7.88309803721301));
#6081=CARTESIAN_POINT('',(18.024000945028,-34.8913030969243,6.92136861470177));
#6082=CARTESIAN_POINT('Origin',(17.7500000000004,-34.8913030969243,7.88309803721301));
#6083=CARTESIAN_POINT('',(18.024000945028,-36.8913030969243,6.92136861470177));
#6084=CARTESIAN_POINT('Origin',(48.7770453834662,-1.54999999999932,7.125));
#6085=CARTESIAN_POINT('',(48.7770453834662,-1.54999999999932,7.125));
#6086=CARTESIAN_POINT('',(48.7770453834662,-1.54999999999931,3.5625));
#6087=CARTESIAN_POINT('',(48.7770453834662,-1.54999999999932,7.125));
#6088=CARTESIAN_POINT('Origin',(-18.0229546165338,-34.8913030969243,0.));
#6089=CARTESIAN_POINT('',(43.4770529903107,-34.8913030969243,4.));
#6090=CARTESIAN_POINT('',(43.4770529903107,-34.8913030969243,0.));
#6091=CARTESIAN_POINT('',(-2.64795461653245,-34.8913030969243,4.));
#6092=CARTESIAN_POINT('',(-14.1699999999997,-34.8913030969243,6.425));
#6093=CARTESIAN_POINT('',(-14.1699999999997,-34.8913030969243,3.2125));
#6094=CARTESIAN_POINT('',(-12.8899999999997,-34.8913030969243,5.145));
#6095=CARTESIAN_POINT('Origin',(-12.8899999999997,-34.8913030969243,6.425));
#6096=CARTESIAN_POINT('',(-6.50999999999975,-34.8913030969243,5.145));
#6097=CARTESIAN_POINT('',(-12.2664773082668,-34.8913030969243,5.145));
#6098=CARTESIAN_POINT('',(-5.22999999999975,-34.8913030969243,6.425));
#6099=CARTESIAN_POINT('Origin',(-6.50999999999975,-34.8913030969243,6.425));
#6100=CARTESIAN_POINT('',(-5.22999999999975,-34.8913030969243,6.525));
#6101=CARTESIAN_POINT('',(-5.22999999999975,-34.8913030969243,3.2625));
#6102=CARTESIAN_POINT('Origin',(-6.50999999999975,-34.8913030969243,6.525));
#6103=CARTESIAN_POINT('',(4.36942802669277,-34.8913030969243,6.83776940928285));
#6104=CARTESIAN_POINT('',(-5.08526561826454,-34.8913030969243,9.53145323867604));
#6105=CARTESIAN_POINT('',(4.6041567418243,-34.8913030969243,6.70872262190174));
#6106=CARTESIAN_POINT('Origin',(4.20502745967638,-34.8913030969243,6.260731755776));
#6107=CARTESIAN_POINT('',(5.59792542808812,-34.8913030969243,5.82334255645638));
#6108=CARTESIAN_POINT('',(0.459923177357661,-34.8913030969243,10.4009518451057));
#6109=CARTESIAN_POINT('',(6.26314089833438,-34.8913030969243,5.56999399999982));
#6110=CARTESIAN_POINT('Origin',(6.26314089833438,-34.8913030969243,6.56999400000001));
#6111=CARTESIAN_POINT('',(15.8368591016664,-34.8913030969243,5.56999400000018));
#6112=CARTESIAN_POINT('',(-1.09304775743382,-34.8913030969243,5.56999399999955));
#6113=CARTESIAN_POINT('',(16.5020745719123,-34.8913030969243,5.8233425564566));
#6114=CARTESIAN_POINT('Origin',(15.8368591016664,-34.8913030969243,6.569994));
#6115=CARTESIAN_POINT('',(17.4958432581763,-34.8913030969243,6.7087226219016));
#6116=CARTESIAN_POINT('',(5.92912684871133,-34.8913030969243,-3.59643216224721));
#6117=CARTESIAN_POINT('',(17.7305719733078,-34.8913030969243,6.8377694092828));
#6118=CARTESIAN_POINT('Origin',(17.8949725403244,-34.8913030969243,6.260731755776));
#6119=CARTESIAN_POINT('',(0.441721684576941,-34.8913030969243,1.9120998740892));
#6120=CARTESIAN_POINT('Origin',(48.7770453834662,-31.5913030969243,0.));
#6121=CARTESIAN_POINT('',(48.7770453834662,-7.57499999999933,6.325));
#6122=CARTESIAN_POINT('Origin',(48.7770453834662,-7.57499999999933,7.125));
#6123=CARTESIAN_POINT('',(48.7770453834662,-19.4749999999993,6.325));
#6124=CARTESIAN_POINT('',(48.7770453834662,-19.5831515484618,6.325));
#6125=CARTESIAN_POINT('',(48.7770453834662,-20.2749999999993,7.125));
#6126=CARTESIAN_POINT('Origin',(48.7770453834662,-19.4749999999993,7.125));
#6127=CARTESIAN_POINT('',(48.7770453834662,-20.2749999999993,3.56250000000001));
#6128=CARTESIAN_POINT('',(48.7770453834662,18.4086969030757,4.));
#6129=CARTESIAN_POINT('',(48.7770453834662,-19.0913030969243,4.));
#6130=CARTESIAN_POINT('',(48.7770453834662,18.4086969030757,0.));
#6131=CARTESIAN_POINT('',(48.7770453834662,11.9500000000007,7.125));
#6132=CARTESIAN_POINT('',(48.7770453834662,11.9500000000007,5.69749999999999));
#6133=CARTESIAN_POINT('',(48.7770453834662,11.1500000000007,6.325));
#6134=CARTESIAN_POINT('Origin',(48.7770453834662,11.1500000000007,7.125));
#6135=CARTESIAN_POINT('',(48.7770453834662,-0.749999999999317,6.325));
#6136=CARTESIAN_POINT('',(48.7770453834662,-10.2206515484618,6.325));
#6137=CARTESIAN_POINT('Origin',(48.7770453834662,-0.749999999999315,7.125));
#6138=CARTESIAN_POINT('Origin',(48.7770453834662,-20.2749999999993,7.125));
#6139=CARTESIAN_POINT('',(48.7770453834662,-20.2749999999993,7.125));
#6140=CARTESIAN_POINT('Ctrl Pts',(-21.2825464107604,-31.5913030969243,3.6));
#6141=CARTESIAN_POINT('Ctrl Pts',(-21.2825464107604,-34.8508948911508,3.6));
#6142=CARTESIAN_POINT('Ctrl Pts',(-18.0229546165338,-34.8508948911508,3.6));
#6143=CARTESIAN_POINT('Ctrl Pts',(-21.3229546165338,-31.5913030969243,3.79795897113271));
#6144=CARTESIAN_POINT('Ctrl Pts',(-21.3229546165338,-34.8913030969243,3.79795897113271));
#6145=CARTESIAN_POINT('Ctrl Pts',(-18.0229546165338,-34.8913030969243,3.79795897113271));
#6146=CARTESIAN_POINT('Ctrl Pts',(-21.3229546165338,-31.5913030969243,4.));
#6147=CARTESIAN_POINT('Ctrl Pts',(-21.3229546165338,-34.8913030969243,4.));
#6148=CARTESIAN_POINT('Ctrl Pts',(-18.0229546165338,-34.8913030969243,4.));
#6149=CARTESIAN_POINT('Origin',(-19.3229546165338,-31.5913030969243,4.));
#6150=CARTESIAN_POINT('Origin',(-18.0229546165338,-32.8913030969243,4.));
#6151=CARTESIAN_POINT('Origin',(-2.64795461653245,-32.8913030969243,4.));
#6152=CARTESIAN_POINT('Origin',(43.4770529903107,-32.8913030969243,4.));
#6153=CARTESIAN_POINT('',(-2.64795461653245,-32.8913030969243,2.));
#6154=CARTESIAN_POINT('Origin',(-18.0229546165338,18.4086969030757,0.));
#6155=CARTESIAN_POINT('',(-18.0229546165338,21.7086969030757,4.));
#6156=CARTESIAN_POINT('Origin',(-18.0229546165338,18.4086969030757,4.));
#6157=CARTESIAN_POINT('',(-18.0229546165338,21.7086969030757,7.5));
#6158=CARTESIAN_POINT('Ctrl Pts',(-18.0229546165338,21.6674016844969,3.59567886619949));
#6159=CARTESIAN_POINT('Ctrl Pts',(-21.281659397955,21.6674016844969,3.59567886619949));
#6160=CARTESIAN_POINT('Ctrl Pts',(-21.281659397955,18.4086969030757,3.59567886619949));
#6161=CARTESIAN_POINT('Ctrl Pts',(-18.0229546165338,21.7086969030757,3.7957305956746));
#6162=CARTESIAN_POINT('Ctrl Pts',(-21.3229546165338,21.7086969030757,3.7957305956746));
#6163=CARTESIAN_POINT('Ctrl Pts',(-21.3229546165338,18.4086969030757,3.7957305956746));
#6164=CARTESIAN_POINT('Ctrl Pts',(-18.0229546165338,21.7086969030757,4.));
#6165=CARTESIAN_POINT('Ctrl Pts',(-21.3229546165338,21.7086969030757,4.));
#6166=CARTESIAN_POINT('Ctrl Pts',(-21.3229546165338,18.4086969030757,4.));
#6167=CARTESIAN_POINT('Origin',(-18.0229546165338,19.7086969030757,4.));
#6168=CARTESIAN_POINT('Origin',(-19.3229546165338,18.4086969030757,4.));
#6169=CARTESIAN_POINT('Origin',(-19.3229546165338,5.90869690307572,4.));
#6170=CARTESIAN_POINT('',(-19.3229546165338,5.90869690307572,2.));
#6171=CARTESIAN_POINT('',(-19.3229546165338,5.90869690307572,2.));
#6172=CARTESIAN_POINT('Origin',(43.4770529942469,21.7086969030757,0.));
#6173=CARTESIAN_POINT('',(43.4770501222542,21.7086969030778,4.));
#6174=CARTESIAN_POINT('',(28.1020491888579,21.7086969030757,4.));
#6175=CARTESIAN_POINT('',(43.4770529942469,21.708696903067,7.5));
#6176=CARTESIAN_POINT('Origin',(28.1020491888579,19.7086969030757,4.));
#6177=CARTESIAN_POINT('',(28.1020491888579,19.7086969030757,2.));
#6178=CARTESIAN_POINT('Origin',(43.4770472502614,19.7086969030744,4.));
#6179=CARTESIAN_POINT('Origin',(12.7270453834689,-6.59130309692429,2.));
#6180=CARTESIAN_POINT('',(44.7770453834716,-31.5913030969243,2.));
#6181=CARTESIAN_POINT('Origin',(43.4770453834662,-31.5913030969243,2.));
#6182=CARTESIAN_POINT('',(44.7770453834662,18.4086969030757,2.));
#6183=CARTESIAN_POINT('',(44.7770453834662,-19.0913030969243,2.));
#6184=CARTESIAN_POINT('Origin',(43.4770453834662,18.4086969030757,2.));
#6185=CARTESIAN_POINT('Origin',(43.4770529942469,23.7086969030757,0.));
#6186=CARTESIAN_POINT('',(43.4770529942469,23.7086969030757,0.));
#6187=CARTESIAN_POINT('Origin',(-19.3229546165338,5.90869690307572,4.));
#6188=CARTESIAN_POINT('Origin',(48.7770453834662,-0.749999999999315,7.125));
#6189=CARTESIAN_POINT('',(48.7770453834662,-0.749999999999317,6.325));
#6190=CARTESIAN_POINT('Origin',(48.7770453834662,11.1500000000007,6.325));
#6191=CARTESIAN_POINT('',(48.7770453834662,11.1500000000007,6.325));
#6192=CARTESIAN_POINT('Origin',(48.7770453834662,11.1500000000007,7.125));
#6193=CARTESIAN_POINT('',(48.7770453834662,11.9500000000007,7.125));
#6194=CARTESIAN_POINT('Origin',(48.7770453834662,11.9500000000007,11.395));
#6195=CARTESIAN_POINT('Origin',(48.7770453834662,-19.4749999999993,7.125));
#6196=CARTESIAN_POINT('',(48.7770453834662,-19.4749999999993,6.325));
#6197=CARTESIAN_POINT('Origin',(48.7770453834662,-7.57499999999933,6.325));
#6198=CARTESIAN_POINT('',(48.7770453834662,-7.57499999999933,6.325));
#6199=CARTESIAN_POINT('Origin',(48.7770453834662,-7.57499999999933,7.125));
#6200=CARTESIAN_POINT('Origin',(-14.1699999999997,-36.8913030969243,6.425));
#6201=CARTESIAN_POINT('',(-14.1699999999997,-36.8913030969243,6.425));
#6202=CARTESIAN_POINT('Origin',(-12.8899999999997,-36.8913030969243,6.425));
#6203=CARTESIAN_POINT('',(-12.8899999999997,-36.8913030969243,5.145));
#6204=CARTESIAN_POINT('Origin',(-6.50999999999975,-36.8913030969243,5.145));
#6205=CARTESIAN_POINT('',(-6.50999999999975,-36.8913030969243,5.145));
#6206=CARTESIAN_POINT('Origin',(-6.50999999999975,-36.8913030969243,6.425));
#6207=CARTESIAN_POINT('',(-5.22999999999975,-36.8913030969243,6.425));
#6208=CARTESIAN_POINT('Origin',(-5.22999999999975,-36.8913030969243,6.525));
#6209=CARTESIAN_POINT('',(-5.22999999999975,-36.8913030969243,6.525));
#6210=CARTESIAN_POINT('Origin',(-6.50999999999975,-36.8913030969243,6.525));
#6211=CARTESIAN_POINT('Origin',(4.36942802669275,-36.8913030969243,6.83776940928277));
#6212=CARTESIAN_POINT('',(4.36942802669277,-36.8913030969243,6.83776940928285));
#6213=CARTESIAN_POINT('Origin',(4.20502745967638,-36.8913030969243,6.260731755776));
#6214=CARTESIAN_POINT('',(4.6041567418243,-36.8913030969243,6.70872262190174));
#6215=CARTESIAN_POINT('Origin',(5.59792542808812,-36.8913030969243,5.82334255645638));
#6216=CARTESIAN_POINT('',(5.59792542808812,-36.8913030969243,5.82334255645638));
#6217=CARTESIAN_POINT('Origin',(6.26314089833438,-36.8913030969243,6.56999400000001));
#6218=CARTESIAN_POINT('',(6.26314089833438,-36.8913030969243,5.56999399999982));
#6219=CARTESIAN_POINT('Origin',(15.8368591016664,-36.8913030969243,5.56999400000018));
#6220=CARTESIAN_POINT('',(15.8368591016664,-36.8913030969243,5.56999400000018));
#6221=CARTESIAN_POINT('Origin',(15.8368591016664,-36.8913030969243,6.569994));
#6222=CARTESIAN_POINT('',(16.5020745719123,-36.8913030969243,5.8233425564566));
#6223=CARTESIAN_POINT('Origin',(17.4958432581766,-36.8913030969243,6.70872262190131));
#6224=CARTESIAN_POINT('',(17.4958432581763,-36.8913030969243,6.7087226219016));
#6225=CARTESIAN_POINT('Origin',(17.8949725403244,-36.8913030969243,6.260731755776));
#6226=CARTESIAN_POINT('',(17.7305719733078,-36.8913030969243,6.8377694092828));
#6227=CARTESIAN_POINT('Origin',(18.024000945028,-36.8913030969243,6.92136861470177));
#6228=CARTESIAN_POINT('Ctrl Pts',(43.477047249296,-32.8913030969284,2.));
#6229=CARTESIAN_POINT('Ctrl Pts',(44.7770453834716,-32.8913012311013,2.));
#6230=CARTESIAN_POINT('Ctrl Pts',(44.7770453834716,-31.5913030969243,2.));
#6231=CARTESIAN_POINT('Ctrl Pts',(43.4770501198033,-34.8913030969263,2.));
#6232=CARTESIAN_POINT('Ctrl Pts',(46.7770453834716,-34.891298360596,2.));
#6233=CARTESIAN_POINT('Ctrl Pts',(46.7770453834716,-31.5913030969243,2.));
#6234=CARTESIAN_POINT('Ctrl Pts',(43.4770501198033,-34.8913030969263,4.));
#6235=CARTESIAN_POINT('Ctrl Pts',(46.7770453834716,-34.891298360596,4.));
#6236=CARTESIAN_POINT('Ctrl Pts',(46.7770453834716,-31.5913030969243,4.));
#6237=CARTESIAN_POINT('Origin',(43.4770453834662,-31.5913030969243,4.));
#6238=CARTESIAN_POINT('Origin',(44.7770453834716,-31.5913030969243,4.));
#6239=CARTESIAN_POINT('Origin',(44.7770453834662,-19.0913030969243,4.));
#6240=CARTESIAN_POINT('Origin',(44.7770453834662,18.4086969030757,4.));
#6241=CARTESIAN_POINT('Ctrl Pts',(44.7770453834662,18.4086969030757,2.));
#6242=CARTESIAN_POINT('Ctrl Pts',(44.7770453834662,19.7086950362818,2.));
#6243=CARTESIAN_POINT('Ctrl Pts',(43.4770472502614,19.7086969030744,2.));
#6244=CARTESIAN_POINT('Ctrl Pts',(46.7770453834662,18.4086969030757,2.));
#6245=CARTESIAN_POINT('Ctrl Pts',(46.7770453834662,21.7086921642911,2.));
#6246=CARTESIAN_POINT('Ctrl Pts',(43.4770501222542,21.7086969030723,2.));
#6247=CARTESIAN_POINT('Ctrl Pts',(46.7770453834662,18.4086969030757,4.));
#6248=CARTESIAN_POINT('Ctrl Pts',(46.7770453834662,21.7086921642911,4.));
#6249=CARTESIAN_POINT('Ctrl Pts',(43.4770501222542,21.7086969030723,4.));
#6250=CARTESIAN_POINT('Origin',(43.4770453834662,18.4086969030757,4.));
#6251=CARTESIAN_POINT('Origin',(43.4770453834662,18.4086969030757,0.));
#6252=CARTESIAN_POINT('Origin',(43.4770453834662,-31.5913030969243,0.));
#6253=CARTESIAN_POINT('Ctrl Pts',(43.477047249296,-32.8913030969284,0.));
#6254=CARTESIAN_POINT('Ctrl Pts',(44.7770453834716,-32.8913012311013,0.));
#6255=CARTESIAN_POINT('Ctrl Pts',(44.7770453834716,-31.5913030969243,0.));
#6256=CARTESIAN_POINT('Ctrl Pts',(43.4770529903107,-36.8913030969243,-4.44089192273274E-15));
#6257=CARTESIAN_POINT('Ctrl Pts',(48.7770453834716,-36.8912954900907,-4.31842741858589E-15));
#6258=CARTESIAN_POINT('Ctrl Pts',(48.7770453834716,-31.5913030969243,-4.31842741858589E-15));
#6259=CARTESIAN_POINT('Ctrl Pts',(43.4770529903107,-36.8913030969243,4.));
#6260=CARTESIAN_POINT('Ctrl Pts',(48.7770453834716,-36.8912954900907,4.));
#6261=CARTESIAN_POINT('Ctrl Pts',(48.7770453834716,-31.5913030969243,4.));
#6262=CARTESIAN_POINT('Origin',(44.7770453834716,-31.5913030969243,4.));
#6263=CARTESIAN_POINT('Origin',(44.7770453834662,-19.0913030969243,4.));
#6264=CARTESIAN_POINT('Origin',(44.7770453834662,18.4086969030757,4.));
#6265=CARTESIAN_POINT('Ctrl Pts',(44.7770453834662,18.4086969030757,0.));
#6266=CARTESIAN_POINT('Ctrl Pts',(44.7770453834662,19.7086950362818,0.));
#6267=CARTESIAN_POINT('Ctrl Pts',(43.4770472502614,19.7086969030744,0.));
#6268=CARTESIAN_POINT('Ctrl Pts',(48.7770453834662,18.4086969030757,-3.31922669642325E-15));
#6269=CARTESIAN_POINT('Ctrl Pts',(48.7770453834662,23.7086892923004,-3.31922669642325E-15));
#6270=CARTESIAN_POINT('Ctrl Pts',(43.4770529942469,23.7086969030703,-3.33066905744426E-15));
#6271=CARTESIAN_POINT('Ctrl Pts',(48.7770453834662,18.4086969030757,4.));
#6272=CARTESIAN_POINT('Ctrl Pts',(48.7770453834662,23.7086892923004,4.));
#6273=CARTESIAN_POINT('Ctrl Pts',(43.4770529942469,23.7086969030703,4.));
#6274=CARTESIAN_POINT('Origin',(43.4770453834662,18.4086969030757,4.));
#6275=CARTESIAN_POINT('Origin',(43.4770453834662,18.4086969030757,0.));
#6276=UNCERTAINTY_MEASURE_WITH_UNIT(LENGTH_MEASURE(0.01),#6280,
'DISTANCE_ACCURACY_VALUE',
'Maximum model space distance between geometric entities at asserted c
onnectivities');
#6277=UNCERTAINTY_MEASURE_WITH_UNIT(LENGTH_MEASURE(0.01),#6280,
'DISTANCE_ACCURACY_VALUE',
'Maximum model space distance between geometric entities at asserted c
onnectivities');
#6278=(
GEOMETRIC_REPRESENTATION_CONTEXT(3)
GLOBAL_UNCERTAINTY_ASSIGNED_CONTEXT((#6276))
GLOBAL_UNIT_ASSIGNED_CONTEXT((#6280,#6282,#6283))
REPRESENTATION_CONTEXT('','3D')
);
#6279=(
GEOMETRIC_REPRESENTATION_CONTEXT(3)
GLOBAL_UNCERTAINTY_ASSIGNED_CONTEXT((#6277))
GLOBAL_UNIT_ASSIGNED_CONTEXT((#6280,#6282,#6283))
REPRESENTATION_CONTEXT('','3D')
);
#6280=(
LENGTH_UNIT()
NAMED_UNIT(*)
SI_UNIT(.MILLI.,.METRE.)
);
#6281=(
LENGTH_UNIT()
NAMED_UNIT(*)
SI_UNIT($,.METRE.)
);
#6282=(
NAMED_UNIT(*)
PLANE_ANGLE_UNIT()
SI_UNIT($,.RADIAN.)
);
#6283=(
NAMED_UNIT(*)
SI_UNIT($,.STERADIAN.)
SOLID_ANGLE_UNIT()
);
#6284=SHAPE_DEFINITION_REPRESENTATION(#6285,#6286);
#6285=PRODUCT_DEFINITION_SHAPE('',$,#6288);
#6286=SHAPE_REPRESENTATION('',(#3428),#6278);
#6287=PRODUCT_DEFINITION_CONTEXT('part definition',#6292,'design');
#6288=PRODUCT_DEFINITION('(Unsaved)','(Unsaved)',#6289,#6287);
#6289=PRODUCT_DEFINITION_FORMATION('',$,#6294);
#6290=PRODUCT_RELATED_PRODUCT_CATEGORY('(Unsaved)','(Unsaved)',(#6294));
#6291=APPLICATION_PROTOCOL_DEFINITION('international standard',
'automotive_design',2009,#6292);
#6292=APPLICATION_CONTEXT(
'Core Data for Automotive Mechanical Design Process');
#6293=PRODUCT_CONTEXT('part definition',#6292,'mechanical');
#6294=PRODUCT('(Unsaved)','(Unsaved)',$,(#6293));
#6295=PRESENTATION_STYLE_ASSIGNMENT((#6296));
#6296=SURFACE_STYLE_USAGE(.BOTH.,#6297);
#6297=SURFACE_SIDE_STYLE('',(#6298));
#6298=SURFACE_STYLE_FILL_AREA(#6299);
#6299=FILL_AREA_STYLE('Steel - Satin',(#6300));
#6300=FILL_AREA_STYLE_COLOUR('Steel - Satin',#6301);
#6301=COLOUR_RGB('Steel - Satin',0.627450980392157,0.627450980392157,0.627450980392157);
ENDSEC;
END-ISO-10303-21;
